precision,recall,f1,fpr,balanced_accuracy,n_test,n_attack,n_normal,roc_auc,pr_auc,fold_id,held_out_run,model,condition,clean_f1,clean_roc_auc,abs_f1_drop,abs_auc_drop
0.7140992167101827,0.976536597806682,0.8249488311968114,0.9302184466019418,0.5231590756023701,5569,3921,1648,0.6951473952800826,0.8582516830254796,1,10,Logistic Regression,group_unavailable_snort,0.8250753985351141,0.6951316102242592,0.00012656733830274103,-1.5785055823447358e-05
0.7142058165548099,0.9770466717674062,0.8252019386106624,0.9302184466019418,0.5234141125827323,5569,3921,1648,0.6952679497750475,0.8575036081041324,1,10,Logistic Regression,group_unavailable_control_panel,0.8250753985351141,0.6951316102242592,-0.00012654007554824265,-0.0001363395507882892
0.7072153734590283,0.994899260392757,0.8267457878563103,0.9799757281553398,0.5074617661187086,5569,3921,1648,0.6860395728254385,0.8516785311585295,1,10,Logistic Regression,group_unavailable_relay_log,0.8250753985351141,0.6951316102242592,-0.0016703893211961196,0.009092037398820696
0.7175342980642736,0.9737311910226983,0.8262280891581909,0.9120145631067961,0.5308583139579511,5569,3921,1648,0.6962087081510314,0.8574069146257683,1,10,Logistic Regression,group_unavailable_relay_status,0.8250753985351141,0.6951316102242592,-0.0011526906230767686,-0.0010770979267722414
0.7086570477247502,0.9770466717674062,0.8214860083628176,0.9557038834951457,0.5106713941361303,5569,3921,1648,0.5781185389599939,0.7649650272735307,1,10,Logistic Regression,group_unavailable_pmu_voltage,0.8250753985351141,0.6951316102242592,0.003589390172296536,0.1170130712642653
0.7127539503386005,0.9663351185921959,0.8203962325430334,0.9265776699029126,0.5198787243446417,5569,3921,1648,0.6814269319051263,0.8497446977201578,1,10,Logistic Regression,group_unavailable_pmu_current,0.8250753985351141,0.6951316102242592,0.004679165992080736,0.013704678319132912
0.7094694178334562,0.9821474113746493,0.8238314258209434,0.9569174757281553,0.512614967823247,5569,3921,1648,0.684669522833238,0.8535708954052601,1,10,Logistic Regression,group_unavailable_freq_impedance,0.8250753985351141,0.6951316102242592,0.0012439727141707602,0.010462087391021169
0.7476718403547672,0.8599846977811783,0.799905112086348,0.6905339805825242,0.584725358599327,5569,3921,1648,0.682168287884753,0.8383940619406165,1,10,Random Forest,group_unavailable_snort,0.799905112086348,0.682168287884753,0.0,0.0
0.7476718403547672,0.8599846977811783,0.799905112086348,0.6905339805825242,0.584725358599327,5569,3921,1648,0.682168287884753,0.8383940619406165,1,10,Random Forest,group_unavailable_control_panel,0.799905112086348,0.682168287884753,0.0,0.0
0.7456392139545154,0.861259882682989,0.7992899408284023,0.6990291262135923,0.5811153782346984,5569,3921,1648,0.6796504167254738,0.8367674033679626,1,10,Random Forest,group_unavailable_relay_log,0.799905112086348,0.682168287884753,0.0006151712579456348,0.0025178711592792613
0.7478376580172987,0.8599846977811783,0.8,0.6899271844660194,0.5850287566575794,5569,3921,1648,0.6816545771709712,0.8380732821681022,1,10,Random Forest,group_unavailable_relay_status,0.799905112086348,0.682168287884753,-9.488791365208638e-05,0.000513710713781812
0.7120428518655338,0.9831675592960979,0.825923942153187,0.945995145631068,0.518586206832515,5569,3921,1648,0.5212902487972407,0.7104942299296764,1,10,Random Forest,group_unavailable_pmu_voltage,0.799905112086348,0.682168287884753,-0.026018830066839027,0.1608780390875123
0.7554033811256152,0.9002805406783984,0.8215033744472888,0.6935679611650486,0.6033562897566749,5569,3921,1648,0.6981076348910398,0.84791487519516,1,10,Random Forest,group_unavailable_pmu_current,0.799905112086348,0.682168287884753,-0.021598262360940867,-0.01593934700628674
0.7339743589743589,0.8760520275439939,0.7987443320544123,0.7554611650485437,0.5602954312477251,5569,3921,1648,0.6562329769005826,0.8195289149297371,1,10,Random Forest,group_unavailable_freq_impedance,0.799905112086348,0.682168287884753,0.0011607800319356487,0.025935310984170457
0.746971736204576,0.8492731446059678,0.7948442534908701,0.6844660194174758,0.5824035625942461,5569,3921,1648,0.6980697198059738,0.8624493236835935,1,10,XGBoost,group_unavailable_snort,0.7948442534908701,0.6980697198059738,0.0,0.0
0.746971736204576,0.8492731446059678,0.7948442534908701,0.6844660194174758,0.5824035625942461,5569,3921,1648,0.6980697198059738,0.8624493236835935,1,10,XGBoost,group_unavailable_control_panel,0.7948442534908701,0.6980697198059738,0.0,0.0
0.7440053285968028,0.854628921193573,0.7954896142433234,0.6996359223300971,0.577496499431738,5569,3921,1648,0.6957582924159925,0.8616482826961369,1,10,XGBoost,group_unavailable_relay_log,0.7948442534908701,0.6980697198059738,-0.0006453607524533611,0.0023114273899812465
0.7466905990576621,0.8487630706452436,0.7944616853664359,0.6850728155339806,0.5818451275556316,5569,3921,1648,0.694865662984725,0.8603375536284661,1,10,XGBoost,group_unavailable_relay_status,0.7948442534908701,0.6980697198059738,0.0003825681244341572,0.003204056821248802
0.7134538152610441,0.9061463912267279,0.7983372654757892,0.8658980582524272,0.5201241664871503,5569,3921,1648,0.5428987521758617,0.7310597151387502,1,10,XGBoost,group_unavailable_pmu_voltage,0.7948442534908701,0.6980697198059738,-0.0034930119849191366,0.15517096763011207
0.7373317498020586,0.9500127518490181,0.8302685835283629,0.8052184466019418,0.5723971526235382,5569,3921,1648,0.7257665346912197,0.8747521421863953,1,10,XGBoost,group_unavailable_pmu_current,0.7948442534908701,0.6980697198059738,-0.03542433003749279,-0.02769681488524589
0.7427068388330942,0.7921448610048457,0.7666296433419721,0.6529126213592233,0.5696161198228112,5569,3921,1648,0.6665382970215147,0.8463800240604133,1,10,XGBoost,group_unavailable_freq_impedance,0.7948442534908701,0.6980697198059738,0.028214610148897923,0.031531422784459084
0.7318275154004107,0.9089517980107116,0.8108292571948584,0.7924757281553398,0.5582380349276859,5569,3921,1648,0.6900327276824072,0.8616293609665131,1,10,Compact MLP,group_unavailable_snort,0.8109645131938126,0.689953028626044,0.00013525599895414242,-7.969905636318053e-05
0.7319376026272578,0.9094618719714359,0.8110997384282952,0.7924757281553398,0.5584930719080481,5569,3921,1648,0.6900505245590708,0.8610348053944343,1,10,Compact MLP,group_unavailable_control_panel,0.8109645131938126,0.689953028626044,-0.00013522523448261659,-9.749593302676995e-05
0.7237479806138933,0.9140525376179546,0.8078440211878734,0.8300970873786407,0.5419777251196569,5569,3921,1648,0.6727371039189032,0.8490360020758028,1,10,Compact MLP,group_unavailable_relay_log,0.8109645131938126,0.689953028626044,0.003120492005939224,0.01721592470714084
0.7316221765913757,0.9086967610303494,0.8106017517916051,0.7930825242718447,0.5578071183792523,5569,3921,1648,0.6892555458162792,0.8602219251666554,1,10,Compact MLP,group_unavailable_relay_status,0.8109645131938126,0.689953028626044,0.00036276140220747877,0.0006974828097647823
0.6963855421686747,0.6633511859219586,0.6794670846394985,0.6881067961165048,0.48762219490272685,5569,3921,1648,0.4892285564659303,0.7145983844832433,1,10,Compact MLP,group_unavailable_pmu_voltage,0.8109645131938126,0.689953028626044,0.13149742855431412,0.20072447216011374
0.7190131192480909,0.936495791889824,0.8134692069118299,0.870752427184466,0.532871682352679,5569,3921,1648,0.667954077248968,0.8395881218994763,1,10,Compact MLP,group_unavailable_pmu_current,0.8109645131938126,0.689953028626044,-0.0025046937180173146,0.02199895137707597
0.7306273062730627,0.9089517980107116,0.810092055915445,0.7973300970873787,0.5558108504616665,5569,3921,1648,0.682796672386428,0.8566552782870509,1,10,Compact MLP,group_unavailable_freq_impedance,0.8109645131938126,0.689953028626044,0.0008724572783675999,0.0071563562396159686
0.7112890922959573,0.9787457360272894,0.8238542241855329,0.9438902743142145,0.5174277308565375,5415,3811,1604,0.6971452240561022,0.8599500728345985,2,3,Logistic Regression,group_unavailable_snort,0.8238542241855329,0.6973161755804663,0.0,0.00017095152436408245
0.7111534795042898,0.9787457360272894,0.8237632508833922,0.9445137157107232,0.5171160101582831,5415,3811,1604,0.6968713744371686,0.8598328013032157,2,3,Logistic Regression,group_unavailable_control_panel,0.8238542241855329,0.6973161755804663,9.097330214069554e-05,0.0004448011432977017
0.7052098950524738,0.9874048806087641,0.8227834262599759,0.9806733167082294,0.5033657819502674,5415,3811,1604,0.6808094562858139,0.8519245514110252,2,3,Logistic Regression,group_unavailable_relay_log,0.8238542241855329,0.6973161755804663,0.0010707979255569766,0.016506719294652417
0.7114905045079609,0.9732353712936237,0.8220301418439716,0.9376558603491272,0.5177897554722483,5415,3811,1604,0.7008125841261449,0.8627847075262872,2,3,Logistic Regression,group_unavailable_relay_status,0.8238542241855329,0.6973161755804663,0.001824082341561284,-0.0034964085456785643
0.7113343442001516,0.9847808974022566,0.826015186530208,0.949501246882793,0.5176398252597318,5415,3811,1604,0.5509046198463432,0.7517773212522344,2,3,Logistic Regression,group_unavailable_pmu_voltage,0.8238542241855329,0.6973161755804663,-0.0021609623446751103,0.14641155573412312
0.7062560153994225,0.9627394384675938,0.8147901399067289,0.9513715710723192,0.5056839336976373,5415,3811,1604,0.6703040352412069,0.8396764736065875,2,3,Logistic Regression,group_unavailable_pmu_current,0.8238542241855329,0.6973161755804663,0.009064084278804008,0.02701214033925947
0.7038089823763501,0.9745473628968775,0.8173415492957746,0.9744389027431422,0.5000542300768677,5415,3811,1604,0.6810231047937751,0.8497903358608312,2,3,Logistic Regression,group_unavailable_freq_impedance,0.8238542241855329,0.6973161755804663,0.006512674889758263,0.016293070786691177
0.7573844419391206,0.881395959065862,0.8146980354111084,0.6708229426433915,0.6052865082112352,5415,3811,1604,0.6750586960831979,0.8160605601010655,2,3,Random Forest,group_unavailable_snort,0.8146980354111084,0.6750586960831979,0.0,0.0
0.7573844419391206,0.881395959065862,0.8146980354111084,0.6708229426433915,0.6052865082112352,5415,3811,1604,0.6750586960831979,0.8160605601010655,2,3,Random Forest,group_unavailable_control_panel,0.8146980354111084,0.6750586960831979,0.0,0.0
0.7551066217732885,0.8827079506691157,0.8139366077909509,0.6801745635910225,0.6012666935390466,5415,3811,1604,0.6716502989443212,0.8128611712419026,2,3,Random Forest,group_unavailable_relay_log,0.8146980354111084,0.6750586960831979,0.0007614276201575176,0.003408397138876751
0.7568176695965743,0.8811335607452112,0.8142580019398642,0.6726932668329177,0.6042201469561468,5415,3811,1604,0.6737321449721275,0.8148543396768568,2,3,Random Forest,group_unavailable_relay_status,0.8146980354111084,0.6750586960831979,0.00044003347124421666,0.0013265511110703843
0.7202301054650048,0.9855680923642088,0.8322623532018613,0.9096009975062345,0.5379835474289872,5415,3811,1604,0.5370370976259168,0.7228430647464298,2,3,Random Forest,group_unavailable_pmu_voltage,0.8146980354111084,0.6750586960831979,-0.017564317790752848,0.13802159845728112
0.7464362850971922,0.9068485961689845,0.8188603246060894,0.7319201995012469,0.5874641983338689,5415,3811,1604,0.6867094105460567,0.8420152418860698,2,3,Random Forest,group_unavailable_pmu_current,0.8146980354111084,0.6750586960831979,-0.0041622891949809615,-0.011650714462858813
0.7405475880052151,0.8942534767777486,0.8101747295851658,0.7443890274314214,0.5749322246731636,5415,3811,1604,0.6581016953810698,0.8058631757498715,2,3,Random Forest,group_unavailable_freq_impedance,0.8146980354111084,0.6750586960831979,0.004523305825942625,0.016957000702128133
0.7618611047444419,0.8722120178430858,0.8133104966968436,0.6477556109725686,0.6122282034352586,5415,3811,1604,0.7049734951521746,0.862726143888613,2,3,XGBoost,group_unavailable_snort,0.8133104966968436,0.7049734951521746,0.0,0.0
0.7618611047444419,0.8722120178430858,0.8133104966968436,0.6477556109725686,0.6122282034352586,5415,3811,1604,0.7049734951521746,0.862726143888613,2,3,XGBoost,group_unavailable_control_panel,0.8133104966968436,0.7049734951521746,0.0,0.0
0.7582292849035187,0.8764103909734978,0.813047711781889,0.6639650872817955,0.6062226518458511,5415,3811,1604,0.7006635536584935,0.8606792382278219,2,3,XGBoost,group_unavailable_relay_log,0.8133104966968436,0.7049734951521746,0.0002627849149546835,0.004309941493681024
0.7575205104831358,0.8722120178430858,0.8108305890962313,0.6633416458852868,0.6044351859788994,5415,3811,1604,0.6986370010423952,0.8600534716144153,2,3,XGBoost,group_unavailable_relay_status,0.8133104966968436,0.7049734951521746,0.002479907600612341,0.006336494109779323
0.7179783950617284,0.9766465494620834,0.8275708727070594,0.9114713216957606,0.5325876138831614,5415,3811,1604,0.5771818322208124,0.7596102988134019,2,3,XGBoost,group_unavailable_pmu_voltage,0.8133104966968436,0.7049734951521746,-0.014260376010215792,0.12779166293136213
0.7465783664459161,0.8874311204408292,0.8109339407744874,0.71571072319202,0.5858601986244046,5415,3811,1604,0.706190604569657,0.8676869684349179,2,3,XGBoost,group_unavailable_pmu_current,0.8133104966968436,0.7049734951521746,0.002376555922356194,-0.0012171094174824315
0.7428768382352942,0.8483337706638677,0.792110743599167,0.6976309226932669,0.5753514239853005,5415,3811,1604,0.6706174736342037,0.8450990769319432,2,3,XGBoost,group_unavailable_freq_impedance,0.8133104966968436,0.7049734951521746,0.021199753097676632,0.0343560215179709
0.7424210303158787,0.918918918918919,0.8212945590994372,0.7574812967581047,0.5807188110804071,5415,3811,1604,0.6893658663626947,0.8518260554216271,2,3,Compact MLP,group_unavailable_snort,0.8212945590994372,0.6895091711812047,0.0,0.00014330481850999277
0.7424210303158787,0.918918918918919,0.8212945590994372,0.7574812967581047,0.5807188110804071,5415,3811,1604,0.6895219311992913,0.8519513137446149,2,3,Compact MLP,group_unavailable_control_panel,0.8212945590994372,0.6895091711812047,0.0,-1.2760018086588332e-05
0.7307771593485879,0.9302020467069011,0.8185176633571923,0.814214463840399,0.557993791433251,5415,3811,1604,0.6608336479713861,0.8288706828257085,2,3,Compact MLP,group_unavailable_relay_log,0.8212945590994372,0.6895091711812047,0.0027768957422448226,0.028675523209818587
0.7381404174573055,0.9186565205982682,0.8185644143090952,0.7743142144638404,0.5721711530672139,5415,3811,1604,0.6838450318705991,0.8500416686110327,2,3,Compact MLP,group_unavailable_relay_status,0.8212945590994372,0.6895091711812047,0.0027301447903419485,0.005664139310605609
0.7175433262389784,0.6192600367357649,0.6647887323943662,0.5791770573566085,0.5200414896895782,5415,3811,1604,0.5265405104399851,0.7082312187364997,2,3,Compact MLP,group_unavailable_pmu_voltage,0.8212945590994372,0.6895091711812047,0.15650582670507096,0.16296866074121963
0.7394261424017003,0.9128837575439517,0.8170502583372475,0.7643391521197007,0.5742723027121255,5415,3811,1604,0.6664742303255244,0.8192958291181036,2,3,Compact MLP,group_unavailable_pmu_current,0.8212945590994372,0.6895091711812047,0.004244300762189623,0.023034940855680253
0.7376130978026713,0.8984518499081606,0.810126582278481,0.7593516209476309,0.5695501144802648,5415,3811,1604,0.6814201376642361,0.8437313186000579,2,3,Compact MLP,group_unavailable_freq_impedance,0.8212945590994372,0.6895091711812047,0.01116797682095616,0.008089033516968547
0.6785159285159286,0.9784313725490196,0.8013305804083506,0.9350282485875706,0.5217015619807245,5340,3570,1770,0.7097061197360299,0.8447431774169969,3,9,Logistic Regression,group_unavailable_snort,0.8013305804083506,0.7097065945022076,0.0,4.747661777049217e-07
0.6785159285159286,0.9784313725490196,0.8013305804083506,0.9350282485875706,0.5217015619807245,5340,3570,1770,0.7105876022725475,0.8484957568829936,3,9,Logistic Regression,group_unavailable_control_panel,0.8013305804083506,0.7097065945022076,0.0,-0.0008810077703398367
0.6734268385140257,0.9952380952380953,0.803300926972643,0.9734463276836158,0.5108958837772397,5340,3570,1770,0.6950899681906662,0.8336336660173035,3,9,Logistic Regression,group_unavailable_relay_log,0.8013305804083506,0.7097065945022076,-0.0019703465642924023,0.01461662631154148
0.6794445530999413,0.973109243697479,0.8001842681101002,0.9259887005649717,0.5235602715662536,5340,3570,1770,0.7084487806422004,0.8438017094450336,3,9,Logistic Regression,group_unavailable_relay_status,0.8013305804083506,0.7097065945022076,0.0011463122982503515,0.0012578138600072286
0.6752873563218391,0.9873949579831933,0.8020477815699659,0.9576271186440678,0.5148839196695627,5340,3570,1770,0.5797953757774297,0.7480389097854242,3,9,Logistic Regression,group_unavailable_pmu_voltage,0.8013305804083506,0.7097065945022076,-0.0007172011616153329,0.12991121872477795
0.6771513353115727,0.9588235294117647,0.7937391304347826,0.9220338983050848,0.51839481555334,5340,3570,1770,0.7052398360474134,0.8427999277827042,3,9,Logistic Regression,group_unavailable_pmu_current,0.8013305804083506,0.7097065945022076,0.007591449973567976,0.004466758454794273
0.6707386905898072,0.984313725490196,0.7978204109433534,0.9745762711864406,0.5048687271518777,5340,3570,1770,0.6683886435930304,0.8150368117074914,3,9,Logistic Regression,group_unavailable_freq_impedance,0.8013305804083506,0.7097065945022076,0.0035101694649971593,0.041317950909177226
0.7366039533222196,0.8663865546218488,0.7962414725189857,0.6248587570621469,0.6207638987798509,5340,3570,1770,0.7273101330927851,0.8374361655885018,3,9,Random Forest,group_unavailable_snort,0.7962414725189857,0.7273101330927851,0.0,0.0
0.7366039533222196,0.8663865546218488,0.7962414725189857,0.6248587570621469,0.6207638987798509,5340,3570,1770,0.7273101330927851,0.8374361655885018,3,9,Random Forest,group_unavailable_control_panel,0.7962414725189857,0.7273101330927851,0.0,0.0
0.7357549857549858,0.8680672268907563,0.7964533538936006,0.6288135593220339,0.6196268337843612,5340,3570,1770,0.726434189495007,0.8361094031571712,3,9,Random Forest,group_unavailable_relay_log,0.7962414725189857,0.7273101330927851,-0.00021188137461491952,0.0008759435977780949
0.7366039533222196,0.8663865546218488,0.7962414725189857,0.6248587570621469,0.6207638987798509,5340,3570,1770,0.7271639842377629,0.8372914404057575,3,9,Random Forest,group_unavailable_relay_status,0.7962414725189857,0.7273101330927851,0.0,0.0001461488550222878
0.681782945736434,0.9854341736694678,0.8059564719358534,0.927683615819209,0.5288752789251294,5340,3570,1770,0.6157279748057415,0.7404120004788197,3,9,Random Forest,group_unavailable_pmu_voltage,0.7962414725189857,0.7273101330927851,-0.009714999416867709,0.11158215828704365
0.7284472633309843,0.8686274509803922,0.7923853328222819,0.6531073446327683,0.6077600531738119,5340,3570,1770,0.7015916536105967,0.8262620507312789,3,9,Random Forest,group_unavailable_pmu_current,0.7962414725189857,0.7273101330927851,0.003856139696703842,0.025718479482188417
0.7220571428571428,0.8848739495798319,0.795217117684078,0.6870056497175141,0.5989341499311589,5340,3570,1770,0.6962249758660526,0.8163894727912976,3,9,Random Forest,group_unavailable_freq_impedance,0.7962414725189857,0.7273101330927851,0.0010243548349077036,0.03108515722673255
0.753016498399409,0.8565826330532212,0.8014676975494692,0.5666666666666667,0.6449579831932772,5340,3570,1770,0.7607711785279083,0.8778679777318181,3,9,XGBoost,group_unavailable_snort,0.8014676975494692,0.7607711785279083,0.0,0.0
0.753016498399409,0.8565826330532212,0.8014676975494692,0.5666666666666667,0.6449579831932772,5340,3570,1770,0.7607711785279083,0.8778679777318181,3,9,XGBoost,group_unavailable_control_panel,0.8014676975494692,0.7607711785279083,0.0,0.0
0.7469615945551774,0.8607843137254902,0.7998438313378449,0.588135593220339,0.6363243602525757,5340,3570,1770,0.7564788175157069,0.8752522272174966,3,9,XGBoost,group_unavailable_relay_log,0.8014676975494692,0.7607711785279083,0.0016238662116243585,0.004292361012201429
0.7528919517597834,0.8568627450980392,0.8015197170182105,0.5672316384180791,0.64481555333998,5340,3570,1770,0.7614122711231385,0.8782569792403652,3,9,XGBoost,group_unavailable_relay_status,0.8014676975494692,0.7607711785279083,-5.201946874122676e-05,-0.0006410925952301527
0.6900643604183427,0.9610644257703082,0.8033247483025052,0.8706214689265537,0.5452214784218772,5340,3570,1770,0.6292050831632088,0.7815951502393303,3,9,XGBoost,group_unavailable_pmu_voltage,0.8014676975494692,0.7607711785279083,-0.0018570507530359937,0.13156609536469954
0.7206551410373067,0.8873949579831932,0.7953803665578709,0.6937853107344633,0.596804823624365,5340,3570,1770,0.7312446786624254,0.8604481897335616,3,9,XGBoost,group_unavailable_pmu_current,0.8014676975494692,0.7607711785279083,0.006087330991598305,0.029526499865482947
0.7190040650406504,0.7927170868347339,0.7540634159339196,0.6248587570621469,0.5839291648862934,5340,3570,1770,0.6884227476301255,0.8397746350172883,3,9,XGBoost,group_unavailable_freq_impedance,0.8014676975494692,0.7607711785279083,0.04740428161554966,0.07234843089778287
0.7233615693267945,0.9089635854341737,0.8056107249255213,0.7011299435028249,0.6039168209656745,5340,3570,1770,0.7149765782019023,0.8471240953978898,3,9,Compact MLP,group_unavailable_snort,0.8057589673575772,0.7152487774770926,0.0001482424320559117,0.00027219927519028797
0.7231009133437292,0.9092436974789916,0.8055590023576126,0.7022598870056497,0.603491905236671,5340,3570,1770,0.7146043615186188,0.8469796178095803,3,9,Compact MLP,group_unavailable_control_panel,0.8057589673575772,0.7152487774770926,0.00019996499996466355,0.0006444159584737541
0.7127240926978574,0.9131652661064426,0.8005893909626719,0.7423728813559322,0.5853961923752552,5340,3570,1770,0.6878084001962367,0.8157948163787095,3,9,Compact MLP,group_unavailable_relay_log,0.8057589673575772,0.7152487774770926,0.00516957639490534,0.02744037728085591
0.7231009133437292,0.9092436974789916,0.8055590023576126,0.7022598870056497,0.603491905236671,5340,3570,1770,0.7150735887575369,0.8471513083307055,3,9,Compact MLP,group_unavailable_relay_status,0.8057589673575772,0.7152487774770926,0.00019996499996466355,0.0001751887195556856
0.7042027590632018,0.6148459383753502,0.6564976820696875,0.5209039548022599,0.5469709917865452,5340,3570,1770,0.5743801927550681,0.7244674642305654,3,9,Compact MLP,group_unavailable_pmu_voltage,0.8057589673575772,0.7152487774770926,0.14926128528788973,0.14086858472202446
0.7529254429956537,0.630812324929972,0.6864807194025301,0.4175141242937853,0.6066491003180934,5340,3570,1770,0.6456354745287946,0.7825639338884707,3,9,Compact MLP,group_unavailable_pmu_current,0.8057589673575772,0.7152487774770926,0.11927824795504716,0.06961330294829804
0.7028506271379703,0.8633053221288516,0.7748585795097424,0.7361581920903955,0.5635735650192281,5340,3570,1770,0.6589275032046717,0.8173832634588072,3,9,Compact MLP,group_unavailable_freq_impedance,0.8057589673575772,0.7152487774770926,0.030900387847834887,0.05632127427242084
0.7223968565815324,0.9750729249535932,0.8299289019298047,0.9151554404145078,0.5299587422695428,5315,3771,1544,0.6979094961136462,0.8588084872376679,4,8,Logistic Regression,group_unavailable_snort,0.8299289019298047,0.6979094961136462,0.0,0.0
0.7223968565815324,0.9750729249535932,0.8299289019298047,0.9151554404145078,0.5299587422695428,5315,3771,1544,0.6979094961136462,0.8588084872376679,4,8,Logistic Regression,group_unavailable_control_panel,0.8299289019298047,0.6979094961136462,0.0,0.0
0.7164006921745818,0.9880668257756563,0.8305840392331698,0.9553108808290155,0.5163779724733204,5315,3771,1544,0.6898645649990451,0.8539967846682881,4,8,Logistic Regression,group_unavailable_relay_log,0.8299289019298047,0.6979094961136462,-0.0006551373033650831,0.008044931114601028
0.7219695471623492,0.9681782020684169,0.8271409152695968,0.9106217616580311,0.5287782202051929,5315,3771,1544,0.6972017152993324,0.8593627816538265,4,8,Logistic Regression,group_unavailable_relay_status,0.8299289019298047,0.6979094961136462,0.002787986660207964,0.0007077808143137743
0.713957055214724,0.9875364624767966,0.828752642706131,0.966321243523316,0.5106076094767402,5315,3771,1544,0.5944309449122909,0.758717566776715,4,8,Logistic Regression,group_unavailable_pmu_voltage,0.8299289019298047,0.6979094961136462,0.0011762592236737035,0.1034785512013553
0.7202700019853087,0.9620790241315301,0.8237965485921889,0.9125647668393783,0.5247571286460759,5315,3771,1544,0.6604415961462099,0.8408194738795569,4,8,Logistic Regression,group_unavailable_pmu_current,0.8299289019298047,0.6979094961136462,0.006132353337615859,0.03746789996743627
0.7172171194059019,0.9732166534075842,0.8258325832583259,0.9371761658031088,0.5180202438022377,5315,3771,1544,0.6811291997971979,0.8497521480926737,4,8,Logistic Regression,group_unavailable_freq_impedance,0.8299289019298047,0.6979094961136462,0.00409631867147886,0.016780296316448284
0.7677465459742735,0.854680456112437,0.8088844271552265,0.6314766839378239,0.6116018860873066,5315,3771,1544,0.6875480040615387,0.8304612503117248,4,8,Random Forest,group_unavailable_snort,0.8088844271552265,0.6875480040615387,0.0,0.0
0.7677465459742735,0.854680456112437,0.8088844271552265,0.6314766839378239,0.6116018860873066,5315,3771,1544,0.6875480040615387,0.8304612503117248,4,8,Random Forest,group_unavailable_control_panel,0.8088844271552265,0.6875480040615387,0.0,0.0
0.7672761814295892,0.8568019093078759,0.8095715359559008,0.6347150259067358,0.6110434417005701,5315,3771,1544,0.6863700582437829,0.8292436081308554,4,8,Random Forest,group_unavailable_relay_log,0.8088844271552265,0.6875480040615387,-0.000687108800674352,0.0011779458177557656
0.767563705644201,0.854680456112437,0.8087829360100376,0.6321243523316062,0.6112780518904154,5315,3771,1544,0.6871892187858528,0.8301938130314904,4,8,Random Forest,group_unavailable_relay_status,0.8088844271552265,0.6875480040615387,0.00010149114518887004,0.00035878527568589114
0.720961799495831,0.9859453725802174,0.8328853046594982,0.9319948186528497,0.5269752769636838,5315,3771,1544,0.5848967715164681,0.7628144667253715,4,8,Random Forest,group_unavailable_pmu_voltage,0.8088844271552265,0.6875480040615387,-0.02400087750427171,0.10265123254507058
0.7517131110095934,0.8727128082736675,0.8077064670511719,0.7040155440414507,0.5843486321161083,5315,3771,1544,0.6966361432970185,0.8482752308742655,4,8,Random Forest,group_unavailable_pmu_current,0.8088844271552265,0.6875480040615387,0.0011779601040545762,-0.009088139235479797
0.7587557603686635,0.8732431715725272,0.8119837258044631,0.6781088082901554,0.5975671816411858,5315,3771,1544,0.6831165164199653,0.8343884559547267,4,8,Random Forest,group_unavailable_freq_impedance,0.8088844271552265,0.6875480040615387,-0.003099298649236637,0.004431487641573417
0.7652740883844482,0.8403606470432247,0.8010616784630941,0.6295336787564767,0.605413484143374,5315,3771,1544,0.6987582834915492,0.8529607729360729,4,8,XGBoost,group_unavailable_snort,0.8010616784630941,0.6987582834915492,0.0,0.0
0.7652740883844482,0.8403606470432247,0.8010616784630941,0.6295336787564767,0.605413484143374,5315,3771,1544,0.6987582834915492,0.8529607729360729,4,8,XGBoost,group_unavailable_control_panel,0.8010616784630941,0.6987582834915492,0.0,0.0
0.7624070966195157,0.843277645186953,0.8008058423570888,0.6418393782383419,0.6007191334743055,5315,3771,1544,0.6967328384191878,0.8526945299073451,4,8,XGBoost,group_unavailable_relay_log,0.8010616784630941,0.6987582834915492,0.0002558361060052139,0.0020254450723614648
0.7657004830917874,0.8406258286926545,0.8014157502212109,0.6282383419689119,0.6061937433618713,5315,3771,1544,0.69786192142654,0.8521943074989166,4,8,XGBoost,group_unavailable_relay_status,0.8010616784630941,0.6987582834915492,-0.0003540717581168584,0.0008963620650092041
0.7172774869109948,0.9809069212410502,0.8286290322580645,0.944300518134715,0.5183032015531676,5315,3771,1544,0.5585847921759047,0.7528821588293488,4,8,XGBoost,group_unavailable_pmu_voltage,0.8010616784630941,0.6987582834915492,-0.02756735379497044,0.1401734913156445
0.7427479199460311,0.8758949880668258,0.8038452178145534,0.7409326424870466,0.5674811727898895,5315,3771,1544,0.6809011160987246,0.841209410680091,4,8,XGBoost,group_unavailable_pmu_current,0.8010616784630941,0.6987582834915492,-0.002783539351459363,0.017857167392824613
0.7542756539235412,0.7952797666401485,0.774235187814638,0.6327720207253886,0.58125387295738,5315,3771,1544,0.6707050190779648,0.8410169829524219,4,8,XGBoost,group_unavailable_freq_impedance,0.8010616784630941,0.6987582834915492,0.026826490648456103,0.028053264413584467
0.731728475384949,0.8947228851763458,0.8050584586017657,0.8011658031088082,0.5467785410337688,5315,3771,1544,0.6723995023378578,0.8196805065877342,4,8,Compact MLP,group_unavailable_snort,0.8050584586017657,0.6723995023378578,0.0,0.0
0.731728475384949,0.8947228851763458,0.8050584586017657,0.8011658031088082,0.5467785410337688,5315,3771,1544,0.6723995023378578,0.8196805065877342,4,8,Compact MLP,group_unavailable_control_panel,0.8050584586017657,0.6723995023378578,0.0,0.0
0.725042662116041,0.9013524264120922,0.8036410923276983,0.8348445595854922,0.5332539334133,5315,3771,1544,0.6502974534317666,0.8026405297778358,4,8,Compact MLP,group_unavailable_relay_log,0.8050584586017657,0.6723995023378578,0.001417366274067411,0.022102048906091243
0.731728475384949,0.8947228851763458,0.8050584586017657,0.8011658031088082,0.5467785410337688,5315,3771,1544,0.6722773882492927,0.8196098975707364,4,8,Compact MLP,group_unavailable_relay_status,0.8050584586017657,0.6723995023378578,0.0,0.0001221140885651062
0.7090148345378471,0.494298594537258,0.5825,0.4954663212435233,0.49941613664686735,5315,3771,1544,0.5056558917729111,0.6944742795132686,4,8,Compact MLP,group_unavailable_pmu_voltage,0.8050584586017657,0.6723995023378578,0.2225584586017657,0.1667436105649467
0.7939579090291922,0.6202598780164412,0.6964418639273485,0.39313471502590674,0.6135625814952672,5315,3771,1544,0.629468242092984,0.7806154997375234,4,8,Compact MLP,group_unavailable_pmu_current,0.8050584586017657,0.6723995023378578,0.1086165946744172,0.042931260244873815
0.7185729275970619,0.9079819676478388,0.8022492970946579,0.8685233160621761,0.5197293257928313,5315,3771,1544,0.6530434746765265,0.809591389394114,4,8,Compact MLP,group_unavailable_freq_impedance,0.8050584586017657,0.6723995023378578,0.00280916150710786,0.019356027661331376
0.6547058823529411,0.9777452415812592,0.7842630651790957,0.9462654486835035,0.5157398964488779,5276,3415,1861,0.7154757868020704,0.8347149940482967,5,15,Logistic Regression,group_unavailable_snort,0.7842630651790957,0.7156952881171115,0.0,0.00021950131504111514
0.6547058823529411,0.9777452415812592,0.7842630651790957,0.9462654486835035,0.5157398964488779,5276,3415,1861,0.7156952881171115,0.8349183781053917,5,15,Logistic Regression,group_unavailable_control_panel,0.7842630651790957,0.7156952881171115,0.0,0.0
0.6465204957102002,0.9929721815519765,0.7831408775981524,0.9962385814078453,0.49836680007206563,5276,3415,1861,0.7068995006541768,0.8291346494360702,5,15,Logistic Regression,group_unavailable_relay_log,0.7842630651790957,0.7156952881171115,0.0011221875809432902,0.008795787462934634
0.655301537248719,0.9736456808199122,0.7833667098598186,0.9398173025255239,0.5169141891471941,5276,3415,1861,0.7150452809970866,0.8346078952346792,5,15,Logistic Regression,group_unavailable_relay_status,0.7842630651790957,0.7156952881171115,0.0008963553192771201,0.0006500071200248314
0.65273747339911,0.9879941434846267,0.7861136999068034,0.9645351961311123,0.5117294736767571,5276,3415,1861,0.5627214386698378,0.7041990990181701,5,15,Logistic Regression,group_unavailable_pmu_voltage,0.7842630651790957,0.7156952881171115,-0.001850634727707634,0.15297384944727366
0.650197628458498,0.9633967789165446,0.776401179941003,0.9511015583019882,0.5061476103072782,5276,3415,1861,0.7109044948991513,0.8373584952059572,5,15,Logistic Regression,group_unavailable_pmu_current,0.7842630651790957,0.7156952881171115,0.007861885238092725,0.004790793217960165
0.6476190476190476,0.9756954612005857,0.7785046728971963,0.9742074153680816,0.500744022916252,5276,3415,1861,0.6727405329240171,0.815333151927314,5,15,Logistic Regression,group_unavailable_freq_impedance,0.7842630651790957,0.7156952881171115,0.005758392281899449,0.04295475519309433
0.72139546230788,0.8658857979502196,0.7870641469257387,0.6136485760343902,0.6261186109579148,5276,3415,1861,0.720690634531884,0.8128033750966475,5,15,Random Forest,group_unavailable_snort,0.7870641469257387,0.720690634531884,0.0,0.0
0.72139546230788,0.8658857979502196,0.7870641469257387,0.6136485760343902,0.6261186109579148,5276,3415,1861,0.720690634531884,0.8128033750966475,5,15,Random Forest,group_unavailable_control_panel,0.7870641469257387,0.720690634531884,0.0,0.0
0.7193493566399611,0.8676427525622254,0.7865675603928856,0.6211714132186996,0.6232356696717629,5276,3415,1861,0.7196035129651324,0.811582887444983,5,15,Random Forest,group_unavailable_relay_log,0.7870641469257387,0.720690634531884,0.000496586532853116,0.0010871215667516143
0.7207317073170731,0.8653001464128843,0.7864271457085829,0.615260612573885,0.6250197669194997,5276,3415,1861,0.7202984431141495,0.8124132600285167,5,15,Random Forest,group_unavailable_relay_status,0.7870641469257387,0.720690634531884,0.0006370012171558193,0.00039219141773449984
0.6599491293288985,0.987701317715959,0.791226835561811,0.9339065018807093,0.5268974079176248,5276,3415,1861,0.5806056033414551,0.702335699730754,5,15,Random Forest,group_unavailable_pmu_voltage,0.7870641469257387,0.720690634531884,-0.004162688636072276,0.14008503119042892
0.7079147267826513,0.8459736456808199,0.7708110992529349,0.6405158516926384,0.6027288969940907,5276,3415,1861,0.6931436915400733,0.8086453229063416,5,15,Random Forest,group_unavailable_pmu_current,0.7870641469257387,0.720690634531884,0.016253047672803778,0.027546942991810708
0.6963133640552995,0.8849194729136164,0.7793681495809155,0.708221386351424,0.5883490432810963,5276,3415,1861,0.6961891739433844,0.7864179968754861,5,15,Random Forest,group_unavailable_freq_impedance,0.7870641469257387,0.720690634531884,0.00769599734482318,0.024501460588499557
0.7246055226824457,0.8606149341142021,0.7867755320572882,0.600214938205266,0.630199997954468,5276,3415,1861,0.7414479848756513,0.8467696496342644,5,15,XGBoost,group_unavailable_snort,0.7867755320572882,0.7414479848756513,0.0,0.0
0.7246055226824457,0.8606149341142021,0.7867755320572882,0.600214938205266,0.630199997954468,5276,3415,1861,0.7414479848756513,0.8467696496342644,5,15,XGBoost,group_unavailable_control_panel,0.7867755320572882,0.7414479848756513,0.0,0.0
0.7215839648007822,0.8644216691068815,0.7865707434052758,0.6120365394948952,0.6261925648059932,5276,3415,1861,0.7384202828656015,0.8452745987532579,5,15,XGBoost,group_unavailable_relay_log,0.7867755320572882,0.7414479848756513,0.00020478865201245533,0.003027702010049871
0.7241804288883411,0.8603221083455344,0.7864025695931478,0.6012896292315959,0.6295162395569692,5276,3415,1861,0.7407397587688416,0.8461286984508399,5,15,XGBoost,group_unavailable_relay_status,0.7867755320572882,0.7414479848756513,0.000372962464140425,0.0007082261068097617
0.6544927536231884,0.991800878477306,0.7885913853317812,0.9607737775389575,0.5155135504691742,5276,3415,1861,0.5757265375516398,0.7109450176164656,5,15,XGBoost,group_unavailable_pmu_voltage,0.7867755320572882,0.7414479848756513,-0.0018158532744929623,0.1657214473240115
0.711764705882353,0.8503660322108345,0.7749166110740494,0.631918323481999,0.6092238543644177,5276,3415,1861,0.7264517966457996,0.8496693828867772,5,15,XGBoost,group_unavailable_pmu_current,0.7867755320572882,0.7414479848756513,0.011858920983238819,0.014996188229851715
0.7049789447609611,0.8333821376281113,0.7638217928073,0.6399785061794734,0.5967018157243189,5276,3415,1861,0.6946875174558619,0.819240961291308,5,15,XGBoost,group_unavailable_freq_impedance,0.7867755320572882,0.7414479848756513,0.022953739249988225,0.04676046741978945
0.6858012611437269,0.9235724743777453,0.7871225355627651,0.7764642665233745,0.5735541039271854,5276,3415,1861,0.7213724260717211,0.8400432981206813,5,15,Compact MLP,group_unavailable_snort,0.7871225355627651,0.721578552754663,0.0,0.0002061266829418429
0.6858012611437269,0.9235724743777453,0.7871225355627651,0.7764642665233745,0.5735541039271854,5276,3415,1861,0.721578552754663,0.8401984937689448,5,15,Compact MLP,group_unavailable_control_panel,0.7871225355627651,0.721578552754663,0.0,0.0
0.6772085178157284,0.9405563689604686,0.7874479038980142,0.8226759806555616,0.5589401941524536,5276,3415,1861,0.7064395706585748,0.8186456664537876,5,15,Compact MLP,group_unavailable_relay_log,0.7871225355627651,0.721578552754663,-0.0003253683352490988,0.015138982096088216
0.6858012611437269,0.9235724743777453,0.7871225355627651,0.7764642665233745,0.5735541039271854,5276,3415,1861,0.7215464536376246,0.8401982966263001,5,15,Compact MLP,group_unavailable_relay_status,0.7871225355627651,0.721578552754663,0.0,3.209911703838664e-05
0.6773529411764706,0.6743777452415812,0.6758620689655173,0.5894680279419667,0.5424548586498072,5276,3415,1861,0.5771536107966324,0.7036441922928065,5,15,Compact MLP,group_unavailable_pmu_voltage,0.7871225355627651,0.721578552754663,0.11126046659724786,0.14442494195803057
0.6836781609195403,0.8708638360175696,0.7660012878300064,0.739387426114992,0.5657382049512888,5276,3415,1861,0.6867730395739629,0.7973588101485057,5,15,Compact MLP,group_unavailable_pmu_current,0.7871225355627651,0.721578552754663,0.021121247732758697,0.03480551318070013
0.6668894830659536,0.8764275256222548,0.7574338858661268,0.8033315421816228,0.536547991720316,5276,3415,1861,0.6708388175881133,0.8174198268666937,5,15,Compact MLP,group_unavailable_freq_impedance,0.7871225355627651,0.721578552754663,0.029688649696638314,0.050739735166549726
0.7908432792017218,0.9815444390480816,0.8759345541228736,0.9271465741543798,0.5271989324468509,5271,4118,1153,0.6542941592492418,0.8842378122825785,6,13,Logistic Regression,group_unavailable_snort,0.8759345541228736,0.6542941592492418,0.0,0.0
0.7908432792017218,0.9815444390480816,0.8759345541228736,0.9271465741543798,0.5271989324468509,5271,4118,1153,0.6542941592492418,0.8842378122825785,6,13,Logistic Regression,group_unavailable_control_panel,0.8759345541228736,0.6542941592492418,0.0,0.0
0.7852336089213613,0.9917435648372996,0.8764888936581178,0.96877710320902,0.5114832308141398,5271,4118,1153,0.6391018299286402,0.8777175462765414,6,13,Logistic Regression,group_unavailable_relay_log,0.8759345541228736,0.6542941592492418,-0.0005543395352441971,0.01519232932060166
0.7927165354330709,0.9779018941233608,0.8756251358991085,0.9132697311361665,0.5323160814935971,5271,4118,1153,0.6527657436078023,0.883148331869409,6,13,Logistic Regression,group_unavailable_relay_status,0.8759345541228736,0.6542941592492418,0.0003094182237650678,0.0015284156414395733
0.7850665637661586,0.9881010199125789,0.87495968175465,0.9661751951431049,0.510962912384737,5271,4118,1153,0.5174050253008917,0.8093319386472237,6,13,Logistic Regression,group_unavailable_pmu_voltage,0.8759345541228736,0.6542941592492418,0.0009748723682235783,0.13688913394835012
0.7904440919904837,0.9681884409907722,0.8703339882121808,0.9167389418907199,0.5257247495500261,5271,4118,1153,0.6513990784435054,0.88198116729242,6,13,Logistic Regression,group_unavailable_pmu_current,0.8759345541228736,0.6542941592492418,0.005600565910692801,0.0028950808057364164
0.7848939069495815,0.9791160757649344,0.8713128038897893,0.95836947094536,0.5103733024097873,5271,4118,1153,0.656624377060581,0.8807299060316507,6,13,Logistic Regression,group_unavailable_freq_impedance,0.8759345541228736,0.6542941592492418,0.00462175023308431,-0.0023302178113391303
0.8177328316086547,0.8443419135502671,0.8308243727598567,0.6721595836947094,0.5860911649277788,5271,4118,1153,0.6486549015659888,0.8579116201920106,6,13,Random Forest,group_unavailable_snort,0.8308243727598567,0.6486549015659888,0.0,0.0
0.8177328316086547,0.8443419135502671,0.8308243727598567,0.6721595836947094,0.5860911649277788,5271,4118,1153,0.6486549015659888,0.8579116201920106,6,13,Random Forest,group_unavailable_control_panel,0.8308243727598567,0.6486549015659888,0.0,0.0
0.8167956837907577,0.8455560951918407,0.8309270970051307,0.6773633998265395,0.5840963476826506,5271,4118,1153,0.6455244611792537,0.8559131114747002,6,13,Random Forest,group_unavailable_relay_log,0.8308243727598567,0.6486549015659888,-0.0001027242452740218,0.003130440386735156
0.8177328316086547,0.8443419135502671,0.8308243727598567,0.6721595836947094,0.5860911649277788,5271,4118,1153,0.6477831760127413,0.8572094120943844,6,13,Random Forest,group_unavailable_relay_status,0.8308243727598567,0.6486549015659888,0.0,0.0008717255532475487
0.7884652603057867,0.9893152015541525,0.8775444264943457,0.9479618386816999,0.5206766814362264,5271,4118,1153,0.4840330375349564,0.7682779075445285,6,13,Random Forest,group_unavailable_pmu_voltage,0.8308243727598567,0.6486549015659888,-0.046720053734489064,0.1646218640310324
0.8081847279378144,0.8584264205925206,0.8325482807348092,0.7276669557675629,0.5653797324124789,5271,4118,1153,0.6676865932864285,0.8818077159970164,6,13,Random Forest,group_unavailable_pmu_current,0.8308243727598567,0.6486549015659888,-0.0017239079749525876,-0.019031691720439725
0.8135746606334842,0.8732394366197183,0.8423518388381354,0.7146574154379879,0.5792910105908652,5271,4118,1153,0.6555030755758043,0.8610551089649988,6,13,Random Forest,group_unavailable_freq_impedance,0.8308243727598567,0.6486549015659888,-0.011527466078278703,-0.006848174009815522
0.8223303219828585,0.8620689655172413,0.8417308832246592,0.6652211621856028,0.5984239016658193,5271,4118,1153,0.7029166054135021,0.9023367547030368,6,13,XGBoost,group_unavailable_snort,0.8417308832246592,0.7029166054135021,0.0,0.0
0.8223303219828585,0.8620689655172413,0.8417308832246592,0.6652211621856028,0.5984239016658193,5271,4118,1153,0.7029166054135021,0.9023367547030368,6,13,XGBoost,group_unavailable_control_panel,0.8417308832246592,0.7029166054135021,0.0,0.0
0.8208025830258303,0.8642544924720739,0.841968299030045,0.6738941890719862,0.5951801517000439,5271,4118,1153,0.7009269481770847,0.9018177321957996,6,13,XGBoost,group_unavailable_relay_log,0.8417308832246592,0.7029166054135021,-0.00023741580538583218,0.001989657236417419
0.8207503473830478,0.860611947547353,0.8402086296823139,0.6712922810060711,0.594659833270641,5271,4118,1153,0.6984109700521518,0.9006966299509866,6,13,XGBoost,group_unavailable_relay_status,0.8417308832246592,0.7029166054135021,0.0015222535423452532,0.004505635361350291
0.7859160613397902,0.9458474987858183,0.8584968040555433,0.9202081526452732,0.5128196730702725,5271,4118,1153,0.554575832541079,0.8089905165884964,6,13,XGBoost,group_unavailable_pmu_voltage,0.8417308832246592,0.7029166054135021,-0.01676592083088413,0.1483407728724231
0.8175095419847328,0.8322000971345314,0.8247894103489771,0.6634865568083261,0.5843567701631026,5271,4118,1153,0.6814123217638215,0.8937686908727283,6,13,XGBoost,group_unavailable_pmu_current,0.8417308832246592,0.7029166054135021,0.01694147287568204,0.0215042836496806
0.8119047619047619,0.8280718795531812,0.819908631882664,0.6851691240242844,0.5714513777644483,5271,4118,1153,0.6630874459304801,0.8906786517734704,6,13,XGBoost,group_unavailable_freq_impedance,0.8417308832246592,0.7029166054135021,0.021822251341995114,0.039829159483022014
0.8112760921024317,0.9154929577464789,0.8602395892755277,0.7606244579358196,0.5774342499053297,5271,4118,1153,0.6835080224445637,0.8942879776588537,6,13,Compact MLP,group_unavailable_snort,0.8602395892755277,0.6835080224445637,0.0,0.0
0.8112760921024317,0.9154929577464789,0.8602395892755277,0.7606244579358196,0.5774342499053297,5271,4118,1153,0.6835080224445637,0.8942879776588537,6,13,Compact MLP,group_unavailable_control_panel,0.8602395892755277,0.6835080224445637,0.0,0.0
0.801307740982915,0.9225352112676056,0.8576588779771983,0.8169991326973114,0.5527680392851472,5271,4118,1153,0.6585655933988956,0.8796848668533963,6,13,Compact MLP,group_unavailable_relay_log,0.8602395892755277,0.6835080224445637,0.0025807112983293745,0.024942429045668013
0.8114507102884202,0.9154929577464789,0.8603377453217709,0.7597571552471812,0.5778679012496488,5271,4118,1153,0.683848793632086,0.8943956584672044,6,13,Compact MLP,group_unavailable_relay_status,0.8602395892755277,0.6835080224445637,-9.815604624319185e-05,-0.00034077118752229296
0.8,0.6274890723652259,0.7033206314643441,0.5602775368603643,0.5336057677524308,5271,4118,1153,0.5277195667951543,0.7977842000899271,6,13,Compact MLP,group_unavailable_pmu_voltage,0.8602395892755277,0.6835080224445637,0.1569189578111836,0.15578845564940935
0.8198294243070362,0.7469645458960661,0.781702668360864,0.5862966175195143,0.5803339641882759,5271,4118,1153,0.6795046981352781,0.8846495455311054,6,13,Compact MLP,group_unavailable_pmu_current,0.8602395892755277,0.6835080224445637,0.07853692091466369,0.004003324309285516
0.7991882076479385,0.9084507042253521,0.8503239004432321,0.8152645273200347,0.5465930884526587,5271,4118,1153,0.6884475197628334,0.8921923797775618,6,13,Compact MLP,group_unavailable_freq_impedance,0.8602395892755277,0.6835080224445637,0.009915688832295544,-0.004939497318269703
0.7669998040368411,0.9861426051902242,0.8628747795414462,0.9274570982839313,0.5293427534531464,5251,3969,1282,0.7121350764839363,0.884386738432246,7,11,Logistic Regression,group_unavailable_snort,0.8628747795414462,0.7121722208268528,0.0,3.714434291657298e-05
0.7669998040368411,0.9861426051902242,0.8628747795414462,0.9274570982839313,0.5293427534531464,5251,3969,1282,0.7121722208268528,0.8844832197999938,7,11,Logistic Regression,group_unavailable_control_panel,0.8628747795414462,0.7121722208268528,0.0,0.0
0.7579250720461095,0.9939531368102796,0.8600392413342054,0.982839313572543,0.5055569116188684,5251,3969,1282,0.6916152836589654,0.8759561682743445,7,11,Logistic Regression,group_unavailable_relay_log,0.8628747795414462,0.7121722208268528,0.0028355382072408064,0.020556937167887424
0.7708745548080728,0.981607457797934,0.8635708744320071,0.9032761310452418,0.5391656633763461,5251,3969,1282,0.7161152205725417,0.8859979464013866,7,11,Logistic Regression,group_unavailable_relay_status,0.8628747795414462,0.7121722208268528,-0.0006960948905608833,-0.003942999745688902
0.7625268083447065,0.9853867472915092,0.8597493954715322,0.9500780031201248,0.5176543720856922,5251,3969,1282,0.5679265870559237,0.795607008004956,7,11,Logistic Regression,group_unavailable_pmu_voltage,0.8628747795414462,0.7121722208268528,0.003125384069914028,0.14424563377092914
0.7636938896579,0.9730410682791635,0.8557500553955241,0.9321372854914196,0.5204518913938719,5251,3969,1282,0.6934070560101315,0.8761130651504717,7,11,Logistic Regression,group_unavailable_pmu_current,0.8628747795414462,0.7121722208268528,0.007124724145922134,0.018765164816721303
0.7607385811467444,0.9861426051902242,0.858898398068905,0.9602184087363494,0.5129620982269374,5251,3969,1282,0.7021522886614633,0.8801604210316031,7,11,Logistic Regression,group_unavailable_freq_impedance,0.8628747795414462,0.7121722208268528,0.003976381472541202,0.010019932165389545
0.7936798717655141,0.873267825648778,0.831573896353167,0.702808112324493,0.5852298566621426,5251,3969,1282,0.6622332240228384,0.8505564704622282,7,11,Random Forest,group_unavailable_snort,0.831573896353167,0.6622332240228384,0.0,0.0
0.7936798717655141,0.873267825648778,0.831573896353167,0.702808112324493,0.5852298566621426,5251,3969,1282,0.6622332240228384,0.8505564704622282,7,11,Random Forest,group_unavailable_control_panel,0.831573896353167,0.6622332240228384,0.0,0.0
0.792018244013683,0.8750314940791132,0.831457984199186,0.7113884555382215,0.5818215192704458,5251,3969,1282,0.6589435913037429,0.8483418168840292,7,11,Random Forest,group_unavailable_relay_log,0.831573896353167,0.6622332240228384,0.00011591215398099042,0.0032896327190954366
0.7940435280641466,0.873267825648778,0.8317734581233501,0.7012480499219969,0.5860098878633906,5251,3969,1282,0.6615968569203841,0.8500637976911645,7,11,Random Forest,group_unavailable_relay_status,0.831573896353167,0.6622332240228384,-0.00019956177018309873,0.0006363671024542938
0.7684458398744113,0.9866465104560342,0.8639823496966355,0.9204368174726989,0.5331048464916677,5251,3969,1282,0.5815421505749119,0.7833571047753949,7,11,Random Forest,group_unavailable_pmu_voltage,0.831573896353167,0.6622332240228384,-0.032408453343468424,0.08069107344792648
0.7945418238295984,0.9022423784328546,0.8449740443605475,0.7223088923556942,0.5899667430385802,5251,3969,1282,0.6614089733657373,0.8552966142365507,7,11,Random Forest,group_unavailable_pmu_current,0.831573896353167,0.6622332240228384,-0.01340014800738043,0.0008242506571010111
0.7794871794871795,0.8808264046359284,0.827064111663118,0.7714508580343213,0.5546877733008035,5251,3969,1282,0.6438624967523267,0.8469350798053983,7,11,Random Forest,group_unavailable_freq_impedance,0.831573896353167,0.6622332240228384,0.004509784690049035,0.0183707272705117
0.7927797833935019,0.8299319727891157,0.810930576070901,0.671606864274571,0.5791625542572724,5251,3969,1282,0.6690918581565636,0.8747008861307127,7,11,XGBoost,group_unavailable_snort,0.810930576070901,0.6690918581565636,0.0,0.0
0.7927797833935019,0.8299319727891157,0.810930576070901,0.671606864274571,0.5791625542572724,5251,3969,1282,0.6690918581565636,0.8747008861307127,7,11,XGBoost,group_unavailable_control_panel,0.810930576070901,0.6690918581565636,0.0,0.0
0.7874465049928673,0.8344671201814059,0.8102752293577982,0.6973478939157566,0.5685596131328247,5251,3969,1282,0.6647412532933668,0.8727013123915344,7,11,XGBoost,group_unavailable_relay_log,0.810930576070901,0.6690918581565636,0.0006553467131028556,0.0043506048631968275
0.7923076923076923,0.8304358780549257,0.8109238528724321,0.6739469578783152,0.5782444600883052,5251,3969,1282,0.6758529146910397,0.8779496887141224,7,11,XGBoost,group_unavailable_relay_status,0.810930576070901,0.6690918581565636,6.723198468949754e-06,-0.0067610565344761175
0.7701355661881978,0.9732930209120685,0.8598775737340011,0.8993759750390016,0.5369585229365335,5251,3969,1282,0.5837996029289396,0.7948963665303288,7,11,XGBoost,group_unavailable_pmu_voltage,0.810930576070901,0.6690918581565636,-0.04894699766310007,0.08529225522762396
0.781881381707582,0.9067775258251449,0.8397106859542697,0.7831513260530422,0.5618130998860514,5251,3969,1282,0.6753480267706551,0.8763033635240589,7,11,XGBoost,group_unavailable_pmu_current,0.810930576070901,0.6690918581565636,-0.028780109883368654,-0.006256168614091506
0.7714285714285715,0.7687074829931972,0.7700656234225138,0.7051482059282371,0.53177963853248,5251,3969,1282,0.6252668398497089,0.8591705779068266,7,11,XGBoost,group_unavailable_freq_impedance,0.810930576070901,0.6690918581565636,0.04086495264838719,0.0438250183068547
0.7735206470838655,0.9155958679768204,0.8385831314180224,0.8299531981279251,0.5428213349244476,5251,3969,1282,0.6435290820551944,0.8425556452271894,7,11,Compact MLP,group_unavailable_snort,0.8385831314180224,0.643647000604136,0.0,0.00011791854894160902
0.7735206470838655,0.9155958679768204,0.8385831314180224,0.8299531981279251,0.5428213349244476,5251,3969,1282,0.643647000604136,0.8427257540150741,7,11,Compact MLP,group_unavailable_control_panel,0.8385831314180224,0.643647000604136,0.0,0.0
0.7667926112510496,0.9203829680020156,0.836596816672392,0.8666146645865834,0.5268841517077161,5251,3969,1282,0.6177683993225187,0.8246696037986316,7,11,Compact MLP,group_unavailable_relay_log,0.8385831314180224,0.643647000604136,0.00198631474563038,0.02587860128161734
0.7745098039215687,0.9155958679768204,0.8391640688142247,0.8252730109204368,0.5451614285281918,5251,3969,1282,0.6568741207698194,0.8626132727679792,7,11,Compact MLP,group_unavailable_relay_status,0.8385831314180224,0.643647000604136,-0.0005809373962022413,-0.013227120165683393
0.7658088235294118,0.5248173343411439,0.6228135745253401,0.4968798751950078,0.513968729573068,5251,3969,1282,0.5314223453291873,0.772943427345862,7,11,Compact MLP,group_unavailable_pmu_voltage,0.8385831314180224,0.643647000604136,0.2157695568926823,0.11222465527494874
0.7815172413793103,0.7137818090199043,0.7461153542270214,0.6177847113884556,0.5479985488157244,5251,3969,1282,0.5938187489706693,0.8104801910642991,7,11,Compact MLP,group_unavailable_pmu_current,0.8385831314180224,0.643647000604136,0.09246777719100108,0.049828251633466714
0.7657716655752019,0.8838498362307886,0.8205847953216374,0.8369734789391575,0.5234381786458155,5251,3969,1282,0.6079174837439454,0.8308627820657071,7,11,Compact MLP,group_unavailable_freq_impedance,0.8385831314180224,0.643647000604136,0.017998336096385015,0.03572951686019066
0.7533570300157978,0.9757033248081841,0.8502340093603744,0.9419306184012066,0.5168863532034887,5236,3910,1326,0.7076248008548295,0.8814737056828434,8,7,Logistic Regression,group_unavailable_snort,0.8502340093603744,0.7076236435947584,0.0,-1.1572600711051706e-06
0.7533570300157978,0.9757033248081841,0.8502340093603744,0.9419306184012066,0.5168863532034887,5236,3910,1326,0.7076236435947584,0.8814734863290563,8,7,Logistic Regression,group_unavailable_control_panel,0.8502340093603744,0.7076236435947584,0.0,0.0
0.7465713733822678,0.9884910485933504,0.8506657862881039,0.9894419306184012,0.49952455898747455,5236,3910,1326,0.696835086582341,0.8754284468481704,8,7,Logistic Regression,group_unavailable_relay_log,0.8502340093603744,0.7076236435947584,-0.00043177692772944365,0.010788557012417432
0.7549485352335709,0.9754475703324809,0.8511492970319126,0.9336349924585219,0.5209062889369795,5236,3910,1326,0.7089564214432578,0.8819730598429854,8,7,Logistic Regression,group_unavailable_relay_status,0.8502340093603744,0.7076236435947584,-0.0009152876715381453,-0.001332777848499389
0.7494625757279656,0.9808184143222506,0.8496732026143791,0.9668174962292609,0.5070004590464948,5236,3910,1326,0.6142180972329911,0.8096536750642775,8,7,Logistic Regression,group_unavailable_pmu_voltage,0.8502340093603744,0.7076236435947584,0.0005608067459953459,0.09340554636176723
0.7502001601281025,0.9585677749360614,0.8416797664495845,0.9411764705882353,0.508695652173913,5236,3910,1326,0.6642084533990658,0.8655826099440946,8,7,Logistic Regression,group_unavailable_pmu_current,0.8502340093603744,0.7076236435947584,0.008554242910789878,0.04341519019569262
0.747703732655853,0.9785166240409208,0.8476791846682176,0.973604826546003,0.5024558987474589,5236,3910,1326,0.6909540837779141,0.8720105802986855,8,7,Logistic Regression,group_unavailable_freq_impedance,0.8502340093603744,0.7076236435947584,0.002554824692156843,0.01666955981684426
0.796521324755778,0.8549872122762149,0.8247193783150364,0.6440422322775264,0.6054724899993442,5236,3910,1326,0.7180927968275644,0.8721063034266457,8,7,Random Forest,group_unavailable_snort,0.8247193783150364,0.7180927968275644,0.0,0.0
0.796521324755778,0.8549872122762149,0.8247193783150364,0.6440422322775264,0.6054724899993442,5236,3910,1326,0.7180927968275644,0.8721063034266457,8,7,Random Forest,group_unavailable_control_panel,0.8247193783150364,0.7180927968275644,0.0,0.0
0.7945368171021377,0.8554987212276215,0.8238916256157636,0.6523378582202112,0.6015804315037052,5236,3910,1326,0.7152942526607338,0.8702795993253987,8,7,Random Forest,group_unavailable_relay_log,0.8247193783150364,0.7180927968275644,0.0008277526992728212,0.0027985441668306743
0.795952380952381,0.8549872122762149,0.8244143033292232,0.6463046757164405,0.6043412682798872,5236,3910,1326,0.71767415799686,0.8717410949822724,8,7,Random Forest,group_unavailable_relay_status,0.8247193783150364,0.7180927968275644,0.0003050749858132251,0.0004186388307044764
0.755133972227655,0.9874680306905371,0.8558129225313089,0.9441930618401206,0.5216374844252082,5236,3910,1326,0.5755978212650397,0.7872758488767325,8,7,Random Forest,group_unavailable_pmu_voltage,0.8247193783150364,0.7180927968275644,-0.03109354421627253,0.14249497556252477
0.7900687209044558,0.9115089514066497,0.8464552903455647,0.7141779788838613,0.5986654862613943,5236,3910,1326,0.705757175976824,0.8739339605081043,8,7,Random Forest,group_unavailable_pmu_current,0.8247193783150364,0.7180927968275644,-0.02173591203052827,0.01233562085074047
0.7800365463682046,0.8734015345268542,0.8240830115830116,0.7262443438914027,0.5735785953177257,5236,3910,1326,0.6917296409021999,0.8655077267513607,8,7,Random Forest,group_unavailable_freq_impedance,0.8247193783150364,0.7180927968275644,0.000636366732024829,0.026363155925364534
0.808428190845241,0.8537084398976982,0.8304515487000871,0.5965309200603318,0.6285887599186832,5236,3910,1326,0.7492360154764246,0.9050498570388774,8,7,XGBoost,group_unavailable_snort,0.8304515487000871,0.7492360154764246,0.0,0.0
0.808428190845241,0.8537084398976982,0.8304515487000871,0.5965309200603318,0.6285887599186832,5236,3910,1326,0.7492360154764246,0.9050498570388774,8,7,XGBoost,group_unavailable_control_panel,0.8304515487000871,0.7492360154764246,0.0,0.0
0.8048019207683074,0.8572890025575448,0.8302167182662539,0.6131221719457014,0.6220834153059217,5236,3910,1326,0.7442038629341172,0.9029144095847629,8,7,XGBoost,group_unavailable_relay_log,0.8304515487000871,0.7492360154764246,0.00023483043383321078,0.005032152542307378
0.808567279767667,0.8544757033248082,0.8308878388460582,0.5965309200603318,0.6289723916322382,5236,3910,1326,0.748476467116455,0.9045853689970393,8,7,XGBoost,group_unavailable_relay_status,0.8304515487000871,0.7492360154764246,-0.0004362901459711299,0.0007595483599696085
0.7663532297628781,0.9588235294117647,0.8518518518518519,0.8619909502262444,0.5484162895927602,5236,3910,1326,0.5795644265969224,0.7943317719044132,8,7,XGBoost,group_unavailable_pmu_voltage,0.8304515487000871,0.7492360154764246,-0.021400303151764777,0.16967158887950218
0.7978388113462405,0.9063938618925831,0.8486590038314177,0.6772247360482655,0.6145845629221588,5236,3910,1326,0.7230710403382286,0.8913000640599653,8,7,XGBoost,group_unavailable_pmu_current,0.8304515487000871,0.7492360154764246,-0.018207455131330597,0.026164975138196045
0.7900330656589514,0.8554987212276215,0.8214636542239686,0.6704374057315233,0.592530657748049,5236,3910,1326,0.7164566239637701,0.8920199964954818,8,7,XGBoost,group_unavailable_freq_impedance,0.8304515487000871,0.7492360154764246,0.008987894476118474,0.03277939151265452
0.7753761390125027,0.9358056265984654,0.8480704600764862,0.799396681749623,0.5682044724244213,5236,3910,1326,0.6957142802035234,0.879225193549904,8,7,Compact MLP,group_unavailable_snort,0.8479369494668522,0.6955107953076962,-0.0001335106096340688,-0.00020348489582722173
0.7753285290377279,0.9355498721227622,0.8479369494668522,0.799396681749623,0.5680765951865696,5236,3910,1326,0.6955107953076962,0.8791646605693383,8,7,Compact MLP,group_unavailable_control_panel,0.8479369494668522,0.6955107953076962,0.0,0.0
0.7666875915463486,0.9370843989769821,0.8433651743583842,0.8408748114630468,0.5481047937569676,5236,3910,1326,0.6660999949852063,0.8612752549500264,8,7,Compact MLP,group_unavailable_relay_log,0.8479369494668522,0.6955107953076962,0.004571775108467957,0.029410800322489883
0.7758218451749734,0.9355498721227622,0.848231884057971,0.797134238310709,0.5692078169060266,5236,3910,1326,0.6956172632342333,0.8791930487488815,8,7,Compact MLP,group_unavailable_relay_status,0.8479369494668522,0.6955107953076962,-0.000294934591118845,-0.00010646792653712378
0.75939617991374,0.6304347826086957,0.6889323644494131,0.5889894419306184,0.5207226703390386,5236,3910,1326,0.5406697835537914,0.7791815411475873,8,7,Compact MLP,group_unavailable_pmu_voltage,0.8479369494668522,0.6955107953076962,0.15900458501743908,0.15484101175390486
0.7838709677419354,0.7457800511508952,0.76435124508519,0.6063348416289592,0.5697226047609679,5236,3910,1326,0.621539310195847,0.8258528138661512,8,7,Compact MLP,group_unavailable_pmu_current,0.8479369494668522,0.6955107953076962,0.08358570438166213,0.07397148511184926
0.7523908523908523,0.9255754475703325,0.830045871559633,0.8981900452488688,0.5136927011607318,5236,3910,1326,0.6678802467278472,0.8648579957117732,8,7,Compact MLP,group_unavailable_freq_impedance,0.8479369494668522,0.6955107953076962,0.01789107790721911,0.027630548579849035
0.6640780565511748,0.9658268172603534,0.7870206489675516,0.9525691699604744,0.5066288236499396,5224,3453,1771,0.6617605816789891,0.8127977654428121,9,12,Logistic Regression,group_unavailable_snort,0.7870206489675516,0.6617605816789891,0.0,0.0
0.6640780565511748,0.9658268172603534,0.7870206489675516,0.9525691699604744,0.5066288236499396,5224,3453,1771,0.6617605816789891,0.8127977654428121,9,12,Logistic Regression,group_unavailable_control_panel,0.7870206489675516,0.6617605816789891,0.0,0.0
0.6577613104524181,0.9768317405154938,0.7861554597366275,0.9909655561829475,0.4929330921662732,5224,3453,1771,0.6458706681953008,0.802198610806365,9,12,Logistic Regression,group_unavailable_relay_log,0.7870206489675516,0.6617605816789891,0.0008651892309241571,0.01588991348368829
0.6657968687274187,0.9606139588763394,0.7864848844101956,0.9401468097120271,0.5102335745821561,5224,3453,1771,0.660331861442427,0.8118719612538194,9,12,Logistic Regression,group_unavailable_relay_status,0.7870206489675516,0.6617605816789891,0.0005357645573560443,0.0014287202365621532
0.6656746031746031,0.9716188821314798,0.7900624043329801,0.9514398644833427,0.5100895088240686,5224,3453,1771,0.597780667814287,0.7428519008788383,9,12,Logistic Regression,group_unavailable_pmu_voltage,0.7870206489675516,0.6617605816789891,-0.0030417553654285,0.06397991386470214
0.6629778672032193,0.9542426875181002,0.7823815742609521,0.9457933370976849,0.5042246752102076,5224,3453,1771,0.633745106302051,0.8009440184131056,9,12,Logistic Regression,group_unavailable_pmu_current,0.7870206489675516,0.6617605816789891,0.004639074706599522,0.028015475376938048
0.6615686274509804,0.9771213437590501,0.7889629369811761,0.9745906267645398,0.5012653584972552,5224,3453,1771,0.6312855227976295,0.7953622437810197,9,12,Logistic Regression,group_unavailable_freq_impedance,0.7870206489675516,0.6617605816789891,-0.0019422880136245047,0.030475058881359596
0.7124546553808948,0.8531711555169418,0.7764891934633632,0.6713721061547149,0.5908995246811135,5224,3453,1771,0.6299072501051876,0.7507597880711496,9,12,Random Forest,group_unavailable_snort,0.7764891934633632,0.6299072501051876,0.0,0.0
0.7124546553808948,0.8531711555169418,0.7764891934633632,0.6713721061547149,0.5908995246811135,5224,3453,1771,0.6299072501051876,0.7507597880711496,9,12,Random Forest,group_unavailable_control_panel,0.7764891934633632,0.6299072501051876,0.0,0.0
0.7101903155866056,0.8537503620040544,0.7753813782219884,0.6792772444946358,0.5872365587547093,5224,3453,1771,0.6273498784925522,0.7475100359461315,9,12,Random Forest,group_unavailable_relay_log,0.7764891934633632,0.6299072501051876,0.001107815241374821,0.002557371612635362
0.7123519458544839,0.8534607587604981,0.7765480895915678,0.6719367588932806,0.5907619999336087,5224,3453,1771,0.6293210120316983,0.7498462756420473,9,12,Random Forest,group_unavailable_relay_status,0.7764891934633632,0.6299072501051876,-5.889612820464407e-05,0.0005862380734892314
0.6719305171733123,0.98580944106574,0.7991548303791525,0.9384528514963297,0.5236782947847051,5224,3453,1771,0.5175209962351578,0.6667948187218882,9,12,Random Forest,group_unavailable_pmu_voltage,0.7764891934633632,0.6299072501051876,-0.022665636915789267,0.11238625387002976
0.6954063604240283,0.8549087749782798,0.7669524551831645,0.7300959909655562,0.5624063920063618,5224,3453,1771,0.6282641482467721,0.7647107210544137,9,12,Random Forest,group_unavailable_pmu_current,0.7764891934633632,0.6299072501051876,0.009536738280198742,0.00164310185841543
0.701340730466944,0.8786562409498987,0.7800488494665124,0.7295313382269905,0.5745624513614541,5224,3453,1771,0.599161556910962,0.7021951445259509,9,12,Random Forest,group_unavailable_freq_impedance,0.7764891934633632,0.6299072501051876,-0.0035596560031492253,0.0307456931942256
0.706298828125,0.8378221836084564,0.7664591336600874,0.6792772444946358,0.5792724695569103,5224,3453,1771,0.6682365092065541,0.8213136530214555,9,12,XGBoost,group_unavailable_snort,0.7664591336600874,0.6682365092065541,0.0,0.0
0.706298828125,0.8378221836084564,0.7664591336600874,0.6792772444946358,0.5792724695569103,5224,3453,1771,0.6682365092065541,0.8213136530214555,9,12,XGBoost,group_unavailable_control_panel,0.7664591336600874,0.6682365092065541,0.0,0.0
0.7052682689973294,0.8412974225311324,0.7673005810882197,0.6854884246188594,0.5779044989561365,5224,3453,1771,0.6662755142338114,0.8200702402984208,9,12,XGBoost,group_unavailable_relay_log,0.7664591336600874,0.6682365092065541,-0.0008414474281323026,0.0019609949727427134
0.7052503052503053,0.8363741673906748,0.7652358240593534,0.6815358554488989,0.5774191559708879,5224,3453,1771,0.6663571133408327,0.8203009797945262,9,12,XGBoost,group_unavailable_relay_status,0.7664591336600874,0.6682365092065541,0.0012233096007340238,0.0018793958657213894
0.6677865612648222,0.9785693599768317,0.793844708093504,0.9491812535290797,0.5146940532238761,5224,3453,1771,0.5322386788597646,0.6740767655881843,9,12,XGBoost,group_unavailable_pmu_voltage,0.7664591336600874,0.6682365092065541,-0.027385574433416604,0.13599783034678947
0.6967038178800095,0.8508543295684912,0.7661016949152543,0.7221908526256352,0.5643317384714279,5224,3453,1771,0.6564053745521656,0.8135151216262249,9,12,XGBoost,group_unavailable_pmu_current,0.7664591336600874,0.6682365092065541,0.00035743874483318283,0.011831134654388453
0.6904701397712834,0.7868520127425427,0.7355170546832702,0.6877470355731226,0.5495524885847101,5224,3453,1771,0.623384227301426,0.7980447140504563,9,12,XGBoost,group_unavailable_freq_impedance,0.7664591336600874,0.6682365092065541,0.030942078976817222,0.04485228190512813
0.7018030513176144,0.8792354474370113,0.7805630543771693,0.7284020327498588,0.5754167073435763,5224,3453,1771,0.6720286600919699,0.8240974967224333,9,12,Compact MLP,group_unavailable_snort,0.7805630543771693,0.6720286600919699,0.0,0.0
0.7018030513176144,0.8792354474370113,0.7805630543771693,0.7284020327498588,0.5754167073435763,5224,3453,1771,0.6720286600919699,0.8240974967224333,9,12,Compact MLP,group_unavailable_control_panel,0.7805630543771693,0.6720286600919699,0.0,0.0
0.6941525810872544,0.8801042571676803,0.7761460860681906,0.7560700169395822,0.562017120114049,5224,3453,1771,0.6523456145712785,0.8010471531846705,9,12,Compact MLP,group_unavailable_relay_log,0.7805630543771693,0.6720286600919699,0.004416968308978753,0.019683045520691445
0.7019653179190751,0.8792354474370113,0.7806634096168681,0.7278373800112931,0.5756990337128591,5224,3453,1771,0.6719827094926253,0.824047497934806,9,12,Compact MLP,group_unavailable_relay_status,0.7805630543771693,0.6720286600919699,-0.00010035523969875726,4.595059934464629e-05
0.6748893105629349,0.6180133217492035,0.6452003023431595,0.5804630152456239,0.5187751532517898,5224,3453,1771,0.4874761723248861,0.646854999675684,9,12,Compact MLP,group_unavailable_pmu_voltage,0.7805630543771693,0.6720286600919699,0.13536275203400983,0.18455248776708383
0.7158127534095098,0.5624094989863887,0.6299059357768407,0.435347261434218,0.5635311187760854,5224,3453,1771,0.5954764333112084,0.7413895131730377,9,12,Compact MLP,group_unavailable_pmu_current,0.7805630543771693,0.6720286600919699,0.1506571186003286,0.07655222678076157
0.701341492115792,0.8630176657978569,0.7738249805245391,0.7165443252399775,0.5732366702789398,5224,3453,1771,0.6507010409854818,0.8058988628115985,9,12,Compact MLP,group_unavailable_freq_impedance,0.7805630543771693,0.6720286600919699,0.006738073852630255,0.02132761910648817
0.6610845295055822,0.9747207524985303,0.7878355904015205,0.9444444444444444,0.5151381540270429,5202,3402,1800,0.6361558560323992,0.7843727828427823,10,4,Logistic Regression,group_unavailable_snort,0.7878355904015205,0.6362322816643804,0.0,7.642563198118069e-05
0.6610845295055822,0.9747207524985303,0.7878355904015205,0.9444444444444444,0.5151381540270429,5202,3402,1800,0.6362304853354235,0.7845124708076789,10,4,Logistic Regression,group_unavailable_control_panel,0.7878355904015205,0.6362322816643804,0.0,1.796328956915616e-06
0.6541002720559658,0.9894179894179894,0.7875526438933084,0.9888888888888889,0.5002645502645503,5202,3402,1800,0.6201419099875889,0.7731656740570182,10,4,Logistic Regression,group_unavailable_relay_log,0.7878355904015205,0.6362322816643804,0.0002829465082121452,0.016090371676791504
0.6607788036932959,0.9676660787771899,0.7853053435114504,0.9388888888888889,0.5143885949441505,5202,3402,1800,0.634973544973545,0.7840180498345365,10,4,Logistic Regression,group_unavailable_relay_status,0.7878355904015205,0.6362322816643804,0.002530246890070087,0.001258736690835427
0.6603512926781133,0.9835390946502057,0.7901759357657339,0.9561111111111111,0.5137139917695474,5202,3402,1800,0.5254422235286433,0.6785166415226954,10,4,Logistic Regression,group_unavailable_pmu_voltage,0.7878355904015205,0.6362322816643804,-0.0023403453642133476,0.11079005813573706
0.6583850931677019,0.9659024103468548,0.7830334802811867,0.9472222222222222,0.5093400940623163,5202,3402,1800,0.6359131883205957,0.7813640526371329,10,4,Logistic Regression,group_unavailable_pmu_current,0.7878355904015205,0.6362322816643804,0.0048021101203338246,0.0003190933437846599
0.6527559055118111,0.9747207524985303,0.7818910634284367,0.98,0.49736037624926516,5202,3402,1800,0.6191344960480764,0.7738672957579475,10,4,Logistic Regression,group_unavailable_freq_impedance,0.7878355904015205,0.6362322816643804,0.005944526973083786,0.01709778561630404
0.7109207708779444,0.8783068783068783,0.7857988165680473,0.675,0.6016534391534392,5202,3402,1800,0.6529958684433993,0.7587619029311576,10,4,Random Forest,group_unavailable_snort,0.7857988165680473,0.6529958684433993,0.0,0.0
0.7109207708779444,0.8783068783068783,0.7857988165680473,0.675,0.6016534391534392,5202,3402,1800,0.6529958684433993,0.7587619029311576,10,4,Random Forest,group_unavailable_control_panel,0.7857988165680473,0.6529958684433993,0.0,0.0
0.7096774193548387,0.8794826572604351,0.7855080073510108,0.68,0.5997413286302176,5202,3402,1800,0.6498601312953165,0.7553049467610571,10,4,Random Forest,group_unavailable_relay_log,0.7857988165680473,0.6529958684433993,0.00029080921703650287,0.0031357371480827956
0.7109207708779444,0.8783068783068783,0.7857988165680473,0.675,0.6016534391534392,5202,3402,1800,0.6522281011169899,0.7578323221021521,10,4,Random Forest,group_unavailable_relay_status,0.7857988165680473,0.6529958684433993,0.0,0.0007677673264093743
0.6671971354684703,0.9858906525573192,0.7958239411555345,0.9294444444444444,0.5282231040564374,5202,3402,1800,0.557852733686067,0.6979062749375567,10,4,Random Forest,group_unavailable_pmu_voltage,0.7857988165680473,0.6529958684433993,-0.010025124587487166,0.09514313475733227
0.7055802007938361,0.8883009994121105,0.7864671437865973,0.7005555555555556,0.5938727219282774,5202,3402,1800,0.6510315827291135,0.7781779229001685,10,4,Random Forest,group_unavailable_pmu_current,0.7857988165680473,0.6529958684433993,-0.0006683272185500355,0.0019642857142857517
0.690624280119788,0.8812463256907701,0.7743768565155624,0.7461111111111111,0.5675676072898295,5202,3402,1800,0.643770494480371,0.7668624359993086,10,4,Random Forest,group_unavailable_freq_impedance,0.7857988165680473,0.6529958684433993,0.011421960052484859,0.00922537396302825
0.7073884418434528,0.8527336860670194,0.7732906837265094,0.6666666666666666,0.5930335097001763,5202,3402,1800,0.6635988634136782,0.79975489367036,10,4,XGBoost,group_unavailable_snort,0.7732906837265094,0.6635988634136782,0.0,0.0
0.7073884418434528,0.8527336860670194,0.7732906837265094,0.6666666666666666,0.5930335097001763,5202,3402,1800,0.6635988634136782,0.79975489367036,10,4,XGBoost,group_unavailable_control_panel,0.7732906837265094,0.6635988634136782,0.0,0.0
0.7055259331071255,0.8556731334509112,0.7733793836344315,0.675,0.5903365667254556,5202,3402,1800,0.6613990136521001,0.7987899392488638,10,4,XGBoost,group_unavailable_relay_log,0.7732906837265094,0.6635988634136782,-8.869990792204074e-05,0.0021998497615781654
0.7070141256697516,0.8533215755437977,0.7733084709643048,0.6683333333333333,0.5924941211052321,5202,3402,1800,0.6625360898817689,0.7981179242893901,10,4,XGBoost,group_unavailable_relay_status,0.7732906837265094,0.6635988634136782,-1.7787237795330313e-05,0.0010627735319093112
0.6655942087271265,0.9729570840681951,0.7904477611940298,0.9238888888888889,0.5245340975896531,5202,3402,1800,0.5578660428506107,0.6808850114004763,10,4,XGBoost,group_unavailable_pmu_voltage,0.7732906837265094,0.6635988634136782,-0.017157077467520376,0.10573282056306754
0.7050410316529895,0.8838918283362728,0.7844006782313813,0.6988888888888889,0.5925014697236919,5202,3402,1800,0.6874892220262591,0.8185123361387692,10,4,XGBoost,group_unavailable_pmu_current,0.7732906837265094,0.6635988634136782,-0.011109994504871823,-0.02389035861258082
0.6874384236453202,0.8203997648442093,0.7480568212275529,0.705,0.5576998824221047,5202,3402,1800,0.616335325625449,0.7742020396725249,10,4,XGBoost,group_unavailable_freq_impedance,0.7732906837265094,0.6635988634136782,0.02523386249895654,0.047263537788229226
0.6996353691886964,0.9024103468547913,0.7881899871630296,0.7322222222222222,0.5850940623162846,5202,3402,1800,0.692366255144033,0.8178362396536636,10,4,Compact MLP,group_unavailable_snort,0.7881899871630296,0.6923985890652558,0.0,3.233392122270473e-05
0.6996353691886964,0.9024103468547913,0.7881899871630296,0.7322222222222222,0.5850940623162846,5202,3402,1800,0.6923785028414657,0.8178958124193101,10,4,Compact MLP,group_unavailable_control_panel,0.7881899871630296,0.6923985890652558,0.0,2.008622379001679e-05
0.6915678819056139,0.9088771310993533,0.7854693255429951,0.7661111111111111,0.5713830099941211,5202,3402,1800,0.6691158795479784,0.792132642312294,10,4,Compact MLP,group_unavailable_relay_log,0.7881899871630296,0.6923985890652558,0.0027206616200344813,0.0232827095172774
0.6994759626338574,0.9024103468547913,0.7880888204338339,0.7327777777777778,0.5848162845385068,5202,3402,1800,0.692212097459011,0.817695154787432,10,4,Compact MLP,group_unavailable_relay_status,0.7881899871630296,0.6923985890652558,0.0001011667291956897,0.00018649160624473193
0.6626819126819127,0.7495590828924162,0.7034482758620689,0.7211111111111111,0.5142239858906525,5202,3402,1800,0.45395665948135083,0.6094209931377774,10,4,Compact MLP,group_unavailable_pmu_voltage,0.7881899871630296,0.6923985890652558,0.08474171130096064,0.23844192958390492
0.7157784743991641,0.805408583186361,0.7579529737206085,0.6044444444444445,0.6004820693709583,5202,3402,1800,0.6637980926252531,0.7727820043708791,10,4,Compact MLP,group_unavailable_pmu_current,0.7881899871630296,0.6923985890652558,0.030237013442421024,0.02860049644000262
0.6972235519387266,0.8562610229276896,0.7686015831134565,0.7027777777777777,0.5767416225749559,5202,3402,1800,0.6545679012345679,0.798033246483921,10,4,Compact MLP,group_unavailable_freq_impedance,0.7881899871630296,0.6923985890652558,0.01958840404957307,0.03783068783068788
0.7329638752052545,0.9703804347826087,0.8351262862488307,0.8784604996623903,0.5459599675601092,5161,3680,1481,0.6432402827114464,0.8343258203655388,11,5,Logistic Regression,group_unavailable_snort,0.8351262862488307,0.6432402827114464,0.0,0.0
0.7329638752052545,0.9703804347826087,0.8351262862488307,0.8784604996623903,0.5459599675601092,5161,3680,1481,0.6432402827114464,0.8343258203655388,11,5,Logistic Regression,group_unavailable_control_panel,0.8351262862488307,0.6432402827114464,0.0,0.0
0.7264547090581883,0.9872282608695652,0.8370003455823062,0.9237002025658338,0.5317640291518656,5161,3680,1481,0.6280790373719285,0.8260451180007455,11,5,Logistic Regression,group_unavailable_relay_log,0.8351262862488307,0.6432402827114464,-0.0018740593334755085,0.015161245339517904
0.7334159950402975,0.9644021739130435,0.8331963845521775,0.8710330857528696,0.5466845440800869,5161,3680,1481,0.6433716569298066,0.8344426445203237,11,5,Logistic Regression,group_unavailable_relay_status,0.8351262862488307,0.6432402827114464,0.0019299016966531912,-0.0001313742183601807
0.7177755710029792,0.9820652173913044,0.8293746414228342,0.9594868332207968,0.5112891920852538,5161,3680,1481,0.5751926577224555,0.7761381890149117,11,5,Logistic Regression,group_unavailable_pmu_voltage,0.8351262862488307,0.6432402827114464,0.005751644825996438,0.06804762498899086
0.7319006885040684,0.9532608695652174,0.8280420158149416,0.8676569885212694,0.542801940521974,5161,3680,1481,0.6674654317000851,0.8419644459779922,11,5,Logistic Regression,group_unavailable_pmu_current,0.8351262862488307,0.6432402827114464,0.007084270433889039,-0.0242251489886387
0.727235936867665,0.9766304347826087,0.8336812804453723,0.9101958136394328,0.5332173105715879,5161,3680,1481,0.5800307518421748,0.7940015488115915,11,5,Logistic Regression,group_unavailable_freq_impedance,0.8351262862488307,0.6432402827114464,0.0014450058034584101,0.06320953086927161
0.7629402032616402,0.8771739130434782,0.8160788775123247,0.6772451046590142,0.5999644041922321,5161,3680,1481,0.6821172349763673,0.8143493552917246,11,5,Random Forest,group_unavailable_snort,0.8160788775123247,0.6821172349763673,0.0,0.0
0.7629402032616402,0.8771739130434782,0.8160788775123247,0.6772451046590142,0.5999644041922321,5161,3680,1481,0.6821172349763673,0.8143493552917246,11,5,Random Forest,group_unavailable_control_panel,0.8160788775123247,0.6821172349763673,0.0,0.0
0.7621290626471974,0.8793478260869565,0.8165531163260157,0.6819716407832546,0.598688092651851,5161,3680,1481,0.6804485438745853,0.8122406468371538,11,5,Random Forest,group_unavailable_relay_log,0.8160788775123247,0.6821172349763673,-0.00047423881369101917,0.0016686911017820272
0.7627599243856332,0.8771739130434782,0.8159757330637007,0.6779203241053342,0.599626794469072,5161,3680,1481,0.6815063265126382,0.8136954041601683,11,5,Random Forest,group_unavailable_relay_status,0.8160788775123247,0.6821172349763673,0.00010314444862391525,0.0006109084637291318
0.7225767850019944,0.9845108695652174,0.8334483551874856,0.9392302498311952,0.5226403098670112,5161,3680,1481,0.5881989805654229,0.7612935207590709,11,5,Random Forest,group_unavailable_pmu_voltage,0.8160788775123247,0.6821172349763673,-0.01736947767516095,0.09391825441094448
0.7542871141597256,0.8366847826086956,0.7933522288070085,0.6772451046590142,0.5797198389748407,5161,3680,1481,0.661583407949975,0.8329436903567775,11,5,Random Forest,group_unavailable_pmu_current,0.8160788775123247,0.6821172349763673,0.022726648705316155,0.020533827026392282
0.7528193325661681,0.8888586956521739,0.815202492211838,0.725185685347738,0.581836505152218,5161,3680,1481,0.6593689450430086,0.805952354728286,11,5,Random Forest,group_unavailable_freq_impedance,0.8160788775123247,0.6821172349763673,0.0008763853004866151,0.022748289933358756
0.7683491831260668,0.85625,0.8099216039069528,0.6414584740040513,0.6073957629979743,5161,3680,1481,0.6855152584916184,0.8514951810476261,11,5,XGBoost,group_unavailable_snort,0.8099216039069528,0.6855152584916184,0.0,0.0
0.7683491831260668,0.85625,0.8099216039069528,0.6414584740040513,0.6073957629979743,5161,3680,1481,0.6855152584916184,0.8514951810476261,11,5,XGBoost,group_unavailable_control_panel,0.8099216039069528,0.6855152584916184,0.0,0.0
0.7650048402710552,0.8589673913043478,0.8092677931387608,0.6556380823767725,0.6016646544637877,5161,3680,1481,0.6831512564953176,0.8509201033215997,11,5,XGBoost,group_unavailable_relay_log,0.8099216039069528,0.6855152584916184,0.0006538107681919314,0.002364001996300824
0.7676743052169673,0.8557065217391304,0.8093035209457723,0.6434841323430115,0.6061111946980595,5161,3680,1481,0.6833389601620526,0.8498775631745545,11,5,XGBoost,group_unavailable_relay_status,0.8099216039069528,0.6855152584916184,0.0006180829611804883,0.0021762983295657845
0.7223113964686998,0.9782608695652174,0.8310249307479224,0.9345037137069547,0.5218785779291313,5161,3680,1481,0.5925108438775211,0.7750438704929692,11,5,XGBoost,group_unavailable_pmu_voltage,0.8099216039069528,0.6855152584916184,-0.021103326840969605,0.09300441461409736
0.7710588856614735,0.7934782608695652,0.7821079416097496,0.5854152599594868,0.6040315004550392,5161,3680,1481,0.6902263819980625,0.8531747391259568,11,5,XGBoost,group_unavailable_pmu_current,0.8099216039069528,0.6855152584916184,0.027813662297203168,-0.004711123506444093
0.7474214439913648,0.8467391304347827,0.7939864950949166,0.7110060769750168,0.5678665267298829,5161,3680,1481,0.6328289676481813,0.828254342677094,11,5,XGBoost,group_unavailable_freq_impedance,0.8099216039069528,0.6855152584916184,0.01593510881203619,0.05268629084343712
0.742653810835629,0.8790760869565217,0.8051269288203086,0.7569209993247805,0.5610775438158706,5161,3680,1481,0.658629047647007,0.839640598898647,11,5,Compact MLP,group_unavailable_snort,0.8051269288203086,0.658629047647007,0.0,0.0
0.742653810835629,0.8790760869565217,0.8051269288203086,0.7569209993247805,0.5610775438158706,5161,3680,1481,0.658629047647007,0.839640598898647,11,5,Compact MLP,group_unavailable_control_panel,0.8051269288203086,0.658629047647007,0.0,0.0
0.7327798967915639,0.8875,0.802752857318422,0.8041863605671843,0.5416568197164078,5161,3680,1481,0.6297935076182368,0.8105694291066458,11,5,Compact MLP,group_unavailable_relay_log,0.8051269288203086,0.658629047647007,0.00237407150188651,0.0288355400287702
0.7427652733118971,0.878804347826087,0.8050784167289021,0.7562457798784605,0.5612792839738132,5161,3680,1481,0.6587822564072454,0.8397294643042217,11,5,Compact MLP,group_unavailable_relay_status,0.8051269288203086,0.658629047647007,4.851209140643853e-05,-0.00015320876023838803
0.7749716231555052,0.7421195652173913,0.7581898945030539,0.5354490209318028,0.6033352721427943,5161,3680,1481,0.6225875583477674,0.7964419654118405,11,5,Compact MLP,group_unavailable_pmu_voltage,0.8051269288203086,0.658629047647007,0.04693703431725471,0.03604148929923967
0.7267825044937088,0.6592391304347827,0.6913650612710174,0.6158001350438893,0.5217194976954467,5161,3680,1481,0.5689437586237267,0.7719681414196795,11,5,Compact MLP,group_unavailable_pmu_current,0.8051269288203086,0.658629047647007,0.11376186754929118,0.08968528902328032
0.7240704500978473,0.8043478260869565,0.7621009268795057,0.761647535449021,0.5213501453189678,5161,3680,1481,0.5472835261133782,0.7749307254195466,11,5,Compact MLP,group_unavailable_freq_impedance,0.8051269288203086,0.658629047647007,0.04302600194080286,0.11134552153362887
0.7475076297049847,0.9766081871345029,0.8468364642157428,0.9172209903917221,0.5296935983713904,5115,3762,1353,0.6810350755385182,0.8686085669257152,12,14,Logistic Regression,group_unavailable_snort,0.8468364642157428,0.6810350755385182,0.0,0.0
0.7475076297049847,0.9766081871345029,0.8468364642157428,0.9172209903917221,0.5296935983713904,5115,3762,1353,0.6810350755385182,0.8686085669257152,12,14,Logistic Regression,group_unavailable_control_panel,0.8468364642157428,0.6810350755385182,0.0,0.0
0.7381422924901185,0.992822966507177,0.8467467694400362,0.9793052475979305,0.5067588594546233,5115,3762,1353,0.6624538849419233,0.8586312614275331,12,14,Logistic Regression,group_unavailable_relay_log,0.8468364642157428,0.6810350755385182,8.969477570652806e-05,0.01858119059659491
0.7477477477477478,0.9707602339181286,0.8447837150127226,0.9105691056910569,0.5300955641135359,5115,3762,1353,0.6820653337749848,0.8690699860585098,12,14,Logistic Regression,group_unavailable_relay_status,0.8468364642157428,0.6810350755385182,0.002052749203020121,-0.0010302582364666302
0.7426900584795322,0.9790005316321105,0.8446279096433895,0.943089430894309,0.5179555503689008,5115,3762,1353,0.5569970133513137,0.7719217894418964,12,14,Logistic Regression,group_unavailable_pmu_voltage,0.8468364642157428,0.6810350755385182,0.0022085545723532496,0.12403806218720448
0.7445852063751532,0.9686337054758107,0.8419593345656192,0.9238728750923872,0.5223804151917117,5115,3762,1353,0.6835036481436294,0.8641281075048952,12,14,Logistic Regression,group_unavailable_pmu_current,0.8468364642157428,0.6810350755385182,0.004877129650123546,-0.002468572605111241
0.742363344051447,0.9819245082402978,0.8455024032959487,0.9475240206947524,0.5172002437727726,5115,3762,1353,0.6701358314148604,0.8590339137276912,12,14,Logistic Regression,group_unavailable_freq_impedance,0.8468364642157428,0.6810350755385182,0.0013340609197940445,0.010899244123657725
0.7690642290113062,0.8498139287612971,0.807425179946963,0.7095343680709535,0.5701397803451719,5115,3762,1353,0.6562797029304206,0.8396626497369171,12,14,Random Forest,group_unavailable_snort,0.807425179946963,0.6562797029304206,0.0,0.0
0.7690642290113062,0.8498139287612971,0.807425179946963,0.7095343680709535,0.5701397803451719,5115,3762,1353,0.6562797029304206,0.8396626497369171,12,14,Random Forest,group_unavailable_control_panel,0.807425179946963,0.6562797029304206,0.0,0.0
0.7657183839349749,0.8514088250930356,0.8062932662051605,0.7243163340724317,0.563546245510302,5115,3762,1353,0.653346001344601,0.8378449805687059,12,14,Random Forest,group_unavailable_relay_log,0.807425179946963,0.6562797029304206,0.0011319137418024372,0.002933701585819626
0.7687680461982676,0.8492822966507177,0.8070219752462743,0.7102734663710274,0.5695044151398452,5115,3762,1353,0.6557145736746623,0.8392318538067811,12,14,Random Forest,group_unavailable_relay_status,0.807425179946963,0.6562797029304206,0.0004032047006886641,0.0005651292557582455
0.7433219521992368,0.9837852206273259,0.8468138656904244,0.9445676274944568,0.5196087965664345,5115,3762,1353,0.5684465536840375,0.7640824175009749,12,14,Random Forest,group_unavailable_pmu_voltage,0.807425179946963,0.6562797029304206,-0.03938868574346144,0.08783314924638308
0.7614869545139691,0.8766613503455609,0.815025330532559,0.7634885439763488,0.5565864031846061,5115,3762,1353,0.6789512780585252,0.8554241177344393,12,14,Random Forest,group_unavailable_pmu_current,0.807425179946963,0.6562797029304206,-0.007600150585596044,-0.022671575128104582
0.7606994937873907,0.8787878787878788,0.8154908732116428,0.7686622320768662,0.5550628233555063,5115,3762,1353,0.6437563875421268,0.8196051797943954,12,14,Random Forest,group_unavailable_freq_impedance,0.807425179946963,0.6562797029304206,-0.008065693264679874,0.012523315388293765
0.7735073724921441,0.8506113769271664,0.8102291429294848,0.6925351071692535,0.5790381348789564,5115,3762,1353,0.6925633980132755,0.8774012416569025,12,14,XGBoost,group_unavailable_snort,0.8102291429294848,0.6925633980132755,0.0,0.0
0.7735073724921441,0.8506113769271664,0.8102291429294848,0.6925351071692535,0.5790381348789564,5115,3762,1353,0.6925633980132755,0.8774012416569025,12,14,XGBoost,group_unavailable_control_panel,0.8102291429294848,0.6925633980132755,0.0,0.0
0.7708881972707685,0.8559276980329612,0.8111852878196246,0.7073170731707317,0.5743053124311147,5115,3762,1353,0.6886382398694221,0.8760410958376875,12,14,XGBoost,group_unavailable_relay_log,0.8102291429294848,0.6925633980132755,-0.0009561448901398428,0.003925158143853413
0.7720144752714113,0.8506113769271664,0.8094093840900468,0.6984478935698448,0.5760817416786608,5115,3762,1353,0.6906127050251218,0.8766160597807899,12,14,XGBoost,group_unavailable_relay_status,0.8102291429294848,0.6925633980132755,0.0008197588394379673,0.0019506929881536461
0.7400318979266348,0.986709197235513,0.8457507404875826,0.9637841832963784,0.5114625069695673,5115,3762,1353,0.5802453091226577,0.783753645943799,12,14,XGBoost,group_unavailable_pmu_voltage,0.8102291429294848,0.6925633980132755,-0.035521597558097806,0.11231808889061778
0.7667679364337462,0.8721424774056353,0.8160676532769556,0.7376201034737621,0.5672611869659366,5115,3762,1353,0.6746068653234016,0.8670171613399301,12,14,XGBoost,group_unavailable_pmu_current,0.8102291429294848,0.6925633980132755,-0.005838510347470849,0.01795653268987385
0.7637403630937578,0.81632110579479,0.7891558524990364,0.7021433850702143,0.5570888603622879,5115,3762,1353,0.6517866650320845,0.8588964301212088,12,14,XGBoost,group_unavailable_freq_impedance,0.8102291429294848,0.6925633980132755,0.021073290430448366,0.040776732981191
0.760623869801085,0.8944710260499734,0.8221353530417786,0.7827050997782705,0.5558829631358515,5115,3762,1353,0.6667580225171543,0.8612600963990139,12,14,Compact MLP,group_unavailable_snort,0.8221353530417786,0.6667580225171543,0.0,0.0
0.760623869801085,0.8944710260499734,0.8221353530417786,0.7827050997782705,0.5558829631358515,5115,3762,1353,0.6667580225171543,0.8612600963990139,12,14,Compact MLP,group_unavailable_control_panel,0.8221353530417786,0.6667580225171543,0.0,0.0
0.7509367423407538,0.9056353003721425,0.8210627786480299,0.8351810790835181,0.5352271106443122,5115,3762,1353,0.6435622809178649,0.8475017655909898,12,14,Compact MLP,group_unavailable_relay_log,0.8221353530417786,0.6667580225171543,0.0010725743937487486,0.023195741599289388
0.7611940298507462,0.8947368421052632,0.8225806451612904,0.7804878048780488,0.5571245186136072,5115,3762,1353,0.6671161767439047,0.861397797558858,12,14,Compact MLP,group_unavailable_relay_status,0.8221353530417786,0.6667580225171543,-0.0004452921195117199,-0.00035815422675034014
0.7585470085470085,0.6605528973950027,0.7061665245808468,0.5846267553584626,0.53796307101827,5115,3762,1353,0.5715913560469519,0.7837106818106894,12,14,Compact MLP,group_unavailable_pmu_voltage,0.8221353530417786,0.6667580225171543,0.11596882846093182,0.09516666647020244
0.7678952991452992,0.764221158958001,0.7660538236077804,0.6422764227642277,0.5609723680968867,5115,3762,1353,0.6298907305442489,0.8326668721778844,12,14,Compact MLP,group_unavailable_pmu_current,0.8221353530417786,0.6667580225171543,0.056081529433998245,0.03686729197290539
0.7628111273792094,0.8309409888357256,0.7954198473282442,0.7184035476718403,0.5562687205819427,5115,3762,1353,0.6276748108933895,0.841957945859193,12,14,Compact MLP,group_unavailable_freq_impedance,0.8221353530417786,0.6667580225171543,0.026715505713534426,0.039083211623764824
0.7049180327868853,0.975886524822695,0.8185603807257584,0.9326424870466321,0.5216220188880314,5069,3525,1544,0.7269211406313159,0.8672218548277093,13,2,Logistic Regression,group_unavailable_snort,0.8185603807257584,0.7269211406313159,0.0,0.0
0.7049180327868853,0.975886524822695,0.8185603807257584,0.9326424870466321,0.5216220188880314,5069,3525,1544,0.7269211406313159,0.8672218548277093,13,2,Logistic Regression,group_unavailable_control_panel,0.8185603807257584,0.7269211406313159,0.0,0.0
0.6991168205539944,0.9880851063829788,0.8188550605383802,0.9708549222797928,0.508615092051593,5069,3525,1544,0.7138364017197663,0.8595634222152817,13,2,Logistic Regression,group_unavailable_relay_log,0.8185603807257584,0.7269211406313159,-0.00029467981262176757,0.013084738911549598
0.7059673755936403,0.9699290780141844,0.8171606118546845,0.9222797927461139,0.5238246426340352,5069,3525,1544,0.726020284422886,0.8665261117142165,13,2,Logistic Regression,group_unavailable_relay_status,0.8185603807257584,0.7269211406313159,0.0013997688710739586,0.0009008562084298344
0.7030204743563754,0.9838297872340426,0.8200520217545519,0.9488341968911918,0.5174977951714255,5069,3525,1544,0.6256269062580384,0.7826711925245212,13,2,Logistic Regression,group_unavailable_pmu_voltage,0.8185603807257584,0.7269211406313159,-0.0014916410287935111,0.10129423437327745
0.7021716649431231,0.9631205673758865,0.812200956937799,0.9326424870466321,0.5152390401646272,5069,3525,1544,0.697756403189652,0.8495869626898863,13,2,Logistic Regression,group_unavailable_pmu_current,0.8185603807257584,0.7269211406313159,0.006359423787959395,0.029164737441663813
0.6997367888236485,0.9804255319148936,0.8166351606805293,0.9604922279792746,0.5099666519678094,5069,3525,1544,0.692066291845809,0.8565263394472349,13,2,Logistic Regression,group_unavailable_freq_impedance,0.8185603807257584,0.7269211406313159,0.0019252200452291035,0.03485484878550682
0.7394711067580804,0.8567375886524823,0.7937968195557892,0.689119170984456,0.5838092088340132,5069,3525,1544,0.6585057693014368,0.804713193344207,13,2,Random Forest,group_unavailable_snort,0.7937968195557892,0.6585057693014368,0.0,0.0
0.7394711067580804,0.8567375886524823,0.7937968195557892,0.689119170984456,0.5838092088340132,5069,3525,1544,0.6585057693014368,0.804713193344207,13,2,Random Forest,group_unavailable_control_panel,0.7937968195557892,0.6585057693014368,0.0,0.0
0.7385892116182573,0.8584397163120567,0.794017318289163,0.6936528497409327,0.582393433285562,5069,3525,1544,0.656231396758902,0.8021612756695284,13,2,Random Forest,group_unavailable_relay_log,0.7937968195557892,0.6585057693014368,-0.00022049873337381953,0.0022743725425348194
0.7395884370406663,0.8564539007092199,0.7937426054949389,0.6884715025906736,0.5839911990592732,5069,3525,1544,0.6582139969867342,0.804248234598574,13,2,Random Forest,group_unavailable_relay_status,0.7937968195557892,0.6585057693014368,5.4214060850266144e-05,0.00029177231470256526
0.7035843737414418,0.9912056737588653,0.8229890472264751,0.9533678756476683,0.5189188990555984,5069,3525,1544,0.5681393084187705,0.742238072786078,13,2,Random Forest,group_unavailable_pmu_voltage,0.7937968195557892,0.6585057693014368,-0.029192227670685966,0.09036646088266631
0.7346134908911867,0.8465248226950355,0.7866086727296692,0.6981865284974094,0.5741691470988131,5069,3525,1544,0.6666916547238453,0.8309608541372744,13,2,Random Forest,group_unavailable_pmu_current,0.7937968195557892,0.6585057693014368,0.007188146826120012,-0.008185885422408501
0.7156050201278712,0.8573049645390071,0.780072276716572,0.7778497409326425,0.5397276118031823,5069,3525,1544,0.6251408334252011,0.8043337417634843,13,2,Random Forest,group_unavailable_freq_impedance,0.7937968195557892,0.6585057693014368,0.013724542839217202,0.03336493587623568
0.7488473671438971,0.8754609929078014,0.8072194611561601,0.6703367875647669,0.6025621026715173,5069,3525,1544,0.6995825524565465,0.8556350163332439,13,2,XGBoost,group_unavailable_snort,0.8072194611561601,0.6995825524565465,0.0,0.0
0.7488473671438971,0.8754609929078014,0.8072194611561601,0.6703367875647669,0.6025621026715173,5069,3525,1544,0.6995825524565465,0.8556350163332439,13,2,XGBoost,group_unavailable_control_panel,0.8072194611561601,0.6995825524565465,0.0,0.0
0.7460355598270062,0.8808510638297873,0.8078574216209184,0.6845854922279793,0.598132785800904,5069,3525,1544,0.6970218278028883,0.8546649785005089,13,2,XGBoost,group_unavailable_relay_log,0.8072194611561601,0.6995825524565465,-0.0006379604647583914,0.0025607246536581973
0.7484246243334949,0.8760283687943262,0.8072147431708273,0.6722797927461139,0.6018742880241061,5069,3525,1544,0.6983809208834013,0.8550233043743366,13,2,XGBoost,group_unavailable_relay_status,0.8072194611561601,0.6995825524565465,4.717985332747254e-06,0.0012016315731452343
0.7038406243581844,0.9721985815602837,0.8165356206814391,0.9339378238341969,0.5191303788630434,5069,3525,1544,0.5758576783155109,0.7583475110114979,13,2,XGBoost,group_unavailable_pmu_voltage,0.8072194611561601,0.6995825524565465,-0.009316159525279089,0.12372487414103561
0.7529500376600552,0.8507801418439717,0.7988811933937133,0.6373056994818653,0.6067372211810532,5069,3525,1544,0.7036157351265939,0.8578372748016556,13,2,XGBoost,group_unavailable_pmu_current,0.8072194611561601,0.6995825524565465,0.008338267762446727,-0.004033182670047375
0.7209077740222115,0.8470921985815603,0.7789226555367158,0.7487046632124352,0.5491937676845625,5069,3525,1544,0.6429851541542645,0.8302427744021161,13,2,XGBoost,group_unavailable_freq_impedance,0.8072194611561601,0.6995825524565465,0.028296805619444254,0.056597398302282054
0.7351502445842069,0.8953191489361703,0.807367613200307,0.7363989637305699,0.5794600926028002,5069,3525,1544,0.6882515709403594,0.8379892301615324,13,2,Compact MLP,group_unavailable_snort,0.807367613200307,0.6882515709403594,0.0,0.0
0.7351502445842069,0.8953191489361703,0.807367613200307,0.7363989637305699,0.5794600926028002,5069,3525,1544,0.6882515709403594,0.8379892301615324,13,2,Compact MLP,group_unavailable_control_panel,0.807367613200307,0.6882515709403594,0.0,0.0
0.7298850574712644,0.900709219858156,0.8063492063492064,0.7610103626943006,0.5698494285819278,5069,3525,1544,0.673248079961783,0.8205879766400673,13,2,Compact MLP,group_unavailable_relay_log,0.807367613200307,0.6882515709403594,0.0010184068511006616,0.01500349097857634
0.7351363954301702,0.894468085106383,0.8070130534937292,0.7357512953367875,0.5793583948847977,5069,3525,1544,0.6882563480689377,0.8379644695436547,13,2,Compact MLP,group_unavailable_relay_status,0.807367613200307,0.6882515709403594,0.0003545597065778283,-4.777128578270506e-06
0.6923551171393342,0.6371631205673759,0.6636135322795095,0.6463730569948186,0.49539503178627864,5069,3525,1544,0.522838165582626,0.7161505957027686,13,2,Compact MLP,group_unavailable_pmu_voltage,0.807367613200307,0.6882515709403594,0.14375408092079756,0.1654134053577334
0.7561939905113337,0.8139007092198581,0.7839868834540238,0.5990932642487047,0.6074037224855767,5069,3525,1544,0.6622979825818543,0.8087959837289251,13,2,Compact MLP,group_unavailable_pmu_current,0.807367613200307,0.6882515709403594,0.023380729746283246,0.02595358835850503
0.7191582002902758,0.843404255319149,0.7763415589502546,0.7519430051813472,0.5457306250689009,5069,3525,1544,0.6474657332892368,0.817380251437404,13,2,Compact MLP,group_unavailable_freq_impedance,0.807367613200307,0.6882515709403594,0.03102605425005245,0.040785837651122536
0.7064718162839249,0.9696275071633238,0.8173913043478261,0.9519295870006771,0.5088489600813234,4967,3490,1477,0.6473054844773636,0.8268052971163453,14,6,Logistic Regression,group_unavailable_snort,0.817534114237411,0.6479578949818905,0.00014280988958481622,0.0006524105045269124
0.7065330828637028,0.9699140401146131,0.817534114237411,0.9519295870006771,0.5089922265569681,4967,3490,1477,0.6479578949818905,0.8276496575920638,14,6,Logistic Regression,group_unavailable_control_panel,0.817534114237411,0.6479578949818905,0.0,0.0
0.7006134969325153,0.9816618911174785,0.8176610978520287,0.991198375084631,0.4952317580164237,4967,3490,1477,0.6275911638436931,0.8172154841334456,14,6,Logistic Regression,group_unavailable_relay_log,0.817534114237411,0.6479578949818905,-0.000126983614617715,0.020366731138197425
0.7116628416440642,0.9773638968481375,0.8236146323795727,0.9356804333107651,0.5208417317686862,4967,3490,1477,0.6538078619054732,0.8294050605798156,14,6,Logistic Regression,group_unavailable_relay_status,0.817534114237411,0.6479578949818905,-0.006080518142161706,-0.00584996692358275
0.7067159581022797,0.9859598853868194,0.823304222993181,0.966824644549763,0.5095676204185282,4967,3490,1477,0.5169568532202462,0.7293178354364525,14,6,Logistic Regression,group_unavailable_pmu_voltage,0.817534114237411,0.6479578949818905,-0.005770108755769998,0.1310010417616443
0.7055344317701732,0.9570200573065902,0.8122568093385214,0.943805010155721,0.5066075235754346,4967,3490,1477,0.6437749406855451,0.8259649087459118,14,6,Logistic Regression,group_unavailable_pmu_current,0.817534114237411,0.6479578949818905,0.0052773048988895566,0.004182954296345409
0.7026691495965239,0.9730659025787965,0.8160519043614082,0.97291807718348,0.5000739126976582,4967,3490,1477,0.6490815231835615,0.8253370671193907,14,6,Logistic Regression,group_unavailable_freq_impedance,0.817534114237411,0.6479578949818905,0.0014822098760027824,-0.0011236282016710009
0.7466531952513261,0.8469914040114613,0.7936635790038932,0.6790792146242384,0.5839560946936115,4967,3490,1477,0.6559736397444677,0.8150857688779949,14,6,Random Forest,group_unavailable_snort,0.7936635790038932,0.6559736397444677,0.0,0.0
0.7466531952513261,0.8469914040114613,0.7936635790038932,0.6790792146242384,0.5839560946936115,4967,3490,1477,0.6559736397444677,0.8150857688779949,14,6,Random Forest,group_unavailable_control_panel,0.7936635790038932,0.6559736397444677,0.0,0.0
0.7445898339204832,0.8478510028653296,0.7928724544480171,0.6872037914691943,0.5803236056980676,4967,3490,1477,0.6522975015180232,0.8126005871980198,14,6,Random Forest,group_unavailable_relay_log,0.7936635790038932,0.6559736397444677,0.0007911245558760438,0.0036761382264444142
0.7469089073933889,0.8481375358166189,0.7943110156983765,0.6790792146242384,0.5845291605961903,4967,3490,1477,0.6562935401078234,0.8164131296946037,14,6,Random Forest,group_unavailable_relay_status,0.7936635790038932,0.6559736397444677,-0.0006474366944833054,-0.0003199003633557185
0.7110790774299836,0.9893982808022923,0.8274622573687994,0.949898442789438,0.5197499190064271,4967,3490,1477,0.5438008392292127,0.7168081292656578,14,6,Random Forest,group_unavailable_pmu_voltage,0.7936635790038932,0.6559736397444677,-0.03379867836490624,0.11217280051525491
0.72875,0.835243553008596,0.7783711615487316,0.7345971563981043,0.5503231983052459,4967,3490,1477,0.6517236596291173,0.8295739565026619,14,6,Random Forest,group_unavailable_pmu_current,0.7936635790038932,0.6559736397444677,0.015292417455161522,0.0042499801153503824
0.7281952162358057,0.8636103151862464,0.7901428758683969,0.7616790792146242,0.5509656179858111,4967,3490,1477,0.637927883710689,0.8063680667770058,14,6,Random Forest,group_unavailable_freq_impedance,0.7936635790038932,0.6559736397444677,0.0035207031354962393,0.01804575603377867
0.7361357305646999,0.8329512893982808,0.781556660841511,0.7054840893703453,0.5637336000139678,4967,3490,1477,0.6617946041790743,0.8423369826227634,14,6,XGBoost,group_unavailable_snort,0.781556660841511,0.6617946041790743,0.0,0.0
0.7361357305646999,0.8329512893982808,0.781556660841511,0.7054840893703453,0.5637336000139678,4967,3490,1477,0.6617946041790743,0.8423369826227634,14,6,XGBoost,group_unavailable_control_panel,0.781556660841511,0.6617946041790743,0.0,0.0
0.7343238478972551,0.8355300859598854,0.781664656212304,0.7142857142857143,0.5606221858370856,4967,3490,1477,0.6596907112496677,0.8414274955376839,14,6,XGBoost,group_unavailable_relay_log,0.781556660841511,0.6617946041790743,-0.00010799537079297927,0.0021038929294066033
0.7356350806451613,0.8363896848137535,0.7827835880933226,0.7102234258632363,0.5630831294752586,4967,3490,1477,0.6593713928760576,0.8405561140354394,14,6,XGBoost,group_unavailable_relay_status,0.781556660841511,0.6617946041790743,-0.0012269272518116159,0.0024232113030167035
0.7057985757884029,0.9939828080229226,0.8254610350981558,0.979011509817197,0.5074856491028628,4967,3490,1477,0.5150405549854211,0.7150623773946324,14,6,XGBoost,group_unavailable_pmu_voltage,0.781556660841511,0.6617946041790743,-0.04390437425664484,0.1467540491936532
0.7343793008532893,0.7644699140401147,0.7491225607187982,0.6533513879485443,0.5555592630457852,4967,3490,1477,0.6478613816824548,0.8332087169003743,14,6,XGBoost,group_unavailable_pmu_current,0.781556660841511,0.6617946041790743,0.03243410012271275,0.013933222496619546
0.7201581027667984,0.7830945558739255,0.750308853809197,0.7190250507786052,0.5320347525476601,4967,3490,1477,0.6232099450407684,0.8247469335412061,14,6,XGBoost,group_unavailable_freq_impedance,0.781556660841511,0.6617946041790743,0.031247807032314,0.03858465913830589
0.7242424242424242,0.8902578796561604,0.7987146529562982,0.8009478672985783,0.5446550061787911,4967,3490,1477,0.6502018534433424,0.8364401590025851,14,6,Compact MLP,group_unavailable_snort,0.7982512536967983,0.6497645851480097,-0.000463399259499897,-0.0004372682953326379
0.7240494518311174,0.8893982808022922,0.7982512536967983,0.8009478672985783,0.544225206751857,4967,3490,1477,0.6497645851480097,0.8363707583847858,14,6,Compact MLP,group_unavailable_control_panel,0.7982512536967983,0.6497645851480097,0.0,0.0
0.7139908256880734,0.8919770773638969,0.7931210191082803,0.8442789438050101,0.5238490667794433,4967,3490,1477,0.6167110595511307,0.8080413833752147,14,6,Compact MLP,group_unavailable_relay_log,0.7982512536967983,0.6497645851480097,0.005130234588518023,0.03305352559687902
0.7248837209302326,0.8931232091690544,0.8002567394094994,0.8009478672985783,0.5460876709352381,4967,3490,1477,0.6504418272150045,0.8367656769471559,14,6,Compact MLP,group_unavailable_relay_status,0.7982512536967983,0.6497645851480097,-0.002005485712701094,-0.0006772420669948209
0.7077805665112944,0.5656160458452723,0.6287625418060201,0.5517941773865944,0.5069109342293389,4967,3490,1477,0.520622224636402,0.7213490468866378,14,6,Compact MLP,group_unavailable_pmu_voltage,0.7982512536967983,0.6497645851480097,0.1694887118907782,0.12914236051160777
0.7420765027322405,0.7782234957020058,0.7597202797202797,0.6391333784698714,0.5695450586160672,4967,3490,1477,0.6262267858840327,0.8028476610613957,14,6,Compact MLP,group_unavailable_pmu_current,0.7982512536967983,0.6497645851480097,0.03853097397651861,0.023537799263977033
0.728090405904059,0.9045845272206303,0.8067978533094812,0.7982396750169262,0.553172426101852,4967,3490,1477,0.6725405598353358,0.8428638865847107,14,6,Compact MLP,group_unavailable_freq_impedance,0.7982512536967983,0.6497645851480097,-0.008546599612682892,-0.02277597468732606
0.7815734989648033,0.9764614588722194,0.8682152713891444,0.9590909090909091,0.5086852748906552,4966,3866,1100,0.7185122042985468,0.9095523893634441,15,1,Logistic Regression,group_unavailable_snort,0.8682152713891444,0.7185122042985468,0.0,0.0
0.7815734989648033,0.9764614588722194,0.8682152713891444,0.9590909090909091,0.5086852748906552,4966,3866,1100,0.7185122042985468,0.9095523893634441,15,1,Logistic Regression,group_unavailable_control_panel,0.8682152713891444,0.7185122042985468,0.0,0.0
0.7771428571428571,0.9849974133471289,0.8688113164499202,0.9927272727272727,0.4961350703099281,4966,3866,1100,0.7015656304378498,0.9017364390134747,15,1,Logistic Regression,group_unavailable_relay_log,0.8682152713891444,0.7185122042985468,-0.0005960450607757073,0.01694657386069698
0.7831526271893244,0.9715468184169684,0.8672362041099053,0.9454545454545454,0.5130461364812114,4966,3866,1100,0.7182530687109063,0.9092962523633246,15,1,Logistic Regression,group_unavailable_relay_status,0.8682152713891444,0.7185122042985468,0.000979067279239132,0.00025913558764045774
0.7815057283142389,0.9881013967925505,0.8727438885081106,0.9709090909090909,0.5085961529417298,4966,3866,1100,0.6693792033109156,0.8592417274539303,15,1,Logistic Regression,group_unavailable_pmu_voltage,0.8682152713891444,0.7185122042985468,-0.004528617118966127,0.04913300098763118
0.7818411097099621,0.9622348680807036,0.862708719851577,0.9436363636363636,0.50929925222217,4966,3866,1100,0.6807901048770164,0.8919818548627143,15,1,Logistic Regression,group_unavailable_pmu_current,0.8682152713891444,0.7185122042985468,0.005506551537567406,0.037722099421530375
0.7768833849329205,0.9736161407139162,0.8641946963609229,0.9827272727272728,0.4954444339933217,4966,3866,1100,0.6681583031557164,0.8898580595545873,15,1,Logistic Regression,group_unavailable_freq_impedance,0.8682152713891444,0.7185122042985468,0.004020575028221507,0.05035390114283034
0.8208469055374593,0.8473874806001035,0.8339060710194731,0.65,0.5986937403000517,4966,3866,1100,0.6937648732540094,0.8849927802965882,15,1,Random Forest,group_unavailable_snort,0.8339060710194731,0.6937648732540094,0.0,0.0
0.8208469055374593,0.8473874806001035,0.8339060710194731,0.65,0.5986937403000517,4966,3866,1100,0.6937648732540094,0.8849927802965882,15,1,Random Forest,group_unavailable_control_panel,0.8339060710194731,0.6937648732540094,0.0,0.0
0.8202949262684329,0.8489394723228143,0.8343714249396212,0.6536363636363637,0.5976515543432254,4966,3866,1100,0.6909776372101774,0.8835765760672457,15,1,Random Forest,group_unavailable_relay_log,0.8339060710194731,0.6937648732540094,-0.00046535392014812604,0.00278723604383202
0.821007771371271,0.847128815312985,0.8338637810311903,0.649090909090909,0.5990189531110379,4966,3866,1100,0.6932089780369657,0.8846069964922438,15,1,Random Forest,group_unavailable_relay_status,0.8339060710194731,0.6937648732540094,4.22899882828176e-05,0.0005558952170436893
0.7901157981803143,0.9883600620796689,0.8781889220868766,0.9227272727272727,0.5328163946761981,4966,3866,1100,0.568257418990735,0.8229677947048282,15,1,Random Forest,group_unavailable_pmu_voltage,0.8339060710194731,0.6937648732540094,-0.044282851067403484,0.12550745426327437
0.8093864708966964,0.7984997413347129,0.80390625,0.6609090909090909,0.5687953252128111,4966,3866,1100,0.668446362225462,0.882688762899966,15,1,Random Forest,group_unavailable_pmu_current,0.8339060710194731,0.6937648732540094,0.029999821019473072,0.02531851102854732
0.808433734939759,0.8678220382824625,0.8370758483033932,0.7227272727272728,0.5725473827775949,4966,3866,1100,0.6657149743686215,0.8802263375279225,15,1,Random Forest,group_unavailable_freq_impedance,0.8339060710194731,0.6937648732540094,-0.0031697772839200944,0.02804989888538789
0.8170854271356784,0.8411795137092603,0.8289574305378536,0.6618181818181819,0.5896806659455393,4966,3866,1100,0.7263972628509616,0.9132477320862331,15,1,XGBoost,group_unavailable_snort,0.8289574305378536,0.7263972628509616,0.0,0.0
0.8170854271356784,0.8411795137092603,0.8289574305378536,0.6618181818181819,0.5896806659455393,4966,3866,1100,0.7263972628509616,0.9132477320862331,15,1,XGBoost,group_unavailable_control_panel,0.8289574305378536,0.7263972628509616,0.0,0.0
0.8151575787893947,0.8429901707190895,0.8288402848423194,0.6718181818181819,0.5855859944504539,4966,3866,1100,0.723768518083055,0.9123471130303478,15,1,XGBoost,group_unavailable_relay_log,0.8289574305378536,0.7263972628509616,0.00011714569553422649,0.0026287447679066434
0.8168130489335006,0.8419555095706156,0.8291937332823844,0.6636363636363637,0.589159572967126,4966,3866,1100,0.7254538400037625,0.9128680844883109,15,1,XGBoost,group_unavailable_relay_status,0.8289574305378536,0.7263972628509616,-0.00023630274453079192,0.0009434228471991712
0.7843591905564924,0.9624935333678221,0.8643437862950059,0.93,0.516246766683911,4966,3866,1100,0.5751701312138456,0.8189364618303698,15,1,XGBoost,group_unavailable_pmu_voltage,0.8289574305378536,0.7263972628509616,-0.03538635575715221,0.15122713163711599
0.825414364640884,0.7728918779099845,0.798290141597649,0.5745454545454546,0.599173211682265,4966,3866,1100,0.7054976955274419,0.9045216276151891,15,1,XGBoost,group_unavailable_pmu_current,0.8289574305378536,0.7263972628509616,0.03066728894020465,0.02089956732351972
0.7989623865110247,0.7966890843248836,0.7978241160471442,0.7045454545454546,0.5460718148897146,4966,3866,1100,0.6685006819357568,0.8941328243789701,15,1,XGBoost,group_unavailable_freq_impedance,0.8289574305378536,0.7263972628509616,0.03113331449070944,0.057896580915204776
0.8067226890756303,0.8939472322814278,0.8480981595092024,0.7527272727272727,0.5706099797770775,4966,3866,1100,0.7016568687391244,0.9007801767921315,15,1,Compact MLP,group_unavailable_snort,0.8480981595092024,0.7016568687391244,0.0,0.0
0.8067226890756303,0.8939472322814278,0.8480981595092024,0.7527272727272727,0.5706099797770775,4966,3866,1100,0.7016568687391244,0.9007801767921315,15,1,Compact MLP,group_unavailable_control_panel,0.8480981595092024,0.7016568687391244,0.0,0.0
0.8003688335638544,0.8980858768753234,0.8464163822525598,0.7872727272727272,0.5554065748012981,4966,3866,1100,0.6747575600808917,0.8838888400407298,15,1,Compact MLP,group_unavailable_relay_log,0.8480981595092024,0.7016568687391244,0.001681777256642647,0.026899308658232646
0.8068659504904251,0.8936885669943093,0.8480608738340697,0.7518181818181818,0.5709351925880637,4966,3866,1100,0.7016881437238396,0.9007898300547545,15,1,Compact MLP,group_unavailable_relay_status,0.8480981595092024,0.7016568687391244,3.7285675132725515e-05,-3.127498471522383e-05
0.8173324742268041,0.6562338334195551,0.7279770444763272,0.5154545454545455,0.5703896439825048,4966,3866,1100,0.5807054507830504,0.8157727720301011,15,1,Compact MLP,group_unavailable_pmu_voltage,0.8480981595092024,0.7016568687391244,0.12012111503287526,0.120951417956074
0.7852837769964842,0.8088463528194516,0.7968909276248726,0.7772727272727272,0.5157868127733621,4966,3866,1100,0.5960886281333773,0.8497928974461585,15,1,Compact MLP,group_unavailable_pmu_current,0.8480981595092024,0.7016568687391244,0.05120723188432985,0.1055682406057471
0.7843728263389752,0.8750646663217796,0.8272404939479154,0.8454545454545455,0.5148050604336171,4966,3866,1100,0.6470194704416121,0.8822376287485273,15,1,Compact MLP,group_unavailable_freq_impedance,0.8480981595092024,0.7016568687391244,0.020857665561286987,0.05463739829751224
