precision,recall,f1,fpr,balanced_accuracy,n_test,n_attack,n_normal,roc_auc,pr_auc,fold_id,held_out_run,model,condition,rate,seed,clean_f1,clean_roc_auc,abs_f1_drop,abs_auc_drop
0.7193575655114116,0.8681458811527671,0.7867791517392811,0.8058252427184466,0.5311603192171602,5569,3921,1648,0.624640270958221,0.7942162411502487,1,10,Logistic Regression,missing_5pct,0.05,42,0.8250753985351141,0.6951316102242592,0.03829624679583299,0.07049133926603812
0.7204164011047376,0.8648304004080591,0.7860454334724154,0.7985436893203883,0.5331433555438354,5569,3921,1648,0.6288210667974041,0.79920634423353,1,10,Logistic Regression,missing_5pct,0.05,43,0.8250753985351141,0.6951316102242592,0.039029965062698735,0.06631054342685505
0.715559329229463,0.8597296608008161,0.781047265987025,0.8131067961165048,0.5233114323421556,5569,3921,1648,0.6253492830489548,0.800475096679871,1,10,Logistic Regression,missing_5pct,0.05,44,0.8250753985351141,0.6951316102242592,0.04402813254808913,0.06978232717530441
0.7156652360515021,0.8505483295077786,0.7772986831371635,0.804004854368932,0.5232717375694232,5569,3921,1648,0.6125715898708225,0.7927269022508915,1,10,Logistic Regression,missing_5pct,0.05,45,0.8250753985351141,0.6951316102242592,0.047776715397950587,0.08256002035343668
0.7142857142857143,0.8556490691150217,0.778602924112323,0.8143203883495146,0.5206643403827536,5569,3921,1648,0.6038565367463719,0.7808925382108338,1,10,Logistic Regression,missing_5pct,0.05,46,0.8250753985351141,0.6951316102242592,0.04647247442279112,0.09127507347788733
0.7171602984399729,0.8089773017087478,0.7603068072866731,0.7591019417475728,0.5249376799805875,5569,3921,1648,0.5985065634881136,0.7790862017628241,1,10,Logistic Regression,missing_10pct,0.1,42,0.8250753985351141,0.6951316102242592,0.06476859124844103,0.09662504673614558
0.7208448117539027,0.8008161183371589,0.7587290080947203,0.7378640776699029,0.531476020333628,5569,3921,1648,0.6018994993351705,0.7821892719592445,1,10,Logistic Regression,missing_10pct,0.1,43,0.8250753985351141,0.6951316102242592,0.06634639044039381,0.09323211088908867
0.7142857142857143,0.8071920428462127,0.7579022988505747,0.7682038834951457,0.5194940796755335,5569,3921,1648,0.6008081639070675,0.7824664321088505,1,10,Logistic Regression,missing_10pct,0.1,44,0.8250753985351141,0.6951316102242592,0.06717309968453944,0.0943234463171917
0.7145758122743683,0.807702116806937,0.7582904345744044,0.7675970873786407,0.5200525147141482,5569,3921,1648,0.5860098288280927,0.7731751641567648,1,10,Logistic Regression,missing_10pct,0.1,45,0.8250753985351141,0.6951316102242592,0.06678496396070976,0.10912178139616646
0.7094211123723042,0.7969905636317266,0.7506605813115542,0.7766990291262136,0.5101457672527565,5569,3921,1648,0.5782948054166883,0.7656620033775194,1,10,Logistic Regression,missing_10pct,0.1,46,0.8250753985351141,0.6951316102242592,0.07441481722355991,0.11683680480757086
0.7165221579961464,0.7587350165774037,0.7370246500681283,0.7141990291262136,0.5222679937255951,5569,3921,1648,0.5683751358752844,0.7581000091765195,1,10,Logistic Regression,missing_20pct,0.2,42,0.8250753985351141,0.6951316102242592,0.0880507484669858,0.12675647434897475
0.7171149144254279,0.7480234634021933,0.732243165647235,0.7020631067961165,0.5229801783030383,5569,3921,1648,0.5633368400918133,0.7552486215895351,1,10,Logistic Regression,missing_20pct,0.2,43,0.8250753985351141,0.6951316102242592,0.09283223288787912,0.1317947701324459
0.717296511627907,0.7551644988523336,0.7357435706298919,0.7081310679611651,0.5235167154455843,5569,3921,1648,0.5731061647142719,0.7628112365405083,1,10,Logistic Regression,missing_20pct,0.2,44,0.8250753985351141,0.6951316102242592,0.0893318279052222,0.12202544550998728
0.7151413512218495,0.7612853863810253,0.7374922791846819,0.7214805825242718,0.5199024019283767,5569,3921,1648,0.5690956772469873,0.760569809499498,1,10,Logistic Regression,missing_20pct,0.2,45,0.8250753985351141,0.6951316102242592,0.08758311935043228,0.1260359329772719
0.7116032739528165,0.7538893139505228,0.7321362229102167,0.7269417475728155,0.5134737831888536,5569,3921,1648,0.5549060727276329,0.7477919628448189,1,10,Logistic Regression,missing_20pct,0.2,46,0.8250753985351141,0.6951316102242592,0.0929391756248974,0.14022553749662625
0.7141098251662152,0.7396072430502423,0.726634928589326,0.7044902912621359,0.5175584758940532,5569,3921,1648,0.5531223614195903,0.7494776697879365,1,10,Logistic Regression,missing_30pct,0.3,42,0.8250753985351141,0.6951316102242592,0.09844046994578814,0.14200924880466892
0.7168584292146073,0.7309359857179291,0.723828766258366,0.6868932038834952,0.522021390917217,5569,3921,1648,0.5549032097518217,0.7506797492245926,1,10,Logistic Regression,missing_30pct,0.3,43,0.8250753985351141,0.6951316102242592,0.10124663227674813,0.14022840047243745
0.7152864648486364,0.7291507268553941,0.7221520586006567,0.6905339805825242,0.5193083731364349,5569,3921,1648,0.5558958112033041,0.7493906890912561,1,10,Logistic Regression,missing_30pct,0.3,44,0.8250753985351141,0.6951316102242592,0.10292333993445746,0.13923579902095506
0.7105590062111802,0.7294057638357562,0.7198590485779008,0.7069174757281553,0.5112441440538005,5569,3921,1648,0.5546342447810273,0.7496708261199749,1,10,Logistic Regression,missing_30pct,0.3,45,0.8250753985351141,0.6951316102242592,0.1052163499572133,0.14049736544323188
0.7133726647000983,0.7401173170109666,0.726498936037051,0.7075242718446602,0.5162965225831532,5569,3921,1648,0.5459651540250036,0.7402305925347079,1,10,Logistic Regression,missing_30pct,0.3,46,0.8250753985351141,0.6951316102242592,0.09857646249806318,0.14916645619925561
0.7455135135135135,0.8793675082887019,0.8069272174116546,0.7141990291262136,0.5825842395812442,5569,3921,1648,0.6811465924088118,0.8332354223295984,1,10,Random Forest,missing_5pct,0.05,42,0.799905112086348,0.682168287884753,-0.007022105325306671,0.00102169547594122
0.7463011314186249,0.8747768426421831,0.8054479276740636,0.7075242718446602,0.5836262853987615,5569,3921,1648,0.6853656902216841,0.8381712066512024,1,10,Random Forest,missing_5pct,0.05,43,0.799905112086348,0.682168287884753,-0.005542815587715633,-0.00319740233693111
0.7445793581960104,0.8757969905636317,0.8048751904371264,0.7148058252427184,0.5804955826604566,5569,3921,1648,0.6815747233591589,0.8323165828553679,1,10,Random Forest,missing_5pct,0.05,44,0.799905112086348,0.682168287884753,-0.004970078350778451,0.0005935645255941147
0.7434735706580367,0.8788574343279776,0.8055165965404395,0.7214805825242718,0.5786884259018529,5569,3921,1648,0.6803706485862779,0.833879439274142,1,10,Random Forest,missing_5pct,0.05,45,0.799905112086348,0.682168287884753,-0.005611484454091542,0.0017976392984750955
0.7439050701186624,0.8793675082887019,0.8059841047218327,0.7202669902912622,0.5795502589987199,5569,3921,1648,0.677411801774364,0.8301810297943725,1,10,Random Forest,missing_5pct,0.05,46,0.799905112086348,0.682168287884753,-0.006078992635484726,0.0047564861103890355
0.7422484707867538,0.8974751338944147,0.8125144308473794,0.741504854368932,0.5779851397627414,5569,3921,1648,0.6793248886379788,0.8288805230396805,1,10,Random Forest,missing_10pct,0.1,42,0.799905112086348,0.682168287884753,-0.01260931876103144,0.0028433992467742364
0.7404515720616164,0.8949247640907931,0.810392609699769,0.7463592233009708,0.5742827703949112,5569,3921,1648,0.6814140872028386,0.8335402368536993,1,10,Random Forest,missing_10pct,0.1,43,0.799905112086348,0.682168287884753,-0.010487497613421048,0.000754200681914452
0.7415138098250053,0.8969650599336904,0.811865189289012,0.7439320388349514,0.5765165105493695,5569,3921,1648,0.6850339719162191,0.8314310696199538,1,10,Random Forest,missing_10pct,0.1,44,0.799905112086348,0.682168287884753,-0.01196007720266401,-0.0028656840314660315
0.738791833298253,0.8951798010711554,0.8095018450184502,0.7530339805825242,0.5710729102443155,5569,3921,1648,0.6801690796136314,0.8306032006618405,1,10,Random Forest,missing_10pct,0.1,45,0.799905112086348,0.682168287884753,-0.009596732932102281,0.0019992082711216552
0.7397433200084157,0.8967100229533282,0.8106986396126354,0.7506067961165048,0.5730516134184117,5569,3921,1648,0.6749776533131285,0.826189654767858,1,10,Random Forest,missing_10pct,0.1,46,0.799905112086348,0.682168287884753,-0.010793527526287483,0.007190634571624499
0.7315128562886187,0.9359857179290997,0.8212127992839562,0.8173543689320388,0.5593156744985304,5569,3921,1648,0.6737266102614006,0.8228117567684209,1,10,Random Forest,missing_20pct,0.2,42,0.799905112086348,0.682168287884753,-0.021307687197608227,0.008441677623352462
0.7358415049029418,0.9377709767916348,0.8246243552366002,0.8009708737864077,0.5684000515026135,5569,3921,1648,0.6781844957324638,0.8268909126485967,1,10,Random Forest,missing_20pct,0.2,43,0.799905112086348,0.682168287884753,-0.0247192431502522,0.003983792152289278
0.7340255591054313,0.9375159398112727,0.8233844775450778,0.808252427184466,0.5646317563134033,5569,3921,1648,0.6767237590470035,0.8256460044275438,1,10,Random Forest,missing_20pct,0.2,44,0.799905112086348,0.682168287884753,-0.02347936545872986,0.005444528837749485
0.7303326030671181,0.9352206069880132,0.8201744576157459,0.8216019417475728,0.5568093326202203,5569,3921,1648,0.6749001208330547,0.8234759702617824,1,10,Random Forest,missing_20pct,0.2,45,0.799905112086348,0.682168287884753,-0.020269345529397964,0.007268167051698304
0.7332799359231077,0.9339454220862025,0.8215367358384745,0.808252427184466,0.5628464974508682,5569,3921,1648,0.6706423341578703,0.8220000075499485,1,10,Random Forest,missing_20pct,0.2,46,0.799905112086348,0.682168287884753,-0.021631623752126572,0.011525953726882698
0.7230208932336591,0.9619994899260392,0.8255635806522215,0.8768203883495146,0.5425895507882623,5569,3921,1648,0.6624129036331627,0.8174179612977552,1,10,Random Forest,missing_30pct,0.3,42,0.799905112086348,0.682168287884753,-0.025658468565873505,0.01975538425159029
0.7246986799311268,0.9660800816118337,0.8281591604722344,0.8731796116504854,0.5464502349806741,5569,3921,1648,0.6673613638783449,0.8170601944284739,1,10,Random Forest,missing_30pct,0.3,43,0.799905112086348,0.682168287884753,-0.02825404838588641,0.014806924006408151
0.726660250240616,0.9627646008671258,0.8282141290039491,0.8616504854368932,0.5505570577151163,5569,3921,1648,0.663594229355004,0.814039903550051,1,10,Random Forest,missing_30pct,0.3,44,0.799905112086348,0.682168287884753,-0.028309016917601126,0.018574058529749027
0.7259273496059966,0.96327467482785,0.8279263480929417,0.8652912621359223,0.5489917063459638,5569,3921,1648,0.6618136131559464,0.8144137773837623,1,10,Random Forest,missing_30pct,0.3,45,0.799905112086348,0.682168287884753,-0.028021236006593786,0.020354674728806588
0.725610929382336,0.9617444529456771,0.8271550778679535,0.8652912621359223,0.5482265954048774,5569,3921,1648,0.6626483640491949,0.8157760718858676,1,10,Random Forest,missing_30pct,0.3,46,0.799905112086348,0.682168287884753,-0.027249965781605545,0.019519923835558117
0.7477217159368749,0.857944401938281,0.7990498812351544,0.6887135922330098,0.5846154048526356,5569,3921,1648,0.6843893380923729,0.8424250873004787,1,10,XGBoost,missing_5pct,0.05,42,0.7948442534908701,0.6980697198059738,-0.004205627744284346,0.013680381713600864
0.7451154529307282,0.8559041060953838,0.7966765578635014,0.6966019417475728,0.5796510821739055,5569,3921,1648,0.6891934888811305,0.8488278712363637,1,10,XGBoost,missing_5pct,0.05,43,0.7948442534908701,0.6980697198059738,-0.001832304372631377,0.008876230924843242
0.7454383622607922,0.8543738842132109,0.7961972667855021,0.6941747572815534,0.5800995634658288,5569,3921,1648,0.6871606212997973,0.8512957667890733,1,10,XGBoost,missing_5pct,0.05,44,0.7948442534908701,0.6980697198059738,-0.0013530132946319995,0.010909098506176496
0.7439377085650724,0.852843662331038,0.7946768060836502,0.6984223300970874,0.5772106661169754,5569,3921,1648,0.6790488822942434,0.8434082499679832,1,10,XGBoost,missing_5pct,0.05,45,0.7948442534908701,0.6980697198059738,0.00016744740721985618,0.019020837511730337
0.7431621080720481,0.8523335883703137,0.7940128296507484,0.7008495145631068,0.5757420369036035,5569,3921,1648,0.6782084054493727,0.8421279156946799,1,10,XGBoost,missing_5pct,0.05,46,0.7948442534908701,0.6980697198059738,0.0008314238401216922,0.0198613143566011
0.7450243255196816,0.8592195868400918,0.7980575624777922,0.6996359223300971,0.5797918322549973,5569,3921,1648,0.6697204559466948,0.8293245214312712,1,10,XGBoost,missing_10pct,0.1,42,0.7948442534908701,0.6980697198059738,-0.003213308986922181,0.02834926385927894
0.7415282392026578,0.8538638102524866,0.7937411095305832,0.7081310679611651,0.5728663711456607,5569,3921,1648,0.671401409636436,0.8327810601695346,1,10,XGBoost,missing_10pct,0.1,43,0.7948442534908701,0.6980697198059738,0.0011031439602868787,0.026668310169537746
0.7411738746690203,0.8566692170364703,0.7947474269490122,0.7117718446601942,0.572448686188138,5569,3921,1648,0.6698170233470261,0.8346132329330208,1,10,XGBoost,missing_10pct,0.1,44,0.7948442534908701,0.6980697198059738,9.682654185783068e-05,0.02825269645894768
0.7406593406593407,0.8594746238204539,0.7956557667335615,0.7160194174757282,0.5717276031723628,5569,3921,1648,0.6708625511621514,0.8317532562994665,1,10,XGBoost,missing_10pct,0.1,45,0.7948442534908701,0.6980697198059738,-0.000811513242691464,0.027207168643822333
0.7427120141342756,0.8576893649579189,0.7960705408924134,0.7069174757281553,0.5753859446148818,5569,3921,1648,0.6691786571188745,0.827755734242105,1,10,XGBoost,missing_10pct,0.1,46,0.7948442534908701,0.6980697198059738,-0.0012262874015432912,0.02889106268709929
0.7346495986114124,0.8635552155062484,0.7939038686987104,0.7421116504854369,0.5607217825104057,5569,3921,1648,0.6447927576925838,0.8085836445306259,1,10,XGBoost,missing_20pct,0.2,42,0.7948442534908701,0.6980697198059738,0.000940384792159632,0.05327696211338995
0.735338671283272,0.8666156592705943,0.7955982205572465,0.7421116504854369,0.5622520043925787,5569,3921,1648,0.6394934668439545,0.8045444699677373,1,10,XGBoost,missing_20pct,0.2,43,0.7948442534908701,0.6980697198059738,-0.0007539670663764264,0.05857625296201929
0.733044420368364,0.8627901045651619,0.792642924086223,0.7475728155339806,0.5576086445155907,5569,3921,1648,0.6459115622129287,0.8110876842381993,1,10,XGBoost,missing_20pct,0.2,44,0.7948442534908701,0.6980697198059738,0.002201329404647012,0.052158157593045096
0.732278343810969,0.8615149196633511,0.7916569018045465,0.7493932038834952,0.556060857889928,5569,3921,1648,0.6369605070283735,0.8030177568188407,1,10,XGBoost,missing_20pct,0.2,45,0.7948442534908701,0.6980697198059738,0.0031873516863235585,0.061109212777600286
0.7332613390928726,0.8658505483295078,0.7940591743655713,0.7493932038834952,0.5582286722230063,5569,3921,1648,0.6395631841738412,0.8056332988564072,1,10,XGBoost,missing_20pct,0.2,46,0.7948442534908701,0.6980697198059738,0.0007850791252987932,0.058506535632132595
0.7300941780821918,0.8699311400153023,0.7939020132666124,0.7651699029126213,0.5523806185513405,5569,3921,1648,0.6220477302946792,0.7914272064311342,1,10,XGBoost,missing_30pct,0.3,42,0.7948442534908701,0.6980697198059738,0.0009422402242577066,0.07602198951129457
0.7281491002570694,0.8668706962509564,0.7914774711840726,0.7700242718446602,0.548423212203148,5569,3921,1648,0.6218636486877975,0.7905099738053083,1,10,XGBoost,missing_30pct,0.3,43,0.7948442534908701,0.6980697198059738,0.0033667823067974334,0.07620607111817623
0.7288354103996562,0.8650854373884214,0.791137026239067,0.7657766990291263,0.5496543691796476,5569,3921,1648,0.6212150685999955,0.7904960631852902,1,10,XGBoost,missing_30pct,0.3,44,0.7948442534908701,0.6980697198059738,0.003707227251803058,0.07685465120597823
0.7283897391679242,0.8617699566437134,0.7894859813084112,0.7645631067961165,0.5486034249237984,5569,3921,1648,0.616501372371324,0.7893706049772197,1,10,XGBoost,missing_30pct,0.3,45,0.7948442534908701,0.6980697198059738,0.005358272182458879,0.0815683474346498
0.727408673360393,0.8684009181331293,0.7916763543362009,0.7742718446601942,0.5470645367364675,5569,3921,1648,0.6149803584383813,0.7869738078320089,1,10,XGBoost,missing_30pct,0.3,46,0.7948442534908701,0.6980697198059738,0.003167899154669196,0.08308936136759248
0.7302913453299057,0.8694210660545779,0.7938060309698451,0.7639563106796117,0.5527323776874832,5569,3921,1648,0.667625686185662,0.841183140802049,1,10,Compact MLP,missing_5pct,0.05,42,0.8109645131938126,0.689953028626044,0.01715848222396743,0.022327342440382036
0.7325332190312902,0.8717163988778373,0.7960871084197042,0.7572815533980582,0.5572174227398895,5569,3921,1648,0.6699754929270569,0.8434544452252117,1,10,Compact MLP,missing_5pct,0.05,43,0.8109645131938126,0.689953028626044,0.014877404774108371,0.01997753569898708
0.7295205332186626,0.8653404743687835,0.7916472235184321,0.7633495145631068,0.5509954799028384,5569,3921,1648,0.6642352264257929,0.8418839094017184,1,10,Compact MLP,missing_5pct,0.05,44,0.8109645131938126,0.689953028626044,0.01931728967538049,0.025717802200251105
0.7265909577887294,0.8648304004080591,0.7897065673032138,0.7742718446601942,0.5452792778739325,5569,3921,1648,0.6547336287305349,0.8339688192723749,1,10,Compact MLP,missing_5pct,0.05,45,0.8109645131938126,0.689953028626044,0.021257945890598817,0.03521939989550915
0.7268608414239482,0.8592195868400918,0.7875175315568023,0.7682038834951457,0.5455078516724731,5569,3921,1648,0.6566683813570443,0.8355046076844056,1,10,Compact MLP,missing_5pct,0.05,46,0.8109645131938126,0.689953028626044,0.02344698163701031,0.03328464726899971
0.7300640600839408,0.842897220096914,0.7824337121212122,0.741504854368932,0.550696182863991,5569,3921,1648,0.6465922540564498,0.8245235188927484,1,10,Compact MLP,missing_10pct,0.1,42,0.8109645131938126,0.689953028626044,0.02853080107260042,0.043360774569594196
0.7302573203194321,0.839581739352206,0.7811128247716218,0.7378640776699029,0.5508588308411515,5569,3921,1648,0.6456210088569638,0.8253781720587372,1,10,Compact MLP,missing_10pct,0.1,43,0.8109645131938126,0.689953028626044,0.02985168842219077,0.04433201976908019
0.7269094138543517,0.8349910737056874,0.7772106824925816,0.7463592233009708,0.5443159252023583,5569,3921,1648,0.6425039245981929,0.8243618282900378,1,10,Compact MLP,missing_10pct,0.1,44,0.8109645131938126,0.689953028626044,0.03375383070123095,0.047449104027851075
0.7250661959399823,0.8380515174700331,0.7774754525020703,0.7560679611650486,0.5409917781524923,5569,3921,1648,0.6375202574883067,0.8201414855253539,1,10,Compact MLP,missing_10pct,0.1,45,0.8109645131938126,0.689953028626044,0.03348906069174229,0.052432771137737366
0.7225677476677033,0.8296352971180821,0.7724088804463968,0.7578883495145631,0.5358734738017595,5569,3921,1648,0.6309241933526963,0.8160385243629795,1,10,Compact MLP,missing_10pct,0.1,46,0.8109645131938126,0.689953028626044,0.0385556327474158,0.05902883527334768
0.723311044500807,0.8000510073960724,0.7597481230322112,0.7281553398058253,0.5359478337951236,5569,3921,1648,0.6170706402913859,0.8019940419404818,1,10,Compact MLP,missing_20pct,0.2,42,0.8109645131938126,0.689953028626044,0.0512163901616014,0.0728823883346581
0.7239462714219546,0.7972456006120887,0.7588299550916373,0.7233009708737864,0.5369723148691512,5569,3921,1648,0.6110787414296432,0.7982798492808404,1,10,Compact MLP,missing_20pct,0.2,43,0.8109645131938126,0.689953028626044,0.052134558102175266,0.07887428719640077
0.7213342599027102,0.7941851568477429,0.7560087399854334,0.7299757281553398,0.5321047143462015,5569,3921,1648,0.6109500622735928,0.7974927274939343,1,10,Compact MLP,missing_20pct,0.2,44,0.8109645131938126,0.689953028626044,0.05495577320837919,0.07900296635245119
0.720845646737895,0.8087222647283856,0.7622596153846154,0.7451456310679612,0.5317883168302122,5569,3921,1648,0.6067193578020269,0.794573584999962,1,10,Compact MLP,missing_20pct,0.2,45,0.8109645131938126,0.689953028626044,0.04870489780919718,0.08323367082401711
0.7209141274238227,0.7964804896710023,0.7568157033805889,0.7336165048543689,0.5314319924083166,5569,3921,1648,0.599571048845772,0.7905997260903672,1,10,Compact MLP,missing_20pct,0.2,46,0.8109645131938126,0.689953028626044,0.054148809813223675,0.09038197978027207
0.720602294455067,0.7689364957918898,0.7439851943244911,0.7093446601941747,0.5297959177988576,5569,3921,1648,0.6016138207758572,0.7900995224665075,1,10,Compact MLP,missing_30pct,0.3,42,0.8109645131938126,0.689953028626044,0.06697931886932151,0.08833920785018679
0.7217350082958047,0.7765876052027544,0.7481572481572482,0.712378640776699,0.5321044822130276,5569,3921,1648,0.5896902229221295,0.7811802247695658,1,10,Compact MLP,missing_30pct,0.3,43,0.8109645131938126,0.689953028626044,0.06280726503656442,0.10026280570391455
0.7209746774964166,0.7697016067329763,0.7445417540397188,0.7087378640776699,0.5304818713276531,5569,3921,1648,0.5958147472038785,0.7832427827613988,1,10,Compact MLP,missing_30pct,0.3,44,0.8109645131938126,0.689953028626044,0.06642275915409379,0.09413828142216552
0.7226019325948622,0.7819433817903596,0.7511024007839294,0.7141990291262136,0.5338721763320731,5569,3921,1648,0.5915726682067929,0.7823805617420148,1,10,Compact MLP,missing_30pct,0.3,45,0.8109645131938126,0.689953028626044,0.05986211240988315,0.09838036041925113
0.7225897920604915,0.7799030859474624,0.7501533177971299,0.712378640776699,0.5337622225853816,5569,3921,1648,0.5877577142496342,0.7802955593934799,1,10,Compact MLP,missing_30pct,0.3,46,0.8109645131938126,0.689953028626044,0.06081119539668267,0.10219531437640983
0.718756936736959,0.8496457622671215,0.7787397787397787,0.7899002493765586,0.5298727564452814,5415,3811,1604,0.6075047882785819,0.7826747905741154,2,3,Logistic Regression,missing_5pct,0.05,42,0.8238542241855329,0.6973161755804663,0.04511444544575416,0.08981138730188443
0.7134657836644591,0.8480713723432171,0.7749670303320945,0.8092269326683291,0.519422219837444,5415,3811,1604,0.5950656519289548,0.7710052214000035,2,3,Logistic Regression,missing_5pct,0.05,43,0.8238542241855329,0.6973161755804663,0.048887193853438426,0.10225052365151155
0.7171628721541156,0.8596168984518499,0.7819548872180451,0.8054862842892768,0.5270653070812865,5415,3811,1604,0.6167956355503266,0.7871296613086829,2,3,Logistic Regression,missing_5pct,0.05,44,0.8238542241855329,0.6973161755804663,0.04189933696748782,0.08052054003013975
0.7147279964617426,0.8480713723432171,0.7757110284411376,0.8042394014962594,0.5219159854234788,5415,3811,1604,0.59253434244355,0.7700224832810889,2,3,Logistic Regression,missing_5pct,0.05,45,0.8238542241855329,0.6973161755804663,0.048143195744395295,0.10478183313691636
0.7169149868536372,0.858567305169247,0.7813731343283582,0.8054862842892768,0.5265405104399851,5415,3811,1604,0.6038600854201416,0.7783494996222746,2,3,Logistic Regression,missing_5pct,0.05,46,0.8238542241855329,0.6973161755804663,0.04248108985717469,0.09345609016032475
0.7253787878787878,0.8039884544738913,0.7626633478531425,0.7231920199501247,0.5403982172618833,5415,3811,1604,0.5844287863390591,0.7630054896942724,2,3,Logistic Regression,missing_10pct,0.1,42,0.8238542241855329,0.6973161755804663,0.0611908763323904,0.11288738924140718
0.7177400047881255,0.786670165310942,0.7506259389083625,0.7350374064837906,0.5258163794135757,5415,3811,1604,0.5697168944602544,0.7511394523193495,2,3,Logistic Regression,missing_10pct,0.1,43,0.8238542241855329,0.6973161755804663,0.0732282852771704,0.1275992811202119
0.7197724039829303,0.7966413014956705,0.7562585627101757,0.7369077306733167,0.5298667854111769,5415,3811,1604,0.5816932347692825,0.7628643031075615,2,3,Logistic Regression,missing_10pct,0.1,44,0.8238542241855329,0.6973161755804663,0.06759566147535723,0.11562294081118385
0.7220095693779904,0.791918131723957,0.7553497684895507,0.7244389027431422,0.5337396144904074,5415,3811,1604,0.5763177499703902,0.7543204455169464,2,3,Logistic Regression,missing_10pct,0.1,45,0.8238542241855329,0.6973161755804663,0.06850445569598218,0.12099842561007612
0.7178638941398866,0.7971660981369719,0.7554395126196692,0.7443890274314214,0.5263885353527753,5415,3811,1604,0.5740746860217601,0.7570118232315375,2,3,Logistic Regression,missing_10pct,0.1,46,0.8238542241855329,0.6973161755804663,0.06841471156586365,0.12324148955870617
0.7236001022756329,0.7425872474416164,0.732970732970733,0.6739401496259352,0.5343235489078406,5415,3811,1604,0.5530870737090625,0.7410148476152948,2,3,Logistic Regression,missing_20pct,0.2,42,0.8238542241855329,0.6973161755804663,0.09088349121479988,0.1442291018714038
0.7221649484536082,0.7352400944633954,0.7286438694578078,0.672069825436409,0.5315851345134932,5415,3811,1604,0.5511262842631024,0.7363734406565781,2,3,Logistic Regression,missing_20pct,0.2,43,0.8238542241855329,0.6973161755804663,0.0952103547277251,0.14618989131736393
0.7215894710199949,0.748097612175282,0.734604483380572,0.685785536159601,0.5311560380078405,5415,3811,1604,0.5562422335659146,0.7427645419176698,2,3,Logistic Regression,missing_20pct,0.2,44,0.8238542241855329,0.6973161755804663,0.08924974080496084,0.1410739420145517
0.7236270753512133,0.7433744424035686,0.733367848822159,0.6745635910224439,0.5344054256905624,5415,3811,1604,0.5617157905551,0.7440306671797142,2,3,Logistic Regression,missing_20pct,0.2,45,0.8238542241855329,0.6973161755804663,0.0904863753633739,0.1356003850253663
0.7105197087622395,0.7425872474416164,0.7261996407492943,0.7188279301745636,0.5118796586335264,5415,3811,1604,0.5375090547051422,0.7265548482906119,2,3,Logistic Regression,missing_20pct,0.2,46,0.8238542241855329,0.6973161755804663,0.09765458343623856,0.15980712087532412
0.7152300370174511,0.7097874573602729,0.7124983537468721,0.6714463840399002,0.5191705366601863,5415,3811,1604,0.5357203619133746,0.7319109928373269,2,3,Logistic Regression,missing_30pct,0.3,42,0.8238542241855329,0.6973161755804663,0.1113558704386608,0.16159581366709175
0.7220896313975073,0.7145106271319863,0.7182801371669744,0.6533665835411472,0.5305720217954196,5415,3811,1604,0.5386301368070247,0.7291457080854916,2,3,Logistic Regression,missing_30pct,0.3,43,0.8238542241855329,0.6973161755804663,0.10557408701855853,0.15868603877344167
0.7182363683798592,0.7223825767515087,0.7203035060177917,0.6733167082294265,0.5245329342610412,5415,3811,1604,0.538367411306423,0.7289280666159035,2,3,Logistic Regression,missing_30pct,0.3,44,0.8238542241855329,0.6973161755804663,0.1035507181677412,0.15894876427404336
0.7169513797634691,0.7158226187352401,0.7163865546218487,0.6714463840399002,0.5221881173476699,5415,3811,1604,0.5313123482294002,0.7221082088381633,2,3,Logistic Regression,missing_30pct,0.3,45,0.8238542241855329,0.6973161755804663,0.10746766956368414,0.1660038273510661
0.7135050741608119,0.7194961952243506,0.7164881107917429,0.6864089775561097,0.5165436088341204,5415,3811,1604,0.5220300894313679,0.713688345716047,2,3,Logistic Regression,missing_30pct,0.3,46,0.8238542241855329,0.6973161755804663,0.10736611339378999,0.17528608614909846
0.7549857549857549,0.9039622146418262,0.8227848101265823,0.6970074812967582,0.603477366672534,5415,3811,1604,0.6780689970167733,0.8222695754308189,2,3,Random Forest,missing_5pct,0.05,42,0.8146980354111084,0.6750586960831979,-0.008086774715473921,-0.0030103009335753494
0.7535659425060347,0.9010758331146681,0.8207456978967496,0.7001246882793017,0.6004755724176831,5415,3811,1604,0.67905961611322,0.8214333429230879,2,3,Random Forest,missing_5pct,0.05,43,0.8146980354111084,0.6750586960831979,-0.006047662485641148,-0.004000920030022059
0.7534036012296882,0.9002886381527159,0.8203227734608488,0.7001246882793017,0.600081974936707,5415,3811,1604,0.6786462242452121,0.8201680328598879,2,3,Random Forest,missing_5pct,0.05,44,0.8146980354111084,0.6750586960831979,-0.0056247380497403965,-0.003587528162014242
0.7554728546409807,0.9055366045657308,0.8237259816207184,0.6963840399002493,0.6045762823327407,5415,3811,1604,0.6782097661906634,0.8187398429523238,2,3,Random Forest,missing_5pct,0.05,45,0.8146980354111084,0.6750586960831979,-0.009027946209610005,-0.0031510701074655145
0.7531133930522176,0.9044870112831278,0.8218884120171673,0.7044887780548629,0.5999991166141325,5415,3811,1604,0.6781732038311463,0.8198879795446791,2,3,Random Forest,missing_5pct,0.05,46,0.8146980354111084,0.6750586960831979,-0.007190376606058924,-0.003114507747948414
0.7495183044315993,0.9186565205982682,0.8255128507427494,0.729426433915212,0.5946150433415281,5415,3811,1604,0.6807308513026016,0.8250768339856617,2,3,Random Forest,missing_10pct,0.1,42,0.8146980354111084,0.6750586960831979,-0.01081481533164097,-0.005672155219403674
0.7493584260051326,0.9194437155602204,0.8257334747260516,0.7306733167082294,0.5943851994259954,5415,3811,1604,0.681814144120151,0.8254956008097281,2,3,Random Forest,missing_10pct,0.1,43,0.8146980354111084,0.6750586960831979,-0.011035439314943218,-0.006755448036953049
0.7508532423208191,0.9236420886906324,0.8283327450288269,0.7281795511221946,0.5977312687842189,5415,3811,1604,0.6825825262349243,0.8253667415312899,2,3,Random Forest,missing_10pct,0.1,44,0.8146980354111084,0.6750586960831979,-0.01363470961771851,-0.007523830151726418
0.7482964224872232,0.9220676987667279,0.8261431762078288,0.7369077306733167,0.5925799840467056,5415,3811,1604,0.6773070767060307,0.8208973351973708,2,3,Random Forest,missing_10pct,0.1,45,0.8146980354111084,0.6750586960831979,-0.011445140796720432,-0.002248380622832835
0.7463952502120441,0.9236420886906324,0.8256127594699191,0.7456359102244389,0.5890030892330967,5415,3811,1604,0.6795042536665421,0.8221189143452741,2,3,Random Forest,missing_10pct,0.1,46,0.8146980354111084,0.6750586960831979,-0.010914724058810665,-0.004445557583344195
0.7384646794610045,0.9490947257937549,0.8306349753128947,0.7986284289276808,0.5752331484330371,5415,3811,1604,0.6757636052874897,0.8207907310555795,2,3,Random Forest,missing_20pct,0.2,42,0.8146980354111084,0.6750586960831979,-0.01593693990178624,-0.0007049092042917815
0.738562091503268,0.9488323274731042,0.8305960721258757,0.7980049875311721,0.5754136699709661,5415,3811,1604,0.6759321847572095,0.8228740271015568,2,3,Random Forest,missing_20pct,0.2,43,0.8146980354111084,0.6750586960831979,-0.015898036714767305,-0.0008734886740116021
0.740151051234946,0.9514563106796117,0.8326061997703789,0.793640897755611,0.5789077064620003,5415,3811,1604,0.6808324406773671,0.8245742327922717,2,3,Random Forest,missing_20pct,0.2,44,0.8146980354111084,0.6750586960831979,-0.01790816435927045,-0.005773744594169239
0.7379015860105734,0.9522435056415639,0.8314812693321113,0.8036159600997507,0.5743137727709067,5415,3811,1604,0.6731698862264439,0.8228312363608574,2,3,Random Forest,missing_20pct,0.2,45,0.8146980354111084,0.6750586960831979,-0.016783233921002894,0.0018888098567539924
0.7415021371870547,0.9559170821306744,0.8351673544245759,0.7917705735660848,0.5820732542822948,5415,3811,1604,0.6801066737512032,0.8220993570513222,2,3,Random Forest,missing_20pct,0.2,46,0.8146980354111084,0.6750586960831979,-0.02046931901346749,-0.0050479776680052435
0.7304416716181422,0.967725006559958,0.8325056433408577,0.8485037406483791,0.5596106329557895,5415,3811,1604,0.6605905532678407,0.8140876191519297,2,3,Random Forest,missing_30pct,0.3,42,0.8146980354111084,0.6750586960831979,-0.017807607929749336,0.014468142815357243
0.731378763866878,0.968774599842561,0.8335026526696016,0.8453865336658354,0.5616940330883627,5415,3811,1604,0.6674731107157323,0.8184449843811421,2,3,Random Forest,missing_30pct,0.3,43,0.8146980354111084,0.6750586960831979,-0.01880461725849314,0.007585585367465564
0.7306477093206951,0.970873786407767,0.8338028169014085,0.8503740648379052,0.5602498607849309,5415,3811,1604,0.6676728540757788,0.8193888468100059,2,3,Random Forest,missing_30pct,0.3,44,0.8146980354111084,0.6750586960831979,-0.019104781490300038,0.007385842007419097
0.7276478679504814,0.9716609813697192,0.8321348314606741,0.8640897755610972,0.553785602904311,5415,3811,1604,0.6587369970507998,0.812140806039112,2,3,Random Forest,missing_30pct,0.3,45,0.8146980354111084,0.6750586960831979,-0.017436796049565717,0.016321699032398107
0.7298952776131199,0.9692993964838625,0.8327321911632101,0.8522443890274314,0.5585275037282156,5415,3811,1604,0.6690941237826452,0.8163714202225216,2,3,Random Forest,missing_30pct,0.3,46,0.8146980354111084,0.6750586960831979,-0.018034155752101655,0.005964572300552695
0.755946935041171,0.8672264497507216,0.8077722106806795,0.6652119700748129,0.6010072398379543,5415,3811,1604,0.6895420527662738,0.847761584836372,2,3,XGBoost,missing_5pct,0.05,42,0.8133104966968436,0.7049734951521746,0.005538286016164129,0.015431442385900773
0.7546096061916686,0.8698504329572291,0.8081423695758166,0.672069825436409,0.5988903037604101,5415,3811,1604,0.6882231085890627,0.8458116018596572,2,3,XGBoost,missing_5pct,0.05,43,0.8133104966968436,0.7049734951521746,0.005168127121026989,0.016750386563111896
0.7590033975084938,0.879296772500656,0.8147337709700948,0.6633416458852868,0.6079775633076846,5415,3811,1604,0.6961769349913067,0.8499852706045038,2,3,XGBoost,missing_5pct,0.05,44,0.8133104966968436,0.7049734951521746,-0.0014232742732511738,0.008796560160867828
0.7555201456863191,0.8709000262398321,0.8091175036567528,0.669576059850374,0.6006619831947291,5415,3811,1604,0.6860447444757302,0.8416501095637572,2,3,XGBoost,missing_5pct,0.05,45,0.8133104966968436,0.7049734951521746,0.004192993040090798,0.018928750676444395
0.7589871128193534,0.8808711624245604,0.8153995627884382,0.6645885286783042,0.6081413168731281,5415,3811,1604,0.6933977048980802,0.844800981289625,2,3,XGBoost,missing_5pct,0.05,46,0.8133104966968436,0.7049734951521746,-0.002089066091594538,0.011575790254094387
0.7491039426523297,0.8774599842561007,0.8082175226586102,0.6982543640897756,0.5896028100831626,5415,3811,1604,0.679161123692998,0.8368099191835076,2,3,XGBoost,missing_10pct,0.1,42,0.8133104966968436,0.7049734951521746,0.005092974038233389,0.025812371459176586
0.7531059408177095,0.8748360010495932,0.8094197620781743,0.6814214463840399,0.5967072773327766,5415,3811,1604,0.6824608152931761,0.8359344418419461,2,3,XGBoost,missing_10pct,0.1,43,0.8133104966968436,0.7049734951521746,0.0038907346186692893,0.022512679858998408
0.7539842873176207,0.881395959065862,0.8127268328090975,0.683291770573566,0.5990520942461479,5415,3811,1604,0.6777931843181341,0.82999584063795,2,3,XGBoost,missing_10pct,0.1,44,0.8133104966968436,0.7049734951521746,0.0005836638877461109,0.02718031083404049
0.7506234413965087,0.8688008396746261,0.8054001459498905,0.685785536159601,0.5915076517575125,5415,3811,1604,0.670957495398214,0.830361546453995,2,3,XGBoost,missing_10pct,0.1,45,0.8133104966968436,0.7049734951521746,0.007910350746953121,0.034015999753960524
0.7519274376417233,0.8701128312778799,0.8067145116165917,0.6820448877805486,0.5940339717486656,5415,3811,1604,0.6841322958675209,0.8369733059579132,2,3,XGBoost,missing_10pct,0.1,46,0.8133104966968436,0.7049734951521746,0.006595985080251943,0.020841199284653666
0.740699238009861,0.8672264497507216,0.79898464885773,0.7213216957605985,0.5729523769950615,5415,3811,1604,0.6543791236943066,0.814058380672209,2,3,XGBoost,missing_20pct,0.2,42,0.8133104966968436,0.7049734951521746,0.014325847839113615,0.05059437145786794
0.7464535014636343,0.8698504329572291,0.8034415899175957,0.7019950124688279,0.5839277102442005,5415,3811,1604,0.6537400594551407,0.8131323140046548,2,3,XGBoost,missing_20pct,0.2,43,0.8133104966968436,0.7049734951521746,0.009868906779247899,0.05123343569703387
0.7468131868131868,0.8916294935712411,0.8128214328429614,0.7182044887780549,0.5867125023965931,5415,3811,1604,0.6536377339254854,0.8078552937565984,2,3,XGBoost,missing_20pct,0.2,44,0.8133104966968436,0.7049734951521746,0.0004890638538822545,0.05133576122668915
0.7399202481169694,0.8764103909734978,0.8024024024024023,0.7319201995012469,0.5722450957361255,5415,3811,1604,0.6446806919986834,0.8068603657815558,2,3,XGBoost,missing_20pct,0.2,45,0.8133104966968436,0.7049734951521746,0.010908094294441284,0.06029280315349117
0.7459363170786016,0.8790343741800053,0.8070344495302337,0.7113466334164589,0.5838438703817732,5415,3811,1604,0.6553780040845145,0.8126672925707128,2,3,XGBoost,missing_20pct,0.2,46,0.8133104966968436,0.7049734951521746,0.006276047166609899,0.049595491067660036
0.7368883037085802,0.8811335607452112,0.8025812619502868,0.7475062344139651,0.5668136631656231,5415,3811,1604,0.6358038909548485,0.8026217581096237,2,3,XGBoost,missing_30pct,0.3,42,0.8133104966968436,0.7049734951521746,0.010729234746556848,0.0691696041973261
0.7335540838852097,0.8719496195224351,0.7967869560004796,0.7524937655860349,0.5597279269682001,5415,3811,1604,0.6259844844723668,0.7974928159765493,2,3,XGBoost,missing_30pct,0.3,43,0.8133104966968436,0.7049734951521746,0.01652354069636408,0.07898901067980779
0.7358286456079619,0.8924166885331933,0.8065931459741492,0.7612219451371571,0.5655973716980182,5415,3811,1604,0.6252220733916979,0.7881827538450699,2,3,XGBoost,missing_30pct,0.3,44,0.8133104966968436,0.7049734951521746,0.006717350722694415,0.07975142176047667
0.7303222977417233,0.874048806087641,0.7957477305303392,0.7668329177057357,0.5536079441909527,5415,3811,1604,0.6103871618513412,0.7848977841719036,2,3,XGBoost,missing_30pct,0.3,45,0.8133104966968436,0.7049734951521746,0.01756276616650443,0.09458633330083333
0.7364850076603195,0.8829703489897665,0.8031026252983293,0.7506234413965087,0.5661734537966289,5415,3811,1604,0.6319288534109492,0.7902526677970689,2,3,XGBoost,missing_30pct,0.3,46,0.8133104966968436,0.7049734951521746,0.010207871398514312,0.07304464174122538
0.7399780941949616,0.8863815271582262,0.8065902578796562,0.7400249376558603,0.5731782947511829,5415,3811,1604,0.6586291094619787,0.828041728864249,2,3,Compact MLP,missing_5pct,0.05,42,0.8212945590994372,0.6895091711812047,0.014704301219780946,0.03088006171922597
0.7368190767884489,0.8837575439517187,0.8036268193748509,0.75,0.5668787719758593,5415,3811,1604,0.6597691680010156,0.8266578846438737,2,3,Compact MLP,missing_5pct,0.05,43,0.8212945590994372,0.6895091711812047,0.01766773972458624,0.0297400031801891
0.7422544495715228,0.8863815271582262,0.8079406840468787,0.7312967581047382,0.577542384526744,5415,3811,1604,0.6737749237507125,0.8356561881262975,2,3,Compact MLP,missing_5pct,0.05,44,0.8212945590994372,0.6895091711812047,0.013353875052558473,0.015734247430492232
0.7398160315374507,0.8863815271582262,0.8064939715888743,0.7406483790523691,0.5728665740529285,5415,3811,1604,0.6669807048895735,0.8305267972556538,2,3,Compact MLP,missing_5pct,0.05,45,0.8212945590994372,0.6895091711812047,0.014800587510562901,0.02252846629163119
0.7397200349956256,0.8874311204408292,0.8068710485506382,0.7418952618453866,0.5727679292977214,5415,3811,1604,0.6649119460598045,0.8308010489382456,2,3,Compact MLP,missing_5pct,0.05,46,0.8212945590994372,0.6895091711812047,0.014423510548798979,0.024597225121400168
0.7405989641972529,0.8630280766203097,0.7971400872515754,0.7182044887780549,0.5724117939211274,5415,3811,1604,0.6431467905937073,0.814856610329636,2,3,Compact MLP,missing_10pct,0.1,42,0.8212945590994372,0.6895091711812047,0.02415447184786179,0.04636238058749742
0.7334831460674157,0.8564681186040409,0.7902191018036557,0.7394014962593516,0.5585333111723446,5415,3811,1604,0.6426928284117834,0.8133018259095497,2,3,Compact MLP,missing_10pct,0.1,43,0.8212945590994372,0.6895091711812047,0.031075457295781428,0.04681634276942126
0.7381646847655373,0.8632904749409603,0.7958393807450411,0.7275561097256857,0.5678671826076372,5415,3811,1604,0.6459737889597706,0.815621121019863,2,3,Compact MLP,missing_10pct,0.1,44,0.8212945590994372,0.6895091711812047,0.025455178354396035,0.04353538222143405
0.7353672316384181,0.8538441353975335,0.7901894123360855,0.7300498753117207,0.5618971300429063,5415,3811,1604,0.6423407827845762,0.8111120432518514,2,3,Compact MLP,missing_10pct,0.1,45,0.8212945590994372,0.6895091711812047,0.031105146763351632,0.04716838839662851
0.7355629877369008,0.8656520598268171,0.7953230472516876,0.7394014962593516,0.5631252817837328,5415,3811,1604,0.6456780182841244,0.8159419682189297,2,3,Compact MLP,missing_10pct,0.1,46,0.8212945590994372,0.6895091711812047,0.025971511847749595,0.04383115289708028
0.7347323744399906,0.8176331671477303,0.7739692001987084,0.7013715710723192,0.5581307980377055,5415,3811,1604,0.6138978845198733,0.7935257625477864,2,3,Compact MLP,missing_20pct,0.2,42,0.8212945590994372,0.6895091711812047,0.04732535890072875,0.07561128666133143
0.7349255143059825,0.8155339805825242,0.7731343283582089,0.6988778054862843,0.55832808754812,5415,3811,1604,0.6190866313617688,0.7888659219587576,2,3,Compact MLP,missing_20pct,0.2,43,0.8212945590994372,0.6895091711812047,0.048160230741228216,0.07042253981943591
0.7320843091334894,0.8202571503542377,0.7736666254176463,0.713216957605985,0.5535200963741264,5415,3811,1604,0.6048078439430158,0.7844653978352498,2,3,Compact MLP,missing_20pct,0.2,44,0.8212945590994372,0.6895091711812047,0.04762793368179086,0.0847013272381889
0.734789758045572,0.8207819469955392,0.7754090233019336,0.7038653366583542,0.5584583051685925,5415,3811,1604,0.607486629791305,0.78282411881127,2,3,Compact MLP,missing_20pct,0.2,45,0.8212945590994372,0.6895091711812047,0.04588553579750354,0.08202254138989973
0.7321763602251408,0.8192075570716347,0.773250773993808,0.7119700748129676,0.5536187411293336,5415,3811,1604,0.6130216966112664,0.7891744877356622,2,3,Compact MLP,missing_20pct,0.2,46,0.8212945590994372,0.6895091711812047,0.04804378510562912,0.07648747456993832
0.7368033390621164,0.7874573602728943,0.7612886859462202,0.6683291770573566,0.5595640916077689,5415,3811,1604,0.6007228386656032,0.7788478074447233,2,3,Compact MLP,missing_30pct,0.3,42,0.8212945590994372,0.6895091711812047,0.060005873153216926,0.08878633251560153
0.7336929867582148,0.7850957753870376,0.7585245278235517,0.6770573566084788,0.5540192093892794,5415,3811,1604,0.5939786783369574,0.7695970063855555,2,3,Compact MLP,missing_30pct,0.3,43,0.8212945590994372,0.6895091711812047,0.06277003127588543,0.0955304928442473
0.7293544457978075,0.785620572028339,0.7564426478019202,0.692643391521197,0.546488590253571,5415,3811,1604,0.5844060473324691,0.7695545273977484,2,3,Compact MLP,missing_30pct,0.3,44,0.8212945590994372,0.6895091711812047,0.064851911297517,0.10510312384873555
0.7308913308913308,0.7853581737076882,0.7571464710346573,0.6870324189526185,0.5491628773775349,5415,3811,1604,0.5880138606514415,0.7673525152200286,2,3,Compact MLP,missing_30pct,0.3,45,0.8212945590994372,0.6895091711812047,0.0641480880647799,0.10149531052976324
0.7287637698898409,0.7811598005772763,0.7540526849037488,0.6907730673316709,0.5451933666228027,5415,3811,1604,0.5846638651338067,0.7709150825494671,2,3,Compact MLP,missing_30pct,0.3,46,0.8212945590994372,0.6895091711812047,0.06724187419568839,0.10484530604739795
0.6888285843509724,0.8532212885154061,0.7622622622622622,0.7774011299435029,0.5379100792859517,5340,3570,1770,0.6324182215258984,0.7659479449618021,3,9,Logistic Regression,missing_5pct,0.05,42,0.8013305804083506,0.7097065945022076,0.039068318146088354,0.0772883729763092
0.6870916873169632,0.8543417366946778,0.7616431514546136,0.7847457627118644,0.5347979869914067,5340,3570,1770,0.6146904524521672,0.751046805767192,3,9,Logistic Regression,missing_5pct,0.05,43,0.8013305804083506,0.7097065945022076,0.039687428953737,0.09501614205004039
0.679648806843764,0.8456582633053221,0.753619570644034,0.803954802259887,0.5208517305227176,5340,3570,1770,0.6154052129326306,0.7536596167651568,3,9,Logistic Regression,missing_5pct,0.05,44,0.8013305804083506,0.7097065945022076,0.047711009764316636,0.09430138156957701
0.6839945280437757,0.8403361344537815,0.7541478129713424,0.7830508474576271,0.5286426434980772,5340,3570,1770,0.6166451439332796,0.7573838103623696,3,9,Logistic Regression,missing_5pct,0.05,45,0.8013305804083506,0.7097065945022076,0.04718276743700822,0.093061450568928
0.6837451824982997,0.8448179271708683,0.7557950131562461,0.788135593220339,0.5283411669752647,5340,3570,1770,0.6255269904571998,0.7640984091285625,3,9,Logistic Regression,missing_5pct,0.05,46,0.8013305804083506,0.7097065945022076,0.0455355672521045,0.0841796040450078
0.687960687960688,0.7843137254901961,0.7329842931937173,0.7175141242937854,0.5333998005982054,5340,3570,1770,0.5920169649780815,0.7324043836754732,3,9,Logistic Regression,missing_10pct,0.1,42,0.8013305804083506,0.7097065945022076,0.06834628721463332,0.1176896295241261
0.6850602409638554,0.7963585434173669,0.7365284974093265,0.7384180790960452,0.5289702321606609,5340,3570,1770,0.5857351754261026,0.7243914706236452,3,9,Logistic Regression,missing_10pct,0.1,43,0.8013305804083506,0.7097065945022076,0.06480208299902412,0.12397141907610498
0.680969696969697,0.7868347338935574,0.7300844704353476,0.7435028248587571,0.5216659545174002,5340,3570,1770,0.5872033107028123,0.7303554988521699,3,9,Logistic Regression,missing_10pct,0.1,44,0.8013305804083506,0.7097065945022076,0.07124610997300296,0.12250328379939535
0.6835908756438558,0.780672268907563,0.7289132993330718,0.7288135593220338,0.5259293547927646,5340,3570,1770,0.5830745066388137,0.7273277466376991,3,9,Logistic Regression,missing_10pct,0.1,45,0.8013305804083506,0.7097065945022076,0.07241728107527878,0.12663208786339397
0.6874848116646416,0.7924369747899159,0.7362394274560833,0.7265536723163842,0.5329416512367658,5340,3570,1770,0.5995997721122347,0.7401423944582864,3,9,Logistic Regression,missing_10pct,0.1,46,0.8013305804083506,0.7097065945022076,0.0650911529522673,0.11010682238997294
0.6822768434670117,0.738655462184874,0.7093476798924008,0.6937853107344633,0.5224350757252054,5340,3570,1770,0.5574958457959455,0.7059477959679719,3,9,Logistic Regression,missing_20pct,0.2,42,0.8013305804083506,0.7097065945022076,0.09198290051594982,0.15221074870626217
0.6878850102669405,0.7507002801120448,0.7179212429681222,0.6870056497175141,0.5318473151972654,5340,3570,1770,0.5548366804348858,0.7052505781811168,3,9,Logistic Regression,missing_20pct,0.2,43,0.8013305804083506,0.7097065945022076,0.08340933744022838,0.15486991406732187
0.6831402831402832,0.7434173669467787,0.7120053655264923,0.6954802259887005,0.5239685704790391,5340,3570,1770,0.562378262039279,0.7113122605672647,3,9,Logistic Regression,missing_20pct,0.2,44,0.8013305804083506,0.7097065945022076,0.0893252148818583,0.14732833246292865
0.6773782198418771,0.7439775910364146,0.7091176077960218,0.7146892655367232,0.5146441627498457,5340,3570,1770,0.5517523619617339,0.7069525418882634,3,9,Logistic Regression,missing_20pct,0.2,45,0.8013305804083506,0.7097065945022076,0.09221297261232875,0.1579542325404737
0.6824376446387246,0.7434173669467787,0.7116235420297627,0.6977401129943502,0.5228386269762142,5340,3570,1770,0.5639568595799902,0.7098295760212683,3,9,Logistic Regression,missing_20pct,0.2,46,0.8013305804083506,0.7097065945022076,0.08970703837858784,0.14574973492221743
0.6841408525284618,0.7238095238095238,0.7034163604192187,0.6740112994350282,0.5248991121872477,5340,3570,1770,0.5510027061672126,0.7053578503709077,3,9,Logistic Regression,missing_30pct,0.3,42,0.8013305804083506,0.7097065945022076,0.09791421998913186,0.15870388833499505
0.6812434141201265,0.7243697478991596,0.7021449904968775,0.6836158192090396,0.5203769643450601,5340,3570,1770,0.5409348146038075,0.696878959021373,3,9,Logistic Regression,missing_30pct,0.3,43,0.8013305804083506,0.7097065945022076,0.09918558991147308,0.1687717798984001
0.6779308552118534,0.730532212885154,0.7032492921666442,0.7,0.515266106442577,5340,3570,1770,0.5434329551029451,0.6979968441803437,3,9,Logistic Regression,missing_30pct,0.3,44,0.8013305804083506,0.7097065945022076,0.09808128824170637,0.16627363939926254
0.6761378584583004,0.7198879551820728,0.6973273639940306,0.6954802259887005,0.5122038645966861,5340,3570,1770,0.5391212869328522,0.6984156827797926,3,9,Logistic Regression,missing_30pct,0.3,45,0.8013305804083506,0.7097065945022076,0.10400321641431998,0.17058530756935542
0.6842940243257536,0.7249299719887955,0.7040261153427638,0.6745762711864407,0.5251768504011773,5340,3570,1770,0.5553771226004526,0.7064198374893703,3,9,Logistic Regression,missing_30pct,0.3,46,0.8013305804083506,0.7097065945022076,0.09730446506558676,0.15432947190175506
0.7279852466574458,0.884593837535014,0.7986848760748609,0.6666666666666666,0.6089635854341736,5340,3570,1770,0.7290447704505532,0.841885359079712,3,9,Random Forest,missing_5pct,0.05,42,0.7962414725189857,0.7273101330927851,-0.0024434035558752454,-0.0017346373577680207
0.7297862453531598,0.8798319327731092,0.7978155956311913,0.6570621468926554,0.6113848929402269,5340,3570,1770,0.7295661428413174,0.8414085934254986,3,9,Random Forest,missing_5pct,0.05,43,0.7962414725189857,0.7273101330927851,-0.0015741231122056165,-0.0022560097485322395
0.7303135888501742,0.880672268907563,0.7984761904761905,0.6559322033898305,0.6123700327588663,5340,3570,1770,0.7270963300574467,0.8359727949339542,3,9,Random Forest,missing_5pct,0.05,44,0.7962414725189857,0.7273101330927851,-0.002234717957204757,0.00021380303533846678
0.7281598513011153,0.8778711484593837,0.7960375920751841,0.6610169491525424,0.6084270996534207,5340,3570,1770,0.7269520011394388,0.839263689414085,3,9,Random Forest,missing_5pct,0.05,45,0.7962414725189857,0.7273101330927851,0.0002038804438015962,0.0003581319533463301
0.728092485549133,0.8820728291316526,0.7977200759974667,0.6644067796610169,0.6088330247353179,5340,3570,1770,0.7271736378167086,0.8378974813009936,3,9,Random Forest,missing_5pct,0.05,46,0.7962414725189857,0.7273101330927851,-0.0014786034784810553,0.00013649527607650924
0.7238352464550979,0.9008403361344538,0.8026956196181205,0.6932203389830508,0.6038099985757015,5340,3570,1770,0.7239750589501337,0.8380535370282475,3,9,Random Forest,missing_10pct,0.1,42,0.7962414725189857,0.7273101330927851,-0.006454147099134833,0.0033350741426514396
0.7206641238501234,0.8997198879551821,0.8002989909056932,0.7033898305084746,0.5981650287233538,5340,3570,1770,0.7243026476127175,0.8398536089974766,3,9,Random Forest,missing_10pct,0.1,43,0.7962414725189857,0.7273101330927851,-0.004057518386707537,0.0030074854800676842
0.7264765326746014,0.9061624649859944,0.806431509410445,0.688135593220339,0.6090134358828277,5340,3570,1770,0.7260970263811739,0.836605559631742,3,9,Random Forest,missing_10pct,0.1,44,0.7962414725189857,0.7273101330927851,-0.010190036891459253,0.0012131067116112337
0.7237196765498652,0.9025210084033614,0.8032909498878086,0.6949152542372882,0.6038028770830366,5340,3570,1770,0.7248484704616309,0.8379981917475905,3,9,Random Forest,missing_10pct,0.1,45,0.7962414725189857,0.7273101330927851,-0.007049477368822887,0.0024616626311542156
0.7226966292134831,0.9008403361344538,0.801995012468828,0.6971751412429379,0.601832597445758,5340,3570,1770,0.7243350108404943,0.8373534928931471,3,9,Random Forest,missing_10pct,0.1,46,0.7962414725189857,0.7273101330927851,-0.00575353994984229,0.002975122252290796
0.7102066908161091,0.9336134453781513,0.8067287909960063,0.768361581920904,0.5826259317286236,5340,3570,1770,0.7031207963411352,0.8238539702930224,3,9,Random Forest,missing_20pct,0.2,42,0.7962414725189857,0.7273101330927851,-0.010487318477020557,0.024189336751649915
0.7134627693620653,0.9366946778711485,0.8099794114085018,0.7587570621468926,0.5889688078621279,5340,3570,1770,0.7105625979205241,0.82977260567026,3,9,Random Forest,missing_20pct,0.2,43,0.7962414725189857,0.7273101330927851,-0.013737938889516133,0.01674753517226102
0.7159115310285592,0.9338935574229692,0.8105020055913456,0.747457627118644,0.5932179651521625,5340,3570,1770,0.7059746158350346,0.8225608470542041,3,9,Random Forest,missing_20pct,0.2,44,0.7962414725189857,0.7273101330927851,-0.01426053307235986,0.021335517257750514
0.7134603038733148,0.9338935574229692,0.8089287880625986,0.7564971751412429,0.5886981911408631,5340,3570,1770,0.7078679042238365,0.8236753098865844,3,9,Random Forest,missing_20pct,0.2,45,0.7962414725189857,0.7273101330927851,-0.01268731554361291,0.01944222886894864
0.714376860910251,0.9408963585434174,0.812137330754352,0.7587570621468926,0.5910696481982624,5340,3570,1770,0.7096406811312096,0.8241638762714987,3,9,Random Forest,missing_20pct,0.2,46,0.7962414725189857,0.7273101330927851,-0.015895858235366322,0.017669451961575544
0.7010500308832612,0.9537815126050421,0.8081167675329298,0.8203389830508474,0.5667212647770973,5340,3570,1770,0.6786599724635618,0.8052464490671376,3,9,Random Forest,missing_30pct,0.3,42,0.7962414725189857,0.7273101330927851,-0.011875295013944132,0.04865016062922334
0.7057854642783611,0.9602240896358544,0.8135754123650172,0.8073446327683615,0.5764397284337464,5340,3570,1770,0.6875868426466633,0.8128143217911117,3,9,Random Forest,missing_30pct,0.3,43,0.7962414725189857,0.7273101330927851,-0.017333939846031488,0.039723290446121884
0.70351345798233,0.9591036414565827,0.8116629133578286,0.8152542372881356,0.5719247020842235,5340,3570,1770,0.6848084318473151,0.8080971738272582,3,9,Random Forest,missing_30pct,0.3,44,0.7962414725189857,0.7273101330927851,-0.015421440838842893,0.042501701245470036
0.7045171985080813,0.9523809523809523,0.8099094807050977,0.8056497175141243,0.5733656174334141,5340,3570,1770,0.6854455680577316,0.8061726890890595,3,9,Random Forest,missing_30pct,0.3,45,0.7962414725189857,0.7273101330927851,-0.013668008186112024,0.041864565035053536
0.705990972507181,0.9638655462184874,0.8150165798199905,0.8096045197740113,0.5771305132222381,5340,3570,1770,0.6884981563246768,0.81008383669481,3,9,Random Forest,missing_30pct,0.3,46,0.7962414725189857,0.7273101330927851,-0.018775107301004845,0.038811976768108325
0.7437393629953805,0.8568627450980392,0.7963035272679942,0.5954802259887005,0.6306912595546693,5340,3570,1770,0.7490586969250977,0.8582781833797055,3,9,XGBoost,missing_5pct,0.05,42,0.8014676975494692,0.7607711785279083,0.005164170281474978,0.011712481602810576
0.737629736905624,0.8560224089635854,0.7924283676909114,0.6141242937853107,0.6209490575891373,5340,3570,1770,0.7369504185855132,0.8505910653854863,3,9,XGBoost,missing_5pct,0.05,43,0.8014676975494692,0.7607711785279083,0.00903932985855782,0.023820759942395076
0.7400388726919339,0.8532212885154061,0.7926099401509238,0.6045197740112994,0.6243507572520534,5340,3570,1770,0.7398003608222951,0.854474288848039,3,9,XGBoost,missing_5pct,0.05,44,0.8014676975494692,0.7607711785279083,0.00885775739854544,0.020970817705613265
0.7403355215171408,0.8529411764705882,0.792659117532214,0.6033898305084746,0.6247756729810569,5340,3570,1770,0.7378610201142604,0.850757423081004,3,9,XGBoost,missing_5pct,0.05,45,0.8014676975494692,0.7607711785279083,0.008808580017255263,0.022910158413647963
0.7419354838709677,0.8504201680672269,0.7924823805794832,0.5966101694915255,0.6269049992878507,5340,3570,1770,0.7393202930889871,0.8559889984567038,3,9,XGBoost,missing_5pct,0.05,46,0.8014676975494692,0.7607711785279083,0.008985316969986057,0.021450885438921263
0.7325998564936618,0.8579831932773109,0.7903496323055089,0.631638418079096,0.6131723875991074,5340,3570,1770,0.7222812514836443,0.8334567871955505,3,9,XGBoost,missing_10pct,0.1,42,0.8014676975494692,0.7607711785279083,0.011118065243960307,0.038489927044264016
0.731812725090036,0.853781512605042,0.7881060116354234,0.6310734463276836,0.6113540331386792,5340,3570,1770,0.715585782335533,0.8299074996651837,3,9,XGBoost,missing_10pct,0.1,43,0.8014676975494692,0.7607711785279083,0.013361685914045851,0.04518539619237527
0.7304097771387491,0.853781512605042,0.7872917473847346,0.635593220338983,0.6090941461330295,5340,3570,1770,0.7198247321527482,0.8321401266353329,3,9,XGBoost,missing_10pct,0.1,44,0.8014676975494692,0.7607711785279083,0.014175950164734608,0.040946446375160095
0.7336890613630851,0.8473389355742297,0.7864292213700766,0.6203389830508474,0.6134999762616911,5340,3570,1770,0.7163875832819004,0.8287782327286866,3,9,XGBoost,missing_10pct,0.1,45,0.8014676975494692,0.7607711785279083,0.01503847617939258,0.04438359524600788
0.7353646833013435,0.8585434173669467,0.7921943654691135,0.6231638418079096,0.6176897877795186,5340,3570,1770,0.718354143917454,0.8356639112270958,3,9,XGBoost,missing_10pct,0.1,46,0.8014676975494692,0.7607711785279083,0.009273332080355745,0.04241703461045432
0.722170032879286,0.8613445378151261,0.7856412876852324,0.668361581920904,0.5964914779471111,5340,3570,1770,0.6772020446596717,0.7936534758876539,3,9,XGBoost,missing_20pct,0.2,42,0.8014676975494692,0.7607711785279083,0.01582640986423678,0.08356913386823661
0.7154337036161664,0.8478991596638655,0.776054352006153,0.6802259887005649,0.5838365854816503,5340,3570,1770,0.6688775736283215,0.7950790081966759,3,9,XGBoost,missing_20pct,0.2,43,0.8014676975494692,0.7607711785279083,0.0254133455433162,0.09189360489958687
0.7226792009400705,0.8613445378151261,0.7859424920127795,0.6666666666666666,0.5973389355742297,5340,3570,1770,0.6789583630062194,0.7988653073243294,3,9,XGBoost,missing_20pct,0.2,44,0.8014676975494692,0.7607711785279083,0.015525205536689679,0.08181281552168895
0.7255836112434493,0.8532212885154061,0.7842430484037075,0.6508474576271186,0.6011869154441437,5340,3570,1770,0.6805262783079333,0.7945184502483067,3,9,XGBoost,missing_20pct,0.2,45,0.8014676975494692,0.7607711785279083,0.017224649145761717,0.08024490021997499
0.7191037735849056,0.8540616246498599,0.7807938540332906,0.6728813559322034,0.5905901343588282,5340,3570,1770,0.6818540410514488,0.8047964960301043,3,9,XGBoost,missing_20pct,0.2,46,0.8014676975494692,0.7607711785279083,0.020673843516178625,0.07891713747645956
0.71398891966759,0.8663865546218488,0.782839787395596,0.7,0.5831932773109244,5340,3570,1770,0.6502382534934878,0.772427252249325,3,9,XGBoost,missing_30pct,0.3,42,0.8014676975494692,0.7607711785279083,0.018627910153873217,0.11053292503442047
0.7101925786754345,0.8470588235294118,0.7726111394992335,0.6971751412429379,0.574941841143237,5340,3570,1770,0.6437730459415405,0.7695279616653828,3,9,XGBoost,missing_30pct,0.3,43,0.8014676975494692,0.7607711785279083,0.02885655805023568,0.11699813258636782
0.7116148632858145,0.8529411764705882,0.7758950184736909,0.6971751412429379,0.5778830176138252,5340,3570,1770,0.6481879757552738,0.7732200609368776,3,9,XGBoost,missing_30pct,0.3,44,0.8014676975494692,0.7607711785279083,0.025572679075778315,0.11258320277263456
0.7150903543769068,0.853501400560224,0.778189247861065,0.6858757062146893,0.5838128471727674,5340,3570,1770,0.6408199211888145,0.7682525356477895,3,9,XGBoost,missing_30pct,0.3,45,0.8014676975494692,0.7607711785279083,0.0232784496884042,0.11995125733909384
0.7100023424689623,0.8490196078431372,0.773312922566654,0.6994350282485876,0.5747922897972748,5340,3570,1770,0.6489033692573074,0.7758792590504814,3,9,XGBoost,missing_30pct,0.3,46,0.8014676975494692,0.7607711785279083,0.028154774982815267,0.11186780927060092
0.7129695251594613,0.8453781512605042,0.7735486351403307,0.6864406779661016,0.5794687366472012,5340,3570,1770,0.6832815838199687,0.8227650502392466,3,9,Compact MLP,missing_5pct,0.05,42,0.8057589673575772,0.7152487774770926,0.03221033221724656,0.03196719365712386
0.7143196390406079,0.8425770308123249,0.773165402904511,0.6796610169491526,0.5814580069315862,5340,3570,1770,0.6851339631897957,0.8210002838525021,3,9,Compact MLP,missing_5pct,0.05,43,0.8057589673575772,0.7152487774770926,0.03259356445306627,0.030114814287296898
0.7166392092257001,0.8529411764705882,0.7788719785138765,0.6802259887005649,0.5863575938850116,5340,3570,1770,0.683918720030385,0.8198483410688224,3,9,Compact MLP,missing_5pct,0.05,44,0.8057589673575772,0.7152487774770926,0.026886988843700776,0.03133005744670758
0.7137817497648166,0.8501400560224089,0.7760163641012529,0.6875706214689266,0.5812847172767412,5340,3570,1770,0.6819593600151925,0.8241961859360292,3,9,Compact MLP,missing_5pct,0.05,45,0.8057589673575772,0.7152487774770926,0.029742603256324385,0.03328941746190006
0.715272813914701,0.8408963585434174,0.7730140337324578,0.6751412429378532,0.5828775578027822,5340,3570,1770,0.6800113152605675,0.8248723121067735,3,9,Compact MLP,missing_5pct,0.05,46,0.8057589673575772,0.7152487774770926,0.03274493362511943,0.03523746221652513
0.7087138978030116,0.8042016806722689,0.7534444298648472,0.6666666666666666,0.5687675070028011,5340,3570,1770,0.6502828023864914,0.7941596477903126,3,9,Compact MLP,missing_10pct,0.1,42,0.8057589673575772,0.7152487774770926,0.05231453749273007,0.0649659750906012
0.7123762376237623,0.8061624649859944,0.7563731931668857,0.656497175141243,0.5748326449223757,5340,3570,1770,0.6647809745367074,0.8006837763913155,3,9,Compact MLP,missing_10pct,0.1,43,0.8057589673575772,0.7152487774770926,0.04938577419069157,0.05046780294038522
0.714992577931717,0.8095238095238095,0.7593273778244877,0.6508474576271186,0.5793381759483455,5340,3570,1770,0.6643635759388502,0.7980955342889097,3,9,Compact MLP,missing_10pct,0.1,44,0.8057589673575772,0.7152487774770926,0.04643158953308957,0.050885201538242386
0.7088198757763975,0.7991596638655463,0.7512837393021725,0.6621468926553672,0.5685063856050895,5340,3570,1770,0.6534282865688649,0.7996745354637134,3,9,Compact MLP,missing_10pct,0.1,45,0.8057589673575772,0.7152487774770926,0.05447522805540472,0.06182049090822772
0.710519832471052,0.807843137254902,0.7560623934984926,0.6638418079096046,0.5720006646726488,5340,3570,1770,0.6583182199433445,0.8040749975553038,3,9,Compact MLP,missing_10pct,0.1,46,0.8057589673575772,0.7152487774770926,0.04969657385908466,0.056930557533748094
0.7077294685990339,0.738655462184874,0.7228618421052632,0.6152542372881356,0.5617006124483692,5340,3570,1770,0.620073905268322,0.7621831900918805,3,9,Compact MLP,missing_20pct,0.2,42,0.8057589673575772,0.7152487774770926,0.08289712525231407,0.09517487220877063
0.7113788487282463,0.7442577030812325,0.7274469541409994,0.6090395480225989,0.5676090775293168,5340,3570,1770,0.6247126082071246,0.7673633301927325,3,9,Compact MLP,missing_20pct,0.2,43,0.8057589673575772,0.7152487774770926,0.07831201321657788,0.09053616926996799
0.7079926140859931,0.7518207282913165,0.7292487433772585,0.6254237288135593,0.5631984997388786,5340,3570,1770,0.62474394277485,0.7685834772315806,3,9,Compact MLP,missing_20pct,0.2,44,0.8057589673575772,0.7152487774770926,0.0765102239803187,0.09050483470224258
0.7060549479861297,0.7414565826330533,0.7233228583139774,0.6225988700564972,0.5594288562882781,5340,3570,1770,0.6175256769374415,0.7645384593230007,3,9,Compact MLP,missing_20pct,0.2,45,0.8057589673575772,0.7152487774770926,0.08243610904359988,0.09772310053965105
0.7089767076681497,0.7588235294117647,0.7330537139764578,0.6282485875706215,0.5652874709205716,5340,3570,1770,0.6296111665004985,0.7730255609081182,3,9,Compact MLP,missing_20pct,0.2,46,0.8057589673575772,0.7152487774770926,0.07270525338111944,0.08563761097659406
0.7141643059490085,0.7061624649859944,0.7101408450704225,0.5700564971751413,0.5680529839054266,5340,3570,1770,0.6115608729367453,0.7481571464094301,3,9,Compact MLP,missing_30pct,0.3,42,0.8057589673575772,0.7152487774770926,0.09561812228715472,0.10368790454034726
0.7095959595959596,0.7084033613445379,0.7089991589571069,0.5847457627118644,0.5618287993163367,5340,3570,1770,0.6014534175252022,0.7479305518920994,3,9,Compact MLP,missing_30pct,0.3,43,0.8057589673575772,0.7152487774770926,0.09675980840047038,0.11379535995189038
0.7134370579915135,0.7064425770308124,0.7099225897255453,0.572316384180791,0.5670630964250107,5340,3570,1770,0.6027156625362009,0.7455004075774658,3,9,Compact MLP,missing_30pct,0.3,44,0.8057589673575772,0.7152487774770926,0.0958363776320319,0.11253311494089169
0.7065986972529028,0.6988795518207283,0.7027179270525278,0.5853107344632769,0.5567844086787257,5340,3570,1770,0.5963864754941525,0.7403753737093803,3,9,Compact MLP,missing_30pct,0.3,45,0.8057589673575772,0.7152487774770926,0.10304104030504946,0.11886230198294012
0.7089489824365766,0.7123249299719888,0.7106329467654044,0.5898305084745763,0.5612472107487063,5340,3570,1770,0.6021320166484674,0.748181788613679,3,9,Compact MLP,missing_30pct,0.3,46,0.8057589673575772,0.7152487774770926,0.09512602059217279,0.1131167608286252
0.7301731996353692,0.8496420047732697,0.7853903664664788,0.7668393782383419,0.5414013132674639,5315,3771,1544,0.6211506582138299,0.7839465259145931,4,8,Logistic Regression,missing_5pct,0.05,42,0.8299289019298047,0.6979094961136462,0.04453853546332598,0.0767588378998163
0.7309794988610478,0.850967913020419,0.7864232324470041,0.7648963730569949,0.5430357699817121,5315,3771,1544,0.6183057090998526,0.7809195051161456,4,8,Logistic Regression,missing_5pct,0.05,43,0.8299289019298047,0.6979094961136462,0.04350566948280066,0.07960378701379356
0.7291099000908265,0.8514982763192787,0.785565749235474,0.7726683937823834,0.5394149412684476,5315,3771,1544,0.6173042361737999,0.7899731571977343,4,8,Logistic Regression,missing_5pct,0.05,44,0.8299289019298047,0.6979094961136462,0.044363152694330776,0.08060525993984624
0.7339618303058174,0.8464598249801114,0.7862068965517242,0.7493523316062176,0.5485537466869469,5315,3771,1544,0.6227732641937447,0.7868302236659861,4,8,Logistic Regression,missing_5pct,0.05,45,0.8299289019298047,0.6979094961136462,0.043722005378080575,0.07513623191990149
0.733016304347826,0.858392999204455,0.7907658482960791,0.7636010362694301,0.5473959814675124,5315,3771,1544,0.621900603597402,0.7876172530738172,4,8,Logistic Regression,missing_5pct,0.05,46,0.8299289019298047,0.6979094961136462,0.03916305363372563,0.07600889251624421
0.7340503544365681,0.7963404932378679,0.7639277537522259,0.7046632124352331,0.5458386404013174,5315,3771,1544,0.5955493794337204,0.7627746226583656,4,8,Logistic Regression,missing_10pct,0.1,42,0.8299289019298047,0.6979094961136462,0.06600114817757885,0.10236011667992573
0.7322949622779265,0.7979315831344471,0.7637055837563452,0.7124352331606217,0.5427481749869127,5315,3771,1544,0.5857048541981827,0.7595155776428135,4,8,Logistic Regression,missing_10pct,0.1,43,0.8299289019298047,0.6979094961136462,0.0662233181734595,0.11220464191546342
0.7349866277656212,0.8016441262264651,0.7668696093353627,0.7059585492227979,0.5478427885018335,5315,3771,1544,0.5872214905681894,0.7601608104839133,4,8,Logistic Regression,missing_10pct,0.1,44,0.8299289019298047,0.6979094961136462,0.06305929259444198,0.11068800554545677
0.7367643437576952,0.7934234950941395,0.7640449438202247,0.6923575129533679,0.5505329910703858,5315,3771,1544,0.594617636915484,0.7686622091844835,4,8,Logistic Regression,missing_10pct,0.1,45,0.8299289019298047,0.6979094961136462,0.06588395810958003,0.1032918591981622
0.7318313953488372,0.8011137629276054,0.7649069502468667,0.7169689119170984,0.5420724255052535,5315,3771,1544,0.5898236713781064,0.7620330373597208,4,8,Logistic Regression,missing_10pct,0.1,46,0.8299289019298047,0.6979094961136462,0.065021951682938,0.10808582473553974
0.7339785508762752,0.7440997083001857,0.739004477218857,0.658678756476684,0.5427104759117509,5315,3771,1544,0.5694012493765483,0.748861175873597,4,8,Logistic Regression,missing_20pct,0.2,42,0.8299289019298047,0.6979094961136462,0.09092442471094775,0.12850824673709782
0.7314404792914821,0.7446300715990454,0.7379763469119579,0.6677461139896373,0.538441978804704,5315,3771,1544,0.5602214816372012,0.7411892409925007,4,8,Logistic Regression,missing_20pct,0.2,43,0.8299289019298047,0.6979094961136462,0.09195255501784683,0.13768801447644496
0.7284561312158292,0.7419782551047468,0.7351550183920126,0.6755181347150259,0.5332300601948604,5315,3771,1544,0.5509638253758229,0.7371872951217753,4,8,Logistic Regression,missing_20pct,0.2,44,0.8299289019298047,0.6979094961136462,0.09477388353779215,0.14694567073782328
0.7313394018205461,0.7456907981967648,0.7384453781512605,0.6690414507772021,0.5383246737097813,5315,3771,1544,0.5614214973007805,0.7470658359008358,4,8,Logistic Regression,missing_20pct,0.2,45,0.8299289019298047,0.6979094961136462,0.09148352377854418,0.13648799881286566
0.732675837010122,0.7486077963404932,0.7405561385099685,0.667098445595855,0.5407546753723191,5315,3771,1544,0.5628603310236424,0.7417104054242156,4,8,Logistic Regression,missing_20pct,0.2,46,0.8299289019298047,0.6979094961136462,0.08937276341983624,0.13504916509000375
0.7310050653159158,0.7271280827366746,0.7290614198351503,0.6534974093264249,0.5368153367051249,5315,3771,1544,0.5570830980361443,0.7390529265921719,4,8,Logistic Regression,missing_30pct,0.3,42,0.8299289019298047,0.6979094961136462,0.10086748209465446,0.14082639807750186
0.7259318852239206,0.7178467250066295,0.7218666666666667,0.6619170984455959,0.5279648132805168,5315,3771,1544,0.540927713268563,0.7316434521843326,4,8,Logistic Regression,missing_30pct,0.3,43,0.8299289019298047,0.6979094961136462,0.10806223526313807,0.15698178284508313
0.7247535305089262,0.7212940864492177,0.7230196703880915,0.6690414507772021,0.5261263178360078,5315,3771,1544,0.5388590731283054,0.7299194040227883,4,8,Logistic Regression,missing_30pct,0.3,44,0.8299289019298047,0.6979094961136462,0.10690923154171328,0.15905042298534078
0.7292623615239124,0.7157252718111906,0.7224304068522484,0.6489637305699482,0.5333807706206213,5315,3771,1544,0.5482335192352875,0.7383451525591738,4,8,Logistic Regression,missing_30pct,0.3,45,0.8299289019298047,0.6979094961136462,0.10749849507755638,0.14967597687835865
0.7314104260386346,0.7329620790241316,0.7321854304635762,0.6573834196891192,0.5377893296675063,5315,3771,1544,0.5525714891254914,0.735618964984956,4,8,Logistic Regression,missing_30pct,0.3,46,0.8299289019298047,0.6979094961136462,0.09774347146622853,0.1453380069881548
0.7634062140391255,0.8796075311588438,0.8173977328733366,0.6658031088082902,0.6069022111752769,5315,3771,1544,0.6930440826707227,0.8388575639179258,4,8,Random Forest,missing_5pct,0.05,42,0.8088844271552265,0.6875480040615387,-0.008513305718110153,-0.005496078609183996
0.7630549804462848,0.8796075311588438,0.8171963537817196,0.667098445595855,0.6062545427814945,5315,3771,1544,0.6941083301387876,0.8378193601028955,4,8,Random Forest,missing_5pct,0.05,43,0.8088844271552265,0.6875480040615387,-0.00831192662649316,-0.006560326077248879
0.766320645905421,0.8809334394059931,0.8196397730076487,0.6560880829015544,0.6124226782522193,5315,3771,1544,0.6923508147122229,0.8367836202462322,4,8,Random Forest,missing_5pct,0.05,44,0.8088844271552265,0.6875480040615387,-0.010755345852422216,-0.004802810650684219
0.7628913443830571,0.8788119862105542,0.8167590881084411,0.667098445595855,0.6058567703073496,5315,3771,1544,0.6919156007875757,0.8368774862752004,4,8,Random Forest,missing_5pct,0.05,45,0.8088844271552265,0.6875480040615387,-0.007874660953214652,-0.004367596726037037
0.7650046168051708,0.8788119862105542,0.817968653585092,0.6593264248704663,0.609742780670044,5315,3771,1544,0.693456282125795,0.8347141862625849,4,8,Random Forest,missing_5pct,0.05,46,0.8088844271552265,0.6875480040615387,-0.009084226429865505,-0.0059082780642563115
0.7619686800894855,0.9032086979581013,0.8265987137483315,0.689119170984456,0.6070447634868227,5315,3771,1544,0.6946184269644395,0.8397886741354932,4,8,Random Forest,missing_10pct,0.1,42,0.8088844271552265,0.6875480040615387,-0.017714286593105033,-0.00707042290290083
0.7586130251166926,0.9050649695041103,0.8253929866989117,0.7033678756476683,0.600848546928221,5315,3771,1544,0.6999577839058096,0.8445659328375067,4,8,Random Forest,missing_10pct,0.1,43,0.8088844271552265,0.6875480040615387,-0.01650855954368524,-0.01240977984427094
0.7607676857844231,0.9040042429063909,0.8262239457101309,0.694300518134715,0.6048518623858379,5315,3771,1544,0.6946813732562245,0.8406671742437112,4,8,Random Forest,missing_10pct,0.1,44,0.8088844271552265,0.6875480040615387,-0.017339518554904454,-0.007133369194685768
0.7588888888888888,0.90559533280297,0.8257768105428606,0.7027202072538861,0.601437562774542,5315,3771,1544,0.6948281334372076,0.8387264910768413,4,8,Random Forest,missing_10pct,0.1,45,0.8088844271552265,0.6875480040615387,-0.016892383387634102,-0.007280129375668909
0.7613509282039812,0.9026783346592416,0.8260131036156273,0.6910621761658031,0.6058080792467193,5315,3771,1544,0.6943036955055146,0.8368742638220468,4,8,Random Forest,missing_10pct,0.1,46,0.8088844271552265,0.6875480040615387,-0.017128676460400838,-0.00675569144397592
0.7524416135881105,0.9398037655794219,0.8357505011201509,0.7551813471502591,0.5923112092145815,5315,3771,1544,0.6952777743427823,0.8380335883653779,4,8,Random Forest,missing_20pct,0.2,42,0.8088844271552265,0.6875480040615387,-0.026866073964924464,-0.007729770281243553
0.7463722397476341,0.9411296738265712,0.8325123152709359,0.7810880829015544,0.5800207954625084,5315,3771,1544,0.7023630536010432,0.8481857200999061,4,8,Random Forest,missing_20pct,0.2,43,0.8088844271552265,0.6875480040615387,-0.023627888115709483,-0.014815049539504521
0.7484183888654576,0.9411296738265712,0.8337836250440502,0.7726683937823834,0.5842306400220939,5315,3771,1544,0.6911738993931049,0.8390302530662417,4,8,Random Forest,missing_20pct,0.2,44,0.8088844271552265,0.6875480040615387,-0.024899197888823776,-0.003625895331566209
0.748526936026936,0.9432511270220101,0.8346826234893817,0.7739637305699482,0.5846436982260309,5315,3771,1544,0.6911574114149022,0.8372406133656726,4,8,Random Forest,missing_20pct,0.2,45,0.8088844271552265,0.6875480040615387,-0.025798196334155254,-0.0036094073533634585
0.7504753855905345,0.9419252187748608,0.8353715898400753,0.7648963730569949,0.588514422858933,5315,3771,1544,0.6926020846300441,0.8375569116723868,4,8,Random Forest,missing_20pct,0.2,46,0.8088844271552265,0.6875480040615387,-0.026487162684848853,-0.005054080568505426
0.7418300653594772,0.9631397507292495,0.8381216107072805,0.8186528497409327,0.5722434504941585,5315,3771,1544,0.6852273211294815,0.8330780560647648,4,8,Random Forest,missing_30pct,0.3,42,0.8088844271552265,0.6875480040615387,-0.02923718355205407,0.0023206829320572275
0.7367135003054368,0.9594272076372315,0.8334485141672425,0.8374352331606217,0.5609959872383049,5315,3771,1544,0.690215707409835,0.8393656491436392,4,8,Random Forest,missing_30pct,0.3,43,0.8088844271552265,0.6875480040615387,-0.024564087012016067,-0.0026677033482962464
0.7330903199675982,0.9599575709360912,0.8313239177861982,0.8536269430051814,0.553165313965455,5315,3771,1544,0.6721284811961479,0.8296780410897285,4,8,Random Forest,missing_30pct,0.3,44,0.8088844271552265,0.6875480040615387,-0.022439490630971726,0.015419522865390833
0.7391127391127391,0.9631397507292495,0.836384571099597,0.8303108808290155,0.566414434950117,5315,3771,1544,0.6826288329396829,0.8303237348687342,4,8,Random Forest,missing_30pct,0.3,45,0.8088844271552265,0.6875480040615387,-0.027500143944370503,0.004919171121855803
0.7391215526046987,0.9594272076372315,0.8349873067159013,0.8270725388601037,0.566177334388564,5315,3771,1544,0.6824934082437142,0.830649976650708,4,8,Random Forest,missing_30pct,0.3,46,0.8088844271552265,0.6875480040615387,-0.026102879560674808,0.005054595817824525
0.7591535901093676,0.8467250066295412,0.8005515858092015,0.6560880829015544,0.5953184618639934,5315,3771,1544,0.683122270037359,0.8372266100307708,4,8,XGBoost,missing_5pct,0.05,42,0.8010616784630941,0.6987582834915492,0.0005100926538925687,0.01563601345419019
0.7553769794374853,0.8475205515778308,0.7988002999250188,0.6703367875647669,0.588591882006532,5315,3771,1544,0.6808095734697439,0.8369369710245544,4,8,XGBoost,missing_5pct,0.05,43,0.8010616784630941,0.6987582834915492,0.002261378538075287,0.017948710021805314
0.7584309973690505,0.8408910103420844,0.7975352112676056,0.6541450777202072,0.5933729663109386,5315,3771,1544,0.6849652309759646,0.8373972859398934,4,8,XGBoost,missing_5pct,0.05,44,0.8010616784630941,0.6987582834915492,0.0035264671954884363,0.013793052515584603
0.7587195413282369,0.8422169185892336,0.7982908131205229,0.6541450777202072,0.5940359204345131,5315,3771,1544,0.6798843574428795,0.8362597364692715,4,8,XGBoost,missing_5pct,0.05,45,0.8010616784630941,0.6987582834915492,0.002770865342571205,0.018873926048669776
0.7627684964200477,0.8475205515778308,0.802914206757945,0.6437823834196891,0.6018690840790708,5315,3771,1544,0.6913286459385299,0.8426407752920194,4,8,XGBoost,missing_5pct,0.05,46,0.8010616784630941,0.6987582834915492,-0.0018525282948509414,0.007429637553019286
0.7546198830409356,0.8554760010607266,0.8018891374596072,0.6794041450777202,0.5880359279915032,5315,3771,1544,0.6728244112761284,0.8270029274004809,4,8,XGBoost,missing_10pct,0.1,42,0.8010616784630941,0.6987582834915492,-0.0008274589965131529,0.025933872215420872
0.7537383177570094,0.8554760010607266,0.8013911315364551,0.6826424870466321,0.5864167570070473,5315,3771,1544,0.6714897437905587,0.8230612719639767,4,8,XGBoost,missing_10pct,0.1,43,0.8010616784630941,0.6987582834915492,-0.00032945307336107454,0.027268539700990524
0.7521831484540948,0.8451339167329621,0.795954045954046,0.6800518134715026,0.5825410516307298,5315,3771,1544,0.6709653917337521,0.8233359349150879,4,8,XGBoost,missing_10pct,0.1,44,0.8010616784630941,0.6987582834915492,0.00510763250904811,0.02779289175779709
0.7586045422617654,0.8591885441527446,0.805769709027605,0.6677461139896373,0.5957212150815536,5315,3771,1544,0.6735955677566594,0.8275784197846014,4,8,XGBoost,missing_10pct,0.1,45,0.8010616784630941,0.6987582834915492,-0.004708030564510968,0.025162715734889818
0.7582781456953642,0.8501723680721294,0.8016002000250031,0.6619170984455959,0.5941276348132667,5315,3771,1544,0.6753317862113786,0.8271477630368843,4,8,XGBoost,missing_10pct,0.1,46,0.8010616784630941,0.6987582834915492,-0.0005385215619090333,0.023426497280170655
0.7462720807524662,0.8626359055953328,0.8002460024600246,0.716321243523316,0.5731573310360083,5315,3771,1544,0.640893208739178,0.8036024564942399,4,8,XGBoost,missing_20pct,0.2,42,0.8010616784630941,0.6987582834915492,0.000815676003069421,0.05786507475237124
0.7419646899049344,0.8692654468310793,0.8005861521553304,0.7383419689119171,0.5654617389595811,5315,3771,1544,0.6347262755168638,0.7977433321718564,4,8,XGBoost,missing_20pct,0.2,43,0.8010616784630941,0.6987582834915492,0.0004755263077637073,0.06403200797468545
0.7378353797180537,0.8605144523998939,0.7944668870118742,0.7467616580310881,0.5568763971844028,5315,3771,1544,0.6381962220545945,0.7998113151000803,4,8,XGBoost,missing_20pct,0.2,44,0.8010616784630941,0.6987582834915492,0.0065947914512198835,0.06056206143695475
0.7486814950699381,0.8658180853884911,0.8030004918839154,0.7098445595854922,0.5779867629014994,5315,3771,1544,0.6469264347632533,0.8056662664205491,4,8,XGBoost,missing_20pct,0.2,45,0.8010616784630941,0.6987582834915492,-0.0019388134208213614,0.05183184872829594
0.7463983535330436,0.8655529037390612,0.8015717092337917,0.7182642487046632,0.573644327517199,5315,3771,1544,0.6470476042280672,0.8065464280390828,4,8,XGBoost,missing_20pct,0.2,46,0.8010616784630941,0.6987582834915492,-0.000510030770697667,0.05171067926348205
0.7448522829006267,0.8825245293025723,0.8078650321640976,0.7383419689119171,0.5720912801953276,5315,3771,1544,0.6275707506014676,0.7910190241482482,4,8,XGBoost,missing_30pct,0.3,42,0.8010616784630941,0.6987582834915492,-0.0068033537010034895,0.07118753289008162
0.7369007803790413,0.8764253513656854,0.8006298449612403,0.7642487046632125,0.5560883233512365,5315,3771,1544,0.6124417424770164,0.7798070023350903,4,8,XGBoost,missing_30pct,0.3,43,0.8010616784630941,0.6987582834915492,0.00043183350185371783,0.08631654101453279
0.7297237076648841,0.8684699018827897,0.7930742220607822,0.7856217616580311,0.5414240701123794,5315,3771,1544,0.6056144313777218,0.7811984345627291,4,8,XGBoost,missing_30pct,0.3,44,0.8010616784630941,0.6987582834915492,0.00798745640231191,0.09314385211382747
0.7371695178849145,0.8798727128082736,0.8022243713733076,0.7661917098445595,0.556840501481857,5315,3771,1544,0.6153912013278319,0.7847348808582848,4,8,XGBoost,missing_30pct,0.3,45,0.8010616784630941,0.6987582834915492,-0.0011626929102135364,0.08336708216371735
0.7365820794969683,0.869795810129939,0.7976653696498055,0.7597150259067358,0.5550403921116016,5315,3771,1544,0.619671549169212,0.7843536140200831,4,8,XGBoost,missing_30pct,0.3,46,0.8010616784630941,0.6987582834915492,0.003396308813288562,0.07908673432233726
0.7384615384615385,0.8528241845664281,0.7915333497415703,0.7376943005181347,0.5575649420241466,5315,3771,1544,0.6471091765216685,0.7997133925465364,4,8,Compact MLP,missing_5pct,0.05,42,0.8050584586017657,0.6723995023378578,0.013525108860195423,0.025290325816189285
0.7356268760101593,0.8448687350835322,0.7864724759318686,0.741580310880829,0.5516442121013516,5315,3771,1544,0.6355063629855882,0.7921714579203614,4,8,Compact MLP,missing_5pct,0.05,43,0.8050584586017657,0.6723995023378578,0.018585982669897083,0.03689313935226968
0.736914918146184,0.8475205515778308,0.7883571780957079,0.7389896373056994,0.5542654571360657,5315,3771,1544,0.647018922015985,0.8006632821080928,4,8,Compact MLP,missing_5pct,0.05,44,0.8050584586017657,0.6723995023378578,0.016701280506057792,0.025380580321872848
0.7387156817124244,0.8419517369398037,0.7869624488784236,0.7273316062176166,0.5573100653610936,5315,3771,1544,0.6478920978616467,0.8018063392596995,4,8,Compact MLP,missing_5pct,0.05,45,0.8050584586017657,0.6723995023378578,0.018096009723342132,0.024507404476211136
0.7421282463801425,0.8562715460090162,0.7951243536074858,0.7266839378238342,0.5647938040925911,5315,3771,1544,0.6446216386851936,0.7970107658963957,4,8,Compact MLP,missing_5pct,0.05,46,0.8050584586017657,0.6723995023378578,0.009934104994279935,0.027777863652664214
0.7424945081767147,0.8066825775656324,0.7732587697000508,0.6832901554404145,0.5616962110626089,5315,3771,1544,0.6289358177968489,0.7887566884073487,4,8,Compact MLP,missing_10pct,0.1,42,0.8050584586017657,0.6723995023378578,0.03179968890171492,0.04346368454100891
0.7441401431038737,0.7997878546804561,0.7709611451942741,0.6716321243523317,0.5640778651640622,5315,3771,1544,0.6280648746982356,0.7876291369317894,4,8,Compact MLP,missing_10pct,0.1,43,0.8050584586017657,0.6723995023378578,0.03409731340749167,0.04433462763962226
0.7482707509881423,0.8032352161230443,0.774779383552884,0.6599740932642487,0.5716305614293977,5315,3771,1544,0.635821953193378,0.7907024965645568,4,8,Compact MLP,missing_10pct,0.1,44,0.8050584586017657,0.6723995023378578,0.03027907504888172,0.03657754914447986
0.7441227418955704,0.7974012198355874,0.7698412698412699,0.6696891191709845,0.5638560503323015,5315,3771,1544,0.6303218384645295,0.7880284149362438,4,8,Compact MLP,missing_10pct,0.1,45,0.8050584586017657,0.6723995023378578,0.03521718876049584,0.04207766387332834
0.7396551724137931,0.7963404932378679,0.7669518580002554,0.6845854922279793,0.5558775005049443,5315,3771,1544,0.6157431166125998,0.7772206937405806,4,8,Compact MLP,missing_10pct,0.1,46,0.8050584586017657,0.6723995023378578,0.038106600601510277,0.056656385725257996
0.7439057792385648,0.7202333598514983,0.7318781999461061,0.6055699481865285,0.5573317058324849,5315,3771,1544,0.5901416660827175,0.7617302658405359,4,8,Compact MLP,missing_20pct,0.2,42,0.8050584586017657,0.6723995023378578,0.07318025865565958,0.08225783625514038
0.7454744925946243,0.720763723150358,0.7329108804098692,0.6010362694300518,0.5598637268601531,5315,3771,1544,0.5902048699991619,0.7601389536567669,4,8,Compact MLP,missing_20pct,0.2,43,0.8050584586017657,0.6723995023378578,0.07214757819189654,0.08219463233869595
0.7517184492713775,0.7250066295412357,0.7381209503239741,0.5848445595854922,0.5700810349778718,5315,3771,1544,0.6048944563295287,0.7686623980045753,4,8,Compact MLP,missing_20pct,0.2,44,0.8050584586017657,0.6723995023378578,0.06693750827779166,0.06750504600832918
0.7486293859649122,0.7242110845929461,0.736217819113088,0.5939119170984456,0.5651495837472502,5315,3771,1544,0.602250969699218,0.7661991741204075,4,8,Compact MLP,missing_20pct,0.2,45,0.8050584586017657,0.6723995023378578,0.06884063948867769,0.07014853263863985
0.7482862626816561,0.7236807212940864,0.7357778376921003,0.594559585492228,0.5645605679009292,5315,3771,1544,0.5938227789662862,0.7580960833687633,4,8,Compact MLP,missing_20pct,0.2,46,0.8050584586017657,0.6723995023378578,0.06928062090966547,0.07857672337157162
0.7395362842517315,0.6512861309997349,0.6926113931190073,0.5602331606217616,0.5455264851889866,5315,3771,1544,0.5721401430057309,0.7495170628293588,4,8,Compact MLP,missing_30pct,0.3,42,0.8050584586017657,0.6723995023378578,0.1124470654827584,0.10025935933212693
0.745849683066707,0.6552638557411827,0.6976284584980237,0.5453367875647669,0.554963534088208,5315,3771,1544,0.573551067390489,0.7468810776463009,4,8,Compact MLP,missing_30pct,0.3,43,0.8050584586017657,0.6723995023378578,0.10743000010374204,0.09884843494736884
0.7435512897420515,0.6573853089366216,0.6978184377199156,0.5537564766839378,0.5518144161263419,5315,3771,1544,0.5752575731344883,0.7505508538992882,4,8,Compact MLP,missing_30pct,0.3,44,0.8050584586017657,0.6723995023378578,0.10724002088185014,0.0971419292033695
0.7443811807012286,0.6587112171837709,0.69893078221722,0.552461139896373,0.5531250386436989,5315,3771,1544,0.5771516296305457,0.7516918089728238,4,8,Compact MLP,missing_30pct,0.3,45,0.8050584586017657,0.6723995023378578,0.10612767638454568,0.09524787270731216
0.7436661698956781,0.6616282153274994,0.7002525961268594,0.5569948186528497,0.5523166983373249,5315,3771,1544,0.575129619553643,0.7456380787822428,4,8,Compact MLP,missing_30pct,0.3,46,0.8050584586017657,0.6723995023378578,0.10480586247490631,0.09726988278421489
0.662572577043323,0.8688140556368961,0.7518053971873813,0.8119290703922623,0.5284424926223169,5276,3415,1861,0.6395972504903376,0.7592039390338041,5,15,Logistic Regression,missing_5pct,0.05,42,0.7842630651790957,0.7156952881171115,0.032457667991714456,0.07609803762677392
0.6654843715362447,0.8790629575402635,0.7575069391874842,0.8108543793659323,0.5341042890871657,5276,3415,1861,0.637606003793675,0.761000011634632,5,15,Logistic Regression,missing_5pct,0.05,43,0.7842630651790957,0.7156952881171115,0.02675612599161148,0.07808928432343643
0.6572256913470116,0.8629575402635432,0.7461704013166224,0.8259000537345513,0.5185287432644959,5276,3415,1861,0.6237897728122053,0.7457265732687196,5,15,Logistic Regression,missing_5pct,0.05,44,0.7842630651790957,0.7156952881171115,0.03809266386247334,0.0919055153049062
0.663038649489116,0.8740849194729137,0.7540735126942023,0.815153143471252,0.5294658880008308,5276,3415,1861,0.6394524110921331,0.7627546296982038,5,15,Logistic Regression,missing_5pct,0.05,45,0.7842630651790957,0.7156952881171115,0.03018955248489341,0.07624287702497834
0.6591918294849023,0.8693997071742313,0.7498421517868418,0.8248253627082214,0.5222871722330049,5276,3415,1861,0.6242058025447992,0.7494933386664491,5,15,Logistic Regression,missing_5pct,0.05,46,0.7842630651790957,0.7156952881171115,0.03442091339225395,0.09148948557231229
0.6614060258249641,0.8099560761346999,0.7281821771752007,0.7608812466415905,0.5245374147465547,5276,3415,1861,0.5993589617509124,0.7215393750887181,5,15,Logistic Regression,missing_10pct,0.1,42,0.7842630651790957,0.7156952881171115,0.05608088800389499,0.11633632636619906
0.6671445639187574,0.8175695461200586,0.7347368421052631,0.7485222998387964,0.5345236231406312,5276,3415,1861,0.6117827361822348,0.7364730676679281,5,15,Logistic Regression,missing_10pct,0.1,43,0.7842630651790957,0.7156952881171115,0.04952622307383259,0.1039125519348767
0.6643705463182897,0.8190336749633967,0.733639344262295,0.7592692101020957,0.5298822324306506,5276,3415,1861,0.6080984970847235,0.7334643629779398,5,15,Logistic Regression,missing_10pct,0.1,44,0.7842630651790957,0.7156952881171115,0.050623720916800674,0.10759679103238795
0.6701821668264621,0.8187408491947291,0.7370502174772637,0.739387426114992,0.5396767115398686,5276,3415,1861,0.6099003747257217,0.735556558064627,5,15,Logistic Regression,missing_10pct,0.1,45,0.7842630651790957,0.7156952881171115,0.047212847701831984,0.1057949133913898
0.6589349112426035,0.8152269399707174,0.7287958115183246,0.7743148844707146,0.5204560277500013,5276,3415,1861,0.5992643952345399,0.7302768312422303,5,15,Logistic Regression,missing_10pct,0.1,46,0.7842630651790957,0.7156952881171115,0.0554672536607711,0.11643089288257158
0.6659939455095862,0.7730600292825769,0.7155441116682477,0.7114454594304137,0.5308072849260815,5276,3415,1861,0.5748766190188841,0.706080369490029,5,15,Logistic Regression,missing_20pct,0.2,42,0.7842630651790957,0.7156952881171115,0.068718953510848,0.14081866909822738
0.6675998981929244,0.7680819912152269,0.7143246187363834,0.7017732401934443,0.5331543755108913,5276,3415,1861,0.5751192505800263,0.7049531726031728,5,15,Logistic Regression,missing_20pct,0.2,43,0.7842630651790957,0.7156952881171115,0.0699384464427123,0.14057603753708514
0.6652317042289188,0.7692532942898975,0.7134709397066812,0.7103707684040839,0.5294412629429068,5276,3415,1861,0.5755135662040355,0.7052153403561192,5,15,Logistic Regression,missing_20pct,0.2,44,0.7842630651790957,0.7156952881171115,0.07079212547241454,0.14018172191307599
0.6706208985360929,0.7780380673499268,0.7203470245357191,0.7012358946802795,0.5384010863348236,5276,3415,1861,0.5880305696885205,0.7196764152358859,5,15,Logistic Regression,missing_20pct,0.2,45,0.7842630651790957,0.7156952881171115,0.06391604064337664,0.12766471842859095
0.662007623888183,0.7628111273792094,0.708843537414966,0.7146695325094036,0.5240707974349029,5276,3415,1861,0.5696576802251344,0.7066304993410788,5,15,Logistic Regression,missing_20pct,0.2,46,0.7842630651790957,0.7156952881171115,0.07541952776412975,0.14603760789197706
0.6649242028227914,0.7449487554904831,0.702665377710261,0.6888769478774852,0.528035903806499,5276,3415,1861,0.5591198862684226,0.6949939123680438,5,15,Logistic Regression,missing_30pct,0.3,42,0.7842630651790957,0.7156952881171115,0.08159768746883467,0.1565754018486889
0.6603182885468302,0.7411420204978038,0.6983995584988962,0.6996238581407845,0.5207590811785097,5276,3415,1861,0.5597812224885784,0.6942498302881991,5,15,Logistic Regression,missing_30pct,0.3,43,0.7842630651790957,0.7156952881171115,0.08586350668019949,0.15591406562853305
0.6655352480417754,0.7464128843338214,0.7036576949620428,0.6883396023643202,0.5290366409847506,5276,3415,1861,0.5587159723790245,0.6933900967155016,5,15,Logistic Regression,missing_30pct,0.3,44,0.7842630651790957,0.7156952881171115,0.08060537021705294,0.156979315738087
0.6612945152066545,0.7449487554904831,0.7006334343156155,0.7001612036539495,0.5223937759182669,5276,3415,1861,0.5581472358175794,0.6964478890673537,5,15,Logistic Regression,missing_30pct,0.3,45,0.7842630651790957,0.7156952881171115,0.08362963086348019,0.15754805229953206
0.6583398386677075,0.7408491947291361,0.6971617525489116,0.7055346587855992,0.5176572679717685,5276,3415,1861,0.5509423215057003,0.6895432190637876,5,15,Logistic Regression,missing_30pct,0.3,46,0.7842630651790957,0.7156952881171115,0.08710131263018417,0.16475296661141114
0.7174224343675417,0.8802342606149341,0.7905325443786982,0.6362170875873187,0.6220085865138077,5276,3415,1861,0.7192906252483157,0.8081962528283659,5,15,Random Forest,missing_5pct,0.05,42,0.7870641469257387,0.720690634531884,-0.0034683974529595707,0.0014000092835683153
0.7150320588933745,0.8816983894582723,0.7896669289273538,0.6448146157979581,0.6184418868301571,5276,3415,1861,0.7186074175709622,0.8109314267133886,5,15,Random Forest,missing_5pct,0.05,43,0.7870641469257387,0.720690634531884,-0.0026027820016151226,0.00208321696092173
0.7141165324490762,0.8828696925329429,0.7895770590546026,0.6485760343901128,0.617146829071415,5276,3415,1861,0.716615384131235,0.8071175983218448,5,15,Random Forest,missing_5pct,0.05,44,0.7870641469257387,0.720690634531884,-0.0025129121288639533,0.004075250400648933
0.7170974626511738,0.8855051244509516,0.7924528301886793,0.6410531972058033,0.6222259636225742,5276,3415,1861,0.7198481113839361,0.808605864681337,5,15,Random Forest,missing_5pct,0.05,45,0.7870641469257387,0.720690634531884,-0.005388683262940619,0.0008425231479478601
0.7136072191878413,0.8799414348462665,0.7880933648046158,0.6480386888769479,0.6159513729846593,5276,3415,1861,0.7172560290087903,0.8083549148006243,5,15,Random Forest,missing_5pct,0.05,46,0.7870641469257387,0.720690634531884,-0.001029217878877109,0.0034346055230937145
0.7098121085594989,0.8960468521229868,0.7921304685477608,0.6722192369693714,0.6119138075768078,5276,3415,1861,0.7145467219170096,0.8030372937915538,5,15,Random Forest,missing_10pct,0.1,42,0.7870641469257387,0.720690634531884,-0.005066321622022141,0.006143912614874347
0.7081317668739922,0.9001464128843338,0.7926766374419804,0.6808167651800108,0.6096648238521616,5276,3415,1861,0.7154235470625767,0.8081183055196827,5,15,Random Forest,missing_10pct,0.1,43,0.7870641469257387,0.720690634531884,-0.005612490516241686,0.005267087469307263
0.7080073630924989,0.9010248901903367,0.7929390542455869,0.6818914562063407,0.609566716991998,5276,3415,1861,0.7092713736455235,0.8018356149778162,5,15,Random Forest,missing_10pct,0.1,44,0.7870641469257387,0.720690634531884,-0.005874907319848188,0.011419260886360472
0.709855272226051,0.9048316251830161,0.7955715756951597,0.6786673831273509,0.6130821210278325,5276,3415,1861,0.7159163629182818,0.8051961898470199,5,15,Random Forest,missing_10pct,0.1,45,0.7870641469257387,0.720690634531884,-0.00850742876942101,0.004774271613602221
0.705518662697504,0.9021961932650073,0.7918272937548189,0.6910263299301451,0.6055849316674311,5276,3415,1861,0.7127700200540807,0.8036072659530235,5,15,Random Forest,missing_10pct,0.1,46,0.7870641469257387,0.720690634531884,-0.004763146829080189,0.007920614477803234
0.6940411700975081,0.9379209370424597,0.7977584059775841,0.7587318645889307,0.5895945362267645,5276,3415,1861,0.6922612018444404,0.7867941744545852,5,15,Random Forest,missing_20pct,0.2,42,0.7870641469257387,0.720690634531884,-0.0106942590518454,0.02842943268744358
0.6914546640574037,0.931185944363104,0.7936111804342401,0.7624932831810854,0.5843463305910093,5276,3415,1861,0.696607013185027,0.7901350571442324,5,15,Random Forest,missing_20pct,0.2,43,0.7870641469257387,0.720690634531884,-0.0065470335085013875,0.02408362134685693
0.69558599695586,0.9367496339677892,0.7983528824557026,0.7522837184309511,0.5922329577684191,5276,3415,1861,0.6902698764734714,0.7848627289721579,5,15,Random Forest,missing_20pct,0.2,44,0.7870641469257387,0.720690634531884,-0.0112887355299639,0.0304207580584126
0.6927229540056143,0.939385065885798,0.7974148645289585,0.7646426652337452,0.5873712003260263,5276,3415,1861,0.70065055784017,0.7920839553352538,5,15,Random Forest,missing_20pct,0.2,45,0.7870641469257387,0.720690634531884,-0.010350717603219817,0.020040076691713926
0.6894907908992416,0.9317715959004392,0.7925280199252802,0.7700161203653949,0.5808777377675222,5276,3415,1861,0.6917994623397896,0.7856127304561904,5,15,Random Forest,missing_20pct,0.2,46,0.7870641469257387,0.720690634531884,-0.005463872999541541,0.02889117219209436
0.6798090890226188,0.9592972181551976,0.7957250425066796,0.8291241268135411,0.5650865456708283,5276,3415,1861,0.6753705363148798,0.7723842994185304,5,15,Random Forest,missing_30pct,0.3,42,0.7870641469257387,0.720690634531884,-0.008660895580940964,0.04532009821700422
0.6796761469794478,0.9587115666178624,0.7954324586977648,0.8291241268135411,0.5647937199021607,5276,3415,1861,0.6750959629853124,0.776811927556272,5,15,Random Forest,missing_30pct,0.3,43,0.7870641469257387,0.720690634531884,-0.008368311772026127,0.0455946715465716
0.6807002917882451,0.9563689604685213,0.7953244855716547,0.8232133261687264,0.5665778171498974,5276,3415,1861,0.6666790709823196,0.7661657238909183,5,15,Random Forest,missing_30pct,0.3,44,0.7870641469257387,0.720690634531884,-0.008260338645916021,0.05401156354956438
0.6800997091815538,0.9587115666178624,0.7957224450115445,0.8275120902740463,0.5655997381719081,5276,3415,1861,0.6720994946749296,0.7709675078530941,5,15,Random Forest,missing_30pct,0.3,45,0.7870641469257387,0.720690634531884,-0.008658298085805871,0.0485911398569544
0.679178763998341,0.95900439238653,0.7951924244263688,0.831273508866201,0.5638654417601645,5276,3415,1861,0.6654433336506531,0.7670868254733614,5,15,Random Forest,missing_30pct,0.3,46,0.7870641469257387,0.720690634531884,-0.008128277500630166,0.055247300881230865
0.71570528356762,0.8647144948755491,0.7831852539451001,0.630306286942504,0.6172041039665226,5276,3415,1861,0.722382997538281,0.8271758297119699,5,15,XGBoost,missing_5pct,0.05,42,0.7867755320572882,0.7414479848756513,0.00359027811218815,0.019064987337370387
0.7180915475902155,0.8682284040995608,0.7860551431601273,0.6254701773240193,0.6213791133877707,5276,3415,1861,0.7208293373341841,0.8239504864044661,5,15,XGBoost,missing_5pct,0.05,43,0.7867755320572882,0.7414479848756513,0.0007203888971609729,0.02061864754146725
0.7159420289855073,0.8679355783308931,0.7846459298477829,0.631918323481999,0.6180086274244471,5276,3415,1861,0.7178402644086092,0.8262095174476684,5,15,XGBoost,missing_5pct,0.05,44,0.7867755320572882,0.7414479848756513,0.00212960220950531,0.02360772046704218
0.7201067184089256,0.8693997071742313,0.7877421066595914,0.6200967221923697,0.6246514924909308,5276,3415,1861,0.7217512428573564,0.8244333408099815,5,15,XGBoost,missing_5pct,0.05,45,0.7867755320572882,0.7414479848756513,-0.0009665746023032051,0.019696742018294966
0.7171814671814671,0.8702781844802343,0.7863474004497949,0.629768941429339,0.6202546215254476,5276,3415,1861,0.7177828321648887,0.8219191406150421,5,15,XGBoost,missing_5pct,0.05,46,0.7867755320572882,0.7414479848756513,0.0004281316074933317,0.023665152710762638
0.7096463796006736,0.8638360175695461,0.7791864764923402,0.6485760343901128,0.6076299915897166,5276,3415,1861,0.7036329434496953,0.8119728866948555,5,15,XGBoost,missing_10pct,0.1,42,0.7867755320572882,0.7414479848756513,0.007589055564948044,0.03781504142595604
0.7116077865897621,0.8670571010248902,0.7816789862724393,0.6448146157979581,0.611121242613466,5276,3415,1861,0.700703348299809,0.8049988590589838,5,15,XGBoost,missing_10pct,0.1,43,0.7867755320572882,0.7414479848756513,0.0050965457848489715,0.040744636575842375
0.7112389168463935,0.8691068814055637,0.7822878228782287,0.647501343363783,0.6108027690208904,5276,3415,1861,0.6999482323063452,0.8103460338043601,5,15,XGBoost,missing_10pct,0.1,44,0.7867755320572882,0.7414479848756513,0.004487709179059496,0.04149975256930616
0.7107795957651588,0.8650073206442167,0.7803460573239994,0.645889306824288,0.6095590069099643,5276,3415,1861,0.7016586904032295,0.8053391394132516,5,15,XGBoost,missing_10pct,0.1,45,0.7867755320572882,0.7414479848756513,0.006429474733288809,0.039789294472421854
0.7030317498209596,0.862371888726208,0.7745923198316675,0.6684578183772165,0.5969570351744957,5276,3415,1861,0.6963197732921185,0.8053103180557692,5,15,XGBoost,missing_10pct,0.1,46,0.7867755320572882,0.7414479848756513,0.012183212225620688,0.04512821158353286
0.6968764789398959,0.862371888726208,0.7708415128909829,0.6883396023643202,0.5870161431809439,5276,3415,1861,0.665358286725363,0.7763308037314073,5,15,XGBoost,missing_20pct,0.2,42,0.7867755320572882,0.7414479848756513,0.015934019166305324,0.07608969815028832
0.695240350461757,0.8597364568081991,0.7687876407436501,0.6915636754433101,0.5840863906824445,5276,3415,1861,0.6551724816157815,0.7712113105336826,5,15,XGBoost,missing_20pct,0.2,43,0.7867755320572882,0.7414479848756513,0.017987891313638094,0.08627550325986988
0.6925240215608156,0.8653001464128843,0.7693309034105702,0.7049973132724342,0.5801514165702251,5276,3415,1861,0.6621174560190958,0.7774453683606768,5,15,XGBoost,missing_20pct,0.2,44,0.7867755320572882,0.7414479848756513,0.01744462864671803,0.07933052885655556
0.6999290612437928,0.8667642752562226,0.7744636316064888,0.6818914562063407,0.5924364095249409,5276,3415,1861,0.6711951335220994,0.7781852343508515,5,15,XGBoost,missing_20pct,0.2,45,0.7867755320572882,0.7414479848756513,0.01231190045079944,0.07025285135355197
0.6919298245614035,0.8661786237188872,0.7693107932379714,0.707684040838259,0.5792472914403142,5276,3415,1861,0.6619395734121755,0.7759052378851783,5,15,XGBoost,missing_20pct,0.2,46,0.7867755320572882,0.7414479848756513,0.017464738819316872,0.07950841146347587
0.6839080459770115,0.8711566617862372,0.7662588538312942,0.738850080601827,0.5661532905922051,5276,3415,1861,0.6315965455685517,0.7506748127230112,5,15,XGBoost,missing_30pct,0.3,42,0.7867755320572882,0.7414479848756513,0.02051667822599401,0.10985143930709962
0.6796747967479675,0.8568081991215227,0.7580310880829015,0.7409994626544868,0.557904368233518,5276,3415,1861,0.6209560816419013,0.7414560607058756,5,15,XGBoost,missing_30pct,0.3,43,0.7867755320572882,0.7414479848756513,0.02874444397438669,0.12049190323375003
0.678727817469463,0.862371888726208,0.7596079442868197,0.7490596453519613,0.5566561216871233,5276,3415,1861,0.6270799323086267,0.7512048803075584,5,15,XGBoost,missing_30pct,0.3,44,0.7867755320572882,0.7414479848756513,0.02716758777046857,0.11436805256702465
0.6850447966919366,0.8732064421669107,0.7677651905252317,0.7367006985491671,0.5682528718088717,5276,3415,1861,0.6410624020996599,0.7539639490091048,5,15,XGBoost,missing_30pct,0.3,45,0.7867755320572882,0.7414479848756513,0.019010341532056496,0.10038558277599141
0.6728226174190607,0.8641288433382137,0.7565696705550571,0.7710908113917249,0.5465190159732444,5276,3415,1861,0.6166902033966845,0.7411725335673168,5,15,XGBoost,missing_30pct,0.3,46,0.7867755320572882,0.7414479848756513,0.030205861502231146,0.12475778147896688
0.687728102189781,0.8828696925329429,0.7731760482113091,0.7356260075228371,0.5736218425050529,5276,3415,1861,0.6977636828386948,0.8190651978835375,5,15,Compact MLP,missing_5pct,0.05,42,0.7871225355627651,0.721578552754663,0.013946487351455983,0.02381486991596815
0.6865160848733745,0.881112737920937,0.771736342651962,0.738312735088662,0.5714000014161376,5276,3415,1861,0.6918166920129057,0.8162104061123321,5,15,Compact MLP,missing_5pct,0.05,43,0.7871225355627651,0.721578552754663,0.01538619291080312,0.02976186074175724
0.6852233676975945,0.8758418740849194,0.7688946015424164,0.738312735088662,0.5687645694981287,5276,3415,1861,0.6925798327856291,0.814616967787116,5,15,Compact MLP,missing_5pct,0.05,44,0.7871225355627651,0.721578552754663,0.018227934020348724,0.028998719969033915
0.6851140727354867,0.8881405563689605,0.7735271614384086,0.7490596453519613,0.5695404555084996,5276,3415,1861,0.6887919796265016,0.8118685206573375,5,15,Compact MLP,missing_5pct,0.05,45,0.7871225355627651,0.721578552754663,0.013595374124356518,0.032786573128161356
0.6863905325443787,0.8831625183016105,0.77244205404021,0.7404621171413218,0.5713502005801443,5276,3415,1861,0.6935602719928123,0.8175318069650525,5,15,Compact MLP,missing_5pct,0.05,46,0.7871225355627651,0.721578552754663,0.014680481522555078,0.028018280761850645
0.6837991473235433,0.8453879941434846,0.7560560429488019,0.7173562600752283,0.5640158670341282,5276,3415,1861,0.6721739205688467,0.7974036503372744,5,15,Compact MLP,missing_10pct,0.1,42,0.7871225355627651,0.721578552754663,0.031066492613963215,0.049404632185816255
0.6890156918687589,0.8486090775988286,0.7605301141582469,0.7028479312197743,0.5728805731895272,5276,3415,1861,0.6774880552734207,0.8014602485376322,5,15,Compact MLP,missing_10pct,0.1,43,0.7871225355627651,0.721578552754663,0.02659242140451823,0.044090497481242275
0.6895734597156398,0.8521229868228404,0.762278978388998,0.7039226222461042,0.574100182288368,5276,3415,1861,0.676230682507476,0.8004027370028579,5,15,Compact MLP,missing_10pct,0.1,44,0.7871225355627651,0.721578552754663,0.024843557173767072,0.045347870247187005
0.6872037914691943,0.849194729136164,0.7596594629993452,0.7092960773777539,0.569949325879205,5276,3415,1861,0.6684457025340208,0.7926679389677479,5,15,Compact MLP,missing_10pct,0.1,45,0.7871225355627651,0.721578552754663,0.027463072563419955,0.05313285022064218
0.6917116694059638,0.8626647144948756,0.7677873338545739,0.7055346587855992,0.5785650278546383,5276,3415,1861,0.6808371418253856,0.8013322319295644,5,15,Compact MLP,missing_10pct,0.1,46,0.7871225355627651,0.721578552754663,0.019335201708191252,0.04074141092927741
0.6853848082226122,0.8005856515373353,0.7385197190707725,0.6743686190220312,0.5631085162576521,5276,3415,1861,0.6427033907839343,0.7722714930454041,5,15,Compact MLP,missing_20pct,0.2,42,0.7871225355627651,0.721578552754663,0.048602816491992606,0.07887516197072864
0.6874209060997216,0.7953147877013177,0.7374423024708119,0.6636217087587318,0.5658465394712929,5276,3415,1861,0.642663502910556,0.7697630168829237,5,15,Compact MLP,missing_20pct,0.2,43,0.7871225355627651,0.721578552754663,0.04968023309195324,0.07891504984410702
0.6963019250253293,0.8049780380673499,0.7467065055004753,0.6442772702847931,0.5803503838912784,5276,3415,1861,0.6488329060007254,0.7686443876430507,5,15,Compact MLP,missing_20pct,0.2,44,0.7871225355627651,0.721578552754663,0.040416030062289776,0.07274564675393758
0.6946334089191232,0.807320644216691,0.7467497291440953,0.6512627619559377,0.5780289411303767,5276,3415,1861,0.6486303196615746,0.7686963104091484,5,15,Compact MLP,missing_20pct,0.2,45,0.7871225355627651,0.721578552754663,0.040372806418669804,0.0729482330930884
0.6934471503891539,0.8087847730600293,0.7466882941335496,0.6560988715744224,0.5763429507428035,5276,3415,1861,0.6432059622536412,0.7705565283053941,5,15,Compact MLP,missing_20pct,0.2,46,0.7871225355627651,0.721578552754663,0.04043424142921548,0.07837259050102174
0.6873837981407702,0.7578330893118594,0.7208913649025069,0.6324556689951639,0.5626887101583478,5276,3415,1861,0.6184931824779731,0.7488873151007882,5,15,Compact MLP,missing_30pct,0.3,42,0.7871225355627651,0.721578552754663,0.06623117066025819,0.10308537027668985
0.6882352941176471,0.7537335285505125,0.7194968553459119,0.6265448683503493,0.5635943301000816,5276,3415,1861,0.6180570121229239,0.746290516910221,5,15,Compact MLP,missing_30pct,0.3,43,0.7871225355627651,0.721578552754663,0.06762568021685322,0.10352154063173913
0.6938449240607514,0.7625183016105417,0.7265625,0.6174099946265449,0.5725541534919985,5276,3415,1861,0.6267045771924759,0.7467213363219867,5,15,Compact MLP,missing_30pct,0.3,44,0.7871225355627651,0.721578552754663,0.060560035562765124,0.09487397556218713
0.6945760926803581,0.7724743777452416,0.7314570913628171,0.6233207952713595,0.574576791236941,5276,3415,1861,0.6294378799477288,0.7522510367767654,5,15,Compact MLP,missing_30pct,0.3,45,0.7871225355627651,0.721578552754663,0.05566544419994801,0.09214067280693417
0.6901150627615062,0.7727672035139093,0.7291062301422848,0.6367544331004836,0.5680063852067128,5276,3415,1861,0.6212601578363937,0.7434625647200617,5,15,Compact MLP,missing_30pct,0.3,46,0.7871225355627651,0.721578552754663,0.05801630542048031,0.10031839491826933
0.7858599592114208,0.8421563865954347,0.8130348142070097,0.8196010407632264,0.5112776729161042,5271,4118,1153,0.5781886642401287,0.8262760985388784,6,13,Logistic Regression,missing_5pct,0.05,42,0.8759345541228736,0.6542941592492418,0.06289973991586384,0.07610549500911312
0.7946058091286307,0.8370568237008257,0.815279091769158,0.7727666955767563,0.5321450640620347,5271,4118,1153,0.5973525153673485,0.8414592886980883,6,13,Logistic Regression,missing_5pct,0.05,43,0.8759345541228736,0.6542941592492418,0.06065546235371555,0.05694164388189338
0.7895092300765421,0.8516270033997086,0.819392523364486,0.810928013876843,0.5203494947614328,5271,4118,1153,0.6002648664063214,0.8385708733777542,6,13,Logistic Regression,missing_5pct,0.05,44,0.8759345541228736,0.6542941592492418,0.056542030758387596,0.05402929284292046
0.7925138632162662,0.8329286061194755,0.8122188017996684,0.7788378143972247,0.5270453958611254,5271,4118,1153,0.5994903385681798,0.8390868324458955,6,13,Logistic Regression,missing_5pct,0.05,45,0.8759345541228736,0.6542941592492418,0.06371575232320514,0.05480382068106204
0.7891294542174109,0.8496843127731909,0.8182881197380729,0.810928013876843,0.519378149448174,5271,4118,1153,0.5928584636990228,0.8399588947451165,6,13,Logistic Regression,missing_5pct,0.05,46,0.8759345541228736,0.6542941592492418,0.05764643438480066,0.061435695550218994
0.7875761266747868,0.7850898494414764,0.786331022741092,0.7562879444926279,0.5144009524744242,5271,4118,1153,0.562833531379382,0.8182829325701867,6,13,Logistic Regression,missing_10pct,0.1,42,0.8759345541228736,0.6542941592492418,0.08960353138178156,0.09146062786985987
0.7944606413994169,0.7940747935891209,0.7942676706339568,0.7337380745880312,0.5301683595005449,5271,4118,1153,0.5736476459619035,0.8216754496312006,6,13,Logistic Regression,missing_10pct,0.1,43,0.8759345541228736,0.6542941592492418,0.08166688348891682,0.0806465132873383
0.7917471042471043,0.7967459932005828,0.7942386831275721,0.7484822202948829,0.5241318864528499,5271,4118,1153,0.5739698832405866,0.8218642018953666,6,13,Logistic Regression,missing_10pct,0.1,44,0.8759345541228736,0.6542941592492418,0.08169587099530151,0.08032427600865522
0.792649615098088,0.7751335599805731,0.7837937384898711,0.7241977450130095,0.5254679074837818,5271,4118,1153,0.5790363799569255,0.8253072926265832,6,13,Logistic Regression,missing_10pct,0.1,45,0.8759345541228736,0.6542941592492418,0.09214081563300247,0.07525777929231636
0.7926088013615366,0.7916464303059738,0.7921273235329851,0.7398091934084996,0.5259186184487371,5271,4118,1153,0.5829195497776563,0.8301515971263722,6,13,Logistic Regression,missing_10pct,0.1,46,0.8759345541228736,0.6542941592492418,0.08380723058988848,0.07137460947158558
0.7905301080802882,0.7459932005828072,0.767616191904048,0.7059843885516045,0.5200044060156013,5271,4118,1153,0.5386850065310966,0.8070147896442637,6,13,Logistic Regression,missing_20pct,0.2,42,0.8759345541228736,0.6542941592492418,0.10831836221882563,0.1156091527181452
0.7908189880020866,0.7362797474502185,0.7625754527162978,0.6955767562879445,0.520351495581137,5271,4118,1153,0.5532211722950076,0.8131443804643466,6,13,Logistic Regression,missing_20pct,0.2,43,0.8759345541228736,0.6542941592492418,0.11335910140657579,0.10107298695423428
0.7932011331444759,0.7479358912093249,0.7699037620297463,0.6964440589765828,0.525745916116371,5271,4118,1153,0.5646637548772613,0.8174611484041094,6,13,Logistic Regression,missing_20pct,0.2,44,0.8759345541228736,0.6542941592492418,0.10603079209312727,0.08963040437198055
0.7914142744271794,0.7297231665857212,0.7593177511054959,0.6869037294015612,0.5214097185920801,5271,4118,1153,0.5492035263288918,0.8102550324205489,6,13,Logistic Regression,missing_20pct,0.2,45,0.8759345541228736,0.6542941592492418,0.11661680301737765,0.10509063292035004
0.7927339257710403,0.7365225837785333,0.763595166163142,0.6877710320901995,0.524375775844167,5271,4118,1153,0.5563815196710062,0.8147814760597567,6,13,Logistic Regression,missing_20pct,0.2,46,0.8759345541228736,0.6542941592492418,0.11233938795973153,0.0979126395782356
0.7914904862579282,0.727294803302574,0.7580359402682865,0.6843018213356461,0.521496490983464,5271,4118,1153,0.5379096362425533,0.8062722272047802,6,13,Logistic Regression,missing_30pct,0.3,42,0.8759345541228736,0.6542941592492418,0.11789861385458711,0.11638452300668856
0.7933796049119061,0.7217095677513355,0.7558494404883012,0.6712922810060711,0.5252086433726322,5271,4118,1153,0.5429677084548744,0.8065023077008986,6,13,Logistic Regression,missing_30pct,0.3,43,0.8759345541228736,0.6542941592492418,0.12008511363457242,0.11132645079436743
0.7939216209010931,0.7231665857212239,0.7568941415681789,0.6704249783174328,0.5263708037018956,5271,4118,1153,0.5541145909461014,0.8130898416367076,6,13,Logistic Regression,missing_30pct,0.3,44,0.8759345541228736,0.6542941592492418,0.11904041255469466,0.10017956830314045
0.7880493033226152,0.7141816415735794,0.7492993630573248,0.6860364267129229,0.5140726074303283,5271,4118,1153,0.5338916743575368,0.8031612987328856,6,13,Logistic Regression,missing_30pct,0.3,45,0.8759345541228736,0.6542941592492418,0.12663519106554877,0.12040248489170502
0.7913301023155628,0.71369596891695,0.7505107252298263,0.6721595836947094,0.5207681926111203,5271,4118,1153,0.5359134500155222,0.8015954567066741,6,13,Logistic Regression,missing_30pct,0.3,46,0.8759345541228736,0.6542941592492418,0.12542382889304726,0.11838070923371968
0.815819466605881,0.8691112190383682,0.8416225749559083,0.7007805724197745,0.5841653233092968,5271,4118,1153,0.6570777206830418,0.8659110853357321,6,13,Random Forest,missing_5pct,0.05,42,0.8308243727598567,0.6486549015659888,-0.010798202196051654,-0.008422819117053004
0.8158614402917046,0.8693540553666829,0.8417587585233952,0.7007805724197745,0.5842867414734542,5271,4118,1153,0.6545243588215299,0.8632504780048663,6,13,Random Forest,missing_5pct,0.05,43,0.8308243727598567,0.6486549015659888,-0.010934385763538557,-0.005869457255541111
0.8164009111617312,0.8703254006799417,0.842501175364363,0.6990459670424979,0.585639716818722,5271,4118,1153,0.6540391073901013,0.8637791231928987,6,13,Random Forest,missing_5pct,0.05,44,0.8308243727598567,0.6486549015659888,-0.01167680260450632,-0.005384205824112476
0.8162986569542454,0.8708110733365712,0.8426741863470802,0.6999132697311362,0.5854489018027175,5271,4118,1153,0.6555462511588959,0.86537463235024,6,13,Random Forest,missing_5pct,0.05,45,0.8308243727598567,0.6486549015659888,-0.01184981358722359,-0.006891349592907048
0.8155915204011853,0.8688683827100534,0.841387419165197,0.7016478751084129,0.5836102538008203,5271,4118,1153,0.6552690849767083,0.8644497814148574,6,13,Random Forest,missing_5pct,0.05,46,0.8308243727598567,0.6486549015659888,-0.010563046405340337,-0.00661418341071951
0.8141025641025641,0.8943661971830986,0.8523489932885906,0.7294015611448396,0.5824823180191295,5271,4118,1153,0.6591485690769313,0.8681508350207456,6,13,Random Forest,missing_10pct,0.1,42,0.8308243727598567,0.6486549015659888,-0.02152462052873394,-0.010493667510942495
0.8129017956107293,0.8904808159300631,0.8499246726155986,0.7320034692107545,0.5792386733596543,5271,4118,1153,0.6584067914981591,0.8667593993236733,6,13,Random Forest,missing_10pct,0.1,43,0.8308243727598567,0.6486549015659888,-0.01910029985574191,-0.009751889932170243
0.8148558758314856,0.8924235065565809,0.8518776077885952,0.7241977450130095,0.5841128807717857,5271,4118,1153,0.6606952027083095,0.8671832516223295,6,13,Random Forest,missing_10pct,0.1,44,0.8308243727598567,0.6486549015659888,-0.02105323502873857,-0.012040301142320686
0.8117283950617284,0.8941233608547838,0.8509359833602959,0.7406764960971379,0.576723432378823,5271,4118,1153,0.6602077398445763,0.8671349187277906,6,13,Random Forest,missing_10pct,0.1,45,0.8308243727598567,0.6486549015659888,-0.0201116106004392,-0.01155283827858744
0.8153302407775569,0.8963088878096164,0.853903990746096,0.7250650477016479,0.5856219200539843,5271,4118,1153,0.6554924396394818,0.8642879421744052,6,13,Random Forest,missing_10pct,0.1,46,0.8308243727598567,0.6486549015659888,-0.023079617986239365,-0.006837538073492966
0.8071023324227778,0.9327343370568237,0.8653824490255717,0.7961838681699913,0.5682752344434162,5271,4118,1153,0.6531649597919484,0.8637617198124394,6,13,Random Forest,missing_20pct,0.2,42,0.8308243727598567,0.6486549015659888,-0.034558076265715054,-0.004510058225959623
0.804457527333894,0.9290917921321029,0.8622943430245662,0.8065915004336514,0.5612501458492258,5271,4118,1153,0.658769992927629,0.8664852883785467,6,13,Random Forest,missing_20pct,0.2,43,0.8308243727598567,0.6486549015659888,-0.031469970264709546,-0.010115091361640127
0.8070138597228056,0.9332200097134531,0.8655405405405405,0.7970511708586296,0.5680844194274117,5271,4118,1153,0.6579801956759548,0.8666285423364839,6,13,Random Forest,missing_20pct,0.2,44,0.8308243727598567,0.6486549015659888,-0.03471616778068387,-0.009325294109965965
0.807264329204283,0.9337056823700826,0.8658934804639117,0.7961838681699913,0.5687609071000457,5271,4118,1153,0.6617533204129523,0.8674760608018524,6,13,Random Forest,missing_20pct,0.2,45,0.8308243727598567,0.6486549015659888,-0.035069107704055025,-0.0130984188469635
0.8055905842791089,0.930791646430306,0.8636773321315908,0.8022549869904597,0.5642683297199231,5271,4118,1153,0.6560045441774673,0.8646390307762486,6,13,Random Forest,missing_20pct,0.2,46,0.8308243727598567,0.6486549015659888,-0.03285295937173416,-0.007349642611478524
0.802155347702318,0.9579893152015542,0.8731739707835325,0.8438855160450998,0.5570518995782272,5271,4118,1153,0.6365042394210344,0.8556455096371974,6,13,Random Forest,missing_30pct,0.3,42,0.8308243727598567,0.6486549015659888,-0.04234959802367588,0.012150662144954416
0.8004876066639578,0.9567751335599806,0.8716814159292036,0.8516912402428447,0.5525419466585679,5271,4118,1153,0.645840695998824,0.8593607906345437,6,13,Random Forest,missing_30pct,0.3,43,0.8308243727598567,0.6486549015659888,-0.04085704316934691,0.002814205567164829
0.7957661290322581,0.9584749878581836,0.8695747962106191,0.8785776235906332,0.5399486821337752,5271,4118,1153,0.6396620594458277,0.8578778154811042,6,13,Random Forest,missing_30pct,0.3,44,0.8308243727598567,0.6486549015659888,-0.038750423450762406,0.00899284212016116
0.8010556232237109,0.9582321515298688,0.8726227333038479,0.849956634865568,0.5541377583321504,5271,4118,1153,0.6477646421039019,0.8608007929064401,6,13,Random Forest,missing_30pct,0.3,45,0.8308243727598567,0.6486549015659888,-0.04179836054399122,0.0008902594620868731
0.7990226023213195,0.9528897523069452,0.8691992468711929,0.8560277536860365,0.5484309993104544,5271,4118,1153,0.6449474879603307,0.8587330233570907,6,13,Random Forest,missing_30pct,0.3,46,0.8308243727598567,0.6486549015659888,-0.03837487411133622,0.003707413605658072
0.8131034482758621,0.8589120932491501,0.8353802550779404,0.7051170858629662,0.5768975036930919,5271,4118,1153,0.6858698321459696,0.8926129144718209,6,13,XGBoost,missing_5pct,0.05,42,0.8417308832246592,0.7029166054135021,0.0063506281467187176,0.017046773267532456
0.8163265306122449,0.8547838756677999,0.8351126927639383,0.6869037294015612,0.5839400731331194,5271,4118,1153,0.685579818595155,0.8943200427897227,6,13,XGBoost,missing_5pct,0.05,43,0.8417308832246592,0.7029166054135021,0.006618190460720874,0.01733678681834705
0.8170144462279294,0.8652258377853327,0.8404292959075362,0.6921075455333912,0.5865591461259707,5271,4118,1153,0.6876834172484136,0.8910224784438853,6,13,XGBoost,missing_5pct,0.05,44,0.8417308832246592,0.7029166054135021,0.001301587317122932,0.015233188165088452
0.817971817971818,0.8598834385624089,0.8384041671599385,0.6834345186470078,0.5882244599577006,5271,4118,1153,0.6941174215794513,0.890717261830472,6,13,XGBoost,missing_5pct,0.05,45,0.8417308832246592,0.7029166054135021,0.0033267160647206806,0.008799183834050761
0.8172811059907834,0.8613404565322972,0.8387325608890991,0.6877710320901995,0.5867847122210489,5271,4118,1153,0.6890016415146079,0.8913245121137656,6,13,XGBoost,missing_5pct,0.05,46,0.8417308832246592,0.7029166054135021,0.0029983223355600774,0.01391496389889424
0.8098479691400046,0.866682855755221,0.8373020527859237,0.7267996530789246,0.5699416013381482,5271,4118,1153,0.6732427642988054,0.8848168185594996,6,13,XGBoost,missing_10pct,0.1,42,0.8417308832246592,0.7029166054135021,0.004428830438735432,0.02967384111469673
0.8123126585197141,0.855512384652744,0.8333530455351863,0.7059843885516045,0.5747639980505698,5271,4118,1153,0.6723610346470364,0.8841083647533433,6,13,XGBoost,missing_10pct,0.1,43,0.8417308832246592,0.7029166054135021,0.008377837689472867,0.030555570766465645
0.8151183970856102,0.8693540553666829,0.8413631022326674,0.7042497831743278,0.5825521360961775,5271,4118,1153,0.6799974263140225,0.8846684512816554,6,13,XGBoost,missing_10pct,0.1,44,0.8417308832246592,0.7029166054135021,0.00036778099199175074,0.022919179099479603
0.8180983004134129,0.864983001457018,0.8408876298394712,0.6869037294015612,0.5890396360277285,5271,4118,1153,0.6833014114835256,0.8810641482233463,6,13,XGBoost,missing_10pct,0.1,45,0.8417308832246592,0.7029166054135021,0.0008432533851879809,0.01961519392997646
0.8145938503900872,0.8620689655172413,0.8376592732420953,0.7007805724197745,0.5806441965487334,5271,4118,1153,0.6769712391645083,0.8826823015782534,6,13,XGBoost,missing_10pct,0.1,46,0.8417308832246592,0.7029166054135021,0.00407160998256384,0.025945366248993795
0.8046963197109958,0.8654686741136474,0.833976833976834,0.7502168256721596,0.5576259242207439,5271,4118,1153,0.6454792847764579,0.8669600255744389,6,13,XGBoost,missing_20pct,0.2,42,0.8417308832246592,0.7029166054135021,0.00775404924782519,0.05743732063704421
0.8046660567246111,0.8542982030111704,0.8287396937573616,0.7406764960971379,0.5568108534570162,5271,4118,1153,0.6438616746987291,0.8699391318960861,6,13,XGBoost,missing_20pct,0.2,43,0.8417308832246592,0.7029166054135021,0.012991189467297604,0.05905493071477297
0.808803611738149,0.870082564351627,0.8383247543284978,0.7346053772766695,0.5677385935374787,5271,4118,1153,0.6433861114469213,0.8608900474528485,6,13,XGBoost,missing_20pct,0.2,44,0.8417308832246592,0.7029166054135021,0.00340612889616132,0.05953049396658083
0.810631987223363,0.8627974745021856,0.8359016586283966,0.7198612315698178,0.5714681214661839,5271,4118,1153,0.6583160174673666,0.8668634275106782,6,13,XGBoost,missing_20pct,0.2,45,0.8417308832246592,0.7029166054135021,0.005829224596262561,0.04460058794613553
0.8084430322287789,0.864983001457018,0.8357578601595496,0.7320034692107545,0.5664897661231317,5271,4118,1153,0.6495427389831707,0.8680628916097233,6,13,XGBoost,missing_20pct,0.2,46,0.8417308832246592,0.7029166054135021,0.005973023065109606,0.053373866430331374
0.8038374717832957,0.8647401651287032,0.8331773514272345,0.753686036426713,0.5555270643509952,5271,4118,1153,0.6229753284187585,0.8505320744224086,6,13,XGBoost,missing_30pct,0.3,42,0.8417308832246592,0.7029166054135021,0.008553531797424685,0.07994127699474363
0.8020293122886133,0.8637688198154444,0.8317549397872092,0.7614917606244579,0.5511385295954933,5271,4118,1153,0.6228745502894448,0.8503595585630814,6,13,XGBoost,missing_30pct,0.3,43,0.8417308832246592,0.7029166054135021,0.009975943437450008,0.08004205512405727
0.8025751072961373,0.8627974745021856,0.8315974253949678,0.7580225498699046,0.5523874623161404,5271,4118,1153,0.6168729336271238,0.8476890990581929,6,13,XGBoost,missing_30pct,0.3,44,0.8417308832246592,0.7029166054135021,0.010133457829691328,0.08604367178637828
0.8011248593925759,0.8647401651287032,0.8317178558916267,0.766695576756288,0.5490222941862076,5271,4118,1153,0.6251283157268219,0.8518072303843113,6,13,XGBoost,missing_30pct,0.3,45,0.8417308832246592,0.7029166054135021,0.010013027333032443,0.07778828968668017
0.8055178652193578,0.864983001457018,0.834192037470726,0.7458803122289679,0.559551344614025,5271,4118,1153,0.6219574377208009,0.8512382452752376,6,13,XGBoost,missing_30pct,0.3,46,0.8417308832246592,0.7029166054135021,0.007538845753933154,0.08095916769270117
0.8088302230314065,0.8630403108305003,0.8350563909774437,0.7285342584562012,0.5672530261871496,5271,4118,1153,0.6685819074509263,0.8831636774941019,6,13,Compact MLP,missing_5pct,0.05,42,0.8602395892755277,0.6835080224445637,0.02518319829808402,0.014926114993637385
0.8102775866024318,0.8576979116075765,0.8333136722897252,0.7172593235039029,0.5702192940518368,5271,4118,1153,0.6690692650083593,0.8835731070222023,6,13,Compact MLP,missing_5pct,0.05,43,0.8602395892755277,0.6835080224445637,0.02692591698580249,0.014438757436204375
0.811166591012256,0.8678970373967946,0.8385734396996715,0.7215958369470945,0.57315060022485,5271,4118,1153,0.6645910092850671,0.8814560363037787,6,13,Compact MLP,missing_5pct,0.05,44,0.8602395892755277,0.6835080224445637,0.02166614957585622,0.018917013159496565
0.8097527472527473,0.8589120932491501,0.8336082960169692,0.7207285342584562,0.569091779495347,5271,4118,1153,0.6641683097959712,0.8794164209951284,6,13,Compact MLP,missing_5pct,0.05,45,0.8602395892755277,0.6835080224445637,0.026631293258558508,0.019339712648592466
0.8086503623188406,0.8671685284118504,0.8368877431450668,0.7328707718993929,0.5671488782562288,5271,4118,1153,0.6676090878494643,0.8833226862127518,6,13,Compact MLP,missing_5pct,0.05,46,0.8602395892755277,0.6835080224445637,0.02335184613046093,0.01589893459509939
0.8066350710900474,0.8266148615832929,0.8165027584552651,0.7077189939288812,0.5594479338272058,5271,4118,1153,0.6448481841192202,0.8707144001933471,6,13,Compact MLP,missing_10pct,0.1,42,0.8602395892755277,0.6835080224445637,0.043736830820262584,0.038659838325343476
0.8120660761311946,0.8237008256435163,0.8178420735382761,0.6808326105810928,0.5714341075312117,5271,4118,1153,0.6495386320374621,0.8719711823907396,6,13,Compact MLP,missing_10pct,0.1,43,0.8602395892755277,0.6835080224445637,0.04239751573725159,0.03396939040710156
0.8081409188288503,0.8244293346284605,0.816203870657531,0.6990459670424979,0.5626916837929813,5271,4118,1153,0.6531191515513514,0.874163832438325,6,13,Compact MLP,missing_10pct,0.1,44,0.8602395892755277,0.6835080224445637,0.04403571861799671,0.030388870893212294
0.8135063686613795,0.8220009713453132,0.8177316100978379,0.6730268863833477,0.5744870424809827,5271,4118,1153,0.6596574091196098,0.8748030218646613,6,13,Compact MLP,missing_10pct,0.1,45,0.8602395892755277,0.6835080224445637,0.04250797917768978,0.023850613324953862
0.8093653434751604,0.8268576979116076,0.818018018018018,0.6955767562879445,0.5656404708118316,5271,4118,1153,0.6489382808198896,0.8716462975674515,6,13,Compact MLP,missing_10pct,0.1,46,0.8602395892755277,0.6835080224445637,0.042221571257509694,0.03456974162467408
0.8052805280528053,0.7702768334142788,0.7873898473377188,0.6652211621856028,0.5525278356143379,5271,4118,1153,0.6110414919459635,0.8526297955609204,6,13,Compact MLP,missing_20pct,0.2,42,0.8602395892755277,0.6835080224445637,0.07284974193780891,0.07246653049860019
0.8081907724209435,0.7571636716852841,0.7818455366098295,0.6418039895923677,0.5576798410464582,5271,4118,1153,0.618769078868943,0.8552472690005781,6,13,Compact MLP,missing_20pct,0.2,43,0.8602395892755277,0.6835080224445637,0.07839405266569821,0.06473894357562071
0.8095599393019727,0.7773190869354055,0.7931119920713577,0.6530789245446661,0.5621200811953697,5271,4118,1153,0.6297091397865314,0.8609490935616866,6,13,Compact MLP,missing_20pct,0.2,44,0.8602395892755277,0.6835080224445637,0.06712759720416994,0.05379888265803223
0.8069458631256384,0.7673627974745022,0.7866567089868061,0.6556808326105811,0.5558409824319606,5271,4118,1153,0.6260785997800362,0.8556087683895278,6,13,Compact MLP,missing_20pct,0.2,45,0.8602395892755277,0.6835080224445637,0.07358288028872162,0.05742942266452744
0.8052939679307712,0.768334142787761,0.786380017397788,0.6634865568083261,0.5524237929897174,5271,4118,1153,0.6221300347468668,0.8556971543362955,6,13,Compact MLP,missing_20pct,0.2,46,0.8602395892755277,0.6835080224445637,0.07385957187773973,0.06137798769769687
0.8058148839690584,0.7336085478387567,0.7680183043091394,0.6313963573287077,0.5511060952550245,5271,4118,1153,0.5985181508045191,0.8432804374442224,6,13,Compact MLP,missing_30pct,0.3,42,0.8602395892755277,0.6835080224445637,0.09222128496638826,0.08498987164004457
0.8083378451543043,0.7251092763477416,0.7644649257552484,0.614050303555941,0.5555294863959003,5271,4118,1153,0.5969434003909813,0.8405470576883303,6,13,Compact MLP,missing_30pct,0.3,43,0.8602395892755277,0.6835080224445637,0.0957746635202793,0.0865646220535824
0.8043361884368309,0.7297231665857212,0.7652151769798828,0.6339982653946227,0.5478624505955493,5271,4118,1153,0.5995306708811652,0.8451754139323697,6,13,Compact MLP,missing_30pct,0.3,44,0.8602395892755277,0.6835080224445637,0.09502441229564484,0.08397735156339847
0.8061889250814332,0.7212238950947062,0.7613432453217124,0.619254119687771,0.5509848877034675,5271,4118,1153,0.6009902162022589,0.8416679492067425,6,13,Compact MLP,missing_30pct,0.3,45,0.8602395892755277,0.6835080224445637,0.0988963439538153,0.08251780624230476
0.8066343042071198,0.7263234579893152,0.7643751597239969,0.6218560277536861,0.5522337151178146,5271,4118,1153,0.6011100547719128,0.8416797918968081,6,13,Compact MLP,missing_30pct,0.3,46,0.8602395892755277,0.6835080224445637,0.09586442955153074,0.08239796767265084
0.772189349112426,0.854875283446712,0.8114313045557814,0.780811232449298,0.537032025498707,5251,3969,1282,0.6129862125701959,0.8178915247161072,7,11,Logistic Regression,missing_5pct,0.05,42,0.8628747795414462,0.7121722208268528,0.05144347498566482,0.09918600825665691
0.7692654348805769,0.8601662887377173,0.8121803259188771,0.7987519500780031,0.5307071693298571,5251,3969,1282,0.5961088254565707,0.806168044973153,7,11,Logistic Regression,missing_5pct,0.05,43,0.8628747795414462,0.7121722208268528,0.05069445362256908,0.1160633953702821
0.7717636445647271,0.8621819098009574,0.814471022253957,0.7893915756630265,0.5363951670689655,5251,3969,1282,0.6141124329780447,0.8224654854886324,7,11,Logistic Regression,missing_5pct,0.05,44,0.8628747795414462,0.7121722208268528,0.048403757287489246,0.09805978784880809
0.7690031861629495,0.8513479465860418,0.8080832237235441,0.7917316692667706,0.5298081386596356,5251,3969,1282,0.6006560595001276,0.8059313382141082,7,11,Logistic Regression,missing_5pct,0.05,45,0.8628747795414462,0.7121722208268528,0.05479155581790207,0.11151616132672526
0.7702580353100951,0.8573948097757622,0.8114939787766782,0.7917316692667706,0.5328315702544958,5251,3969,1282,0.6084776951168749,0.8119119654396292,7,11,Logistic Regression,missing_5pct,0.05,46,0.8628747795414462,0.7121722208268528,0.05138080076476803,0.10369452570997795
0.7733786737915959,0.8022171831695641,0.7875340093989611,0.7277691107644306,0.5372240362025668,5251,3969,1282,0.5817539126357193,0.7961794082820827,7,11,Logistic Regression,missing_10pct,0.1,42,0.8628747795414462,0.7121722208268528,0.07534077014248508,0.13041830819113354
0.7709849587578845,0.800705467372134,0.78556420714374,0.7363494539781591,0.5321780066969874,5251,3969,1282,0.5643758630163801,0.7831885749902723,7,11,Logistic Regression,missing_10pct,0.1,43,0.8628747795414462,0.7121722208268528,0.07731057239770622,0.14779635781047273
0.779089790897909,0.7979339884101789,0.7883993029624098,0.7004680187207488,0.5487329848447151,5251,3969,1282,0.5881633753634348,0.8038821057177308,7,11,Logistic Regression,missing_10pct,0.1,44,0.8628747795414462,0.7121722208268528,0.07447547657903641,0.12400884546341806
0.7682038834951457,0.7974300831443688,0.7825441958214859,0.7449297971918877,0.5262501429762405,5251,3969,1282,0.5612598653606008,0.7829012730622978,7,11,Logistic Regression,missing_10pct,0.1,45,0.8628747795414462,0.7121722208268528,0.08033058371996027,0.15091235546625204
0.7734050354436568,0.7971781305114638,0.7851116625310174,0.7230889235569423,0.5370446034772608,5251,3969,1282,0.5861167024156401,0.7953165910568984,7,11,Logistic Regression,missing_10pct,0.1,46,0.8628747795414462,0.7121722208268528,0.07776311701042882,0.12605551841121276
0.7742103889323936,0.7472915091962711,0.7605128205128205,0.6747269890795632,0.5362822600583539,5251,3969,1282,0.5709905040192538,0.7902287124774771,7,11,Logistic Regression,missing_20pct,0.2,42,0.8628747795414462,0.7121722208268528,0.10236195902862566,0.14118171680759906
0.7724300287732148,0.7440161249685059,0.7579568788501027,0.6786271450858035,0.5326944899413513,5251,3969,1282,0.5590718866849912,0.7822840157789631,7,11,Logistic Regression,missing_20pct,0.2,43,0.8628747795414462,0.7121722208268528,0.10491790069134355,0.15310033414186164
0.7761506276150628,0.7477954144620811,0.7617092262286668,0.6677067082683308,0.5400443530968752,5251,3969,1282,0.5584970337589014,0.7832487470879224,7,11,Logistic Regression,missing_20pct,0.2,44,0.8628747795414462,0.7121722208268528,0.10116555331277943,0.15367518706795147
0.768853305785124,0.7500629881582263,0.7593419206733835,0.6981279251170047,0.5259675315206108,5251,3969,1282,0.5548161079882349,0.7784038272408751,7,11,Logistic Regression,missing_20pct,0.2,45,0.8628747795414462,0.7121722208268528,0.10353285886806274,0.15735611283861795
0.7754781241812942,0.745779793398841,0.760339070125867,0.6684867394695788,0.5386465269646311,5251,3969,1282,0.5680642569618128,0.7831494971025394,7,11,Logistic Regression,missing_20pct,0.2,46,0.8628747795414462,0.7121722208268528,0.10253570941557921,0.14410796386504
0.7664768104149715,0.7120181405895691,0.7382445141065831,0.671606864274571,0.5202056381574991,5251,3969,1282,0.5397462156989681,0.7713419477113244,7,11,Logistic Regression,missing_30pct,0.3,42,0.8628747795414462,0.7121722208268528,0.12463026543486311,0.17242600512788475
0.7710681696188942,0.7238599143361049,0.7467186484730345,0.6653666146645866,0.5292466498357591,5251,3969,1282,0.5502957004145623,0.7775989437445856,7,11,Logistic Regression,missing_30pct,0.3,43,0.8628747795414462,0.7121722208268528,0.11615613106841172,0.1618765204122905
0.768632707774799,0.7223481985386747,0.7447720483179634,0.6731669266770671,0.5245906359308038,5251,3969,1282,0.5351716638582399,0.7683822526436488,7,11,Logistic Regression,missing_30pct,0.3,44,0.8628747795414462,0.7121722208268528,0.1181027312234828,0.17700055696861294
0.7648468708388815,0.7236079617031999,0.743656136716727,0.6887675507020281,0.5174202055005859,5251,3969,1282,0.5376472655278093,0.7686415133885179,7,11,Logistic Regression,missing_30pct,0.3,45,0.8628747795414462,0.7121722208268528,0.11921864282471917,0.17452495529904355
0.7683089214380826,0.7268833459309649,0.7470222682547902,0.6786271450858035,0.5241281004225807,5251,3969,1282,0.5497247781067705,0.7724343634241373,7,11,Logistic Regression,missing_30pct,0.3,46,0.8628747795414462,0.7121722208268528,0.11585251128665597,0.16244744272008238
0.7901815736381977,0.8881330309901738,0.8362989323843416,0.7301092043681747,0.5790119133109995,5251,3969,1282,0.6601045976835295,0.848831129489521,7,11,Random Forest,missing_5pct,0.05,42,0.831573896353167,0.6622332240228384,-0.004725036031174579,0.002128626339308881
0.7897091722595079,0.889392794154699,0.8365920132717146,0.733229329173167,0.578081732490766,5251,3969,1282,0.6643959484758831,0.8508329313080709,7,11,Random Forest,missing_5pct,0.05,43,0.831573896353167,0.6622332240228384,-0.005018116918547588,-0.002162724453044773
0.7925376489098673,0.8883849836230788,0.8377286766452839,0.7199687987519501,0.5842080924355644,5251,3969,1282,0.6640317766905688,0.8538263985227179,7,11,Random Forest,missing_5pct,0.05,44,0.831573896353167,0.6622332240228384,-0.006154780292116913,-0.0017985526677304353
0.7910481331533963,0.8861174099269338,0.8358882947118241,0.7246489859594384,0.5807342119837478,5251,3969,1282,0.6649635297581216,0.8514921006290767,7,11,Random Forest,missing_5pct,0.05,45,0.831573896353167,0.6622332240228384,-0.004314398358657101,-0.0027303057352832116
0.7907133243606999,0.8881330309901738,0.8365966536133855,0.7277691107644306,0.5801819601128716,5251,3969,1282,0.6636226975911992,0.8513170476052341,7,11,Random Forest,missing_5pct,0.05,46,0.831573896353167,0.6622332240228384,-0.005022757260218502,-0.0013894735683608328
0.7894736842105263,0.9032501889644747,0.8425381903642774,0.7457098283931357,0.5787701802856695,5251,3969,1282,0.6616994460579633,0.8507811296901763,7,11,Random Forest,missing_10pct,0.1,42,0.831573896353167,0.6622332240228384,-0.01096429401111032,0.0005337779648750818
0.7867598863884641,0.9072814310909549,0.8427334425462204,0.7613104524180967,0.5729854893364291,5251,3969,1282,0.6633445080811546,0.8514480104572455,7,11,Random Forest,missing_10pct,0.1,43,0.831573896353167,0.6622332240228384,-0.011159546193053371,-0.0011112840583162864
0.7871503496503497,0.9075333837238599,0.8430661205383265,0.7597503900156006,0.5738914968541297,5251,3969,1282,0.6614065167293011,0.8506481852055289,7,11,Random Forest,missing_10pct,0.1,44,0.831573896353167,0.6622332240228384,-0.011492224185159494,0.0008267072935372877
0.7892543859649123,0.9067775258251449,0.8439441904091922,0.749609984399376,0.5785837707128845,5251,3969,1282,0.6652251124058568,0.8528123221508415,7,11,Random Forest,missing_10pct,0.1,45,0.831573896353167,0.6622332240228384,-0.012370294056025188,-0.0029918883830184484
0.7898215465961665,0.9032501889644747,0.8427362482369535,0.7441497659906396,0.5795502114869175,5251,3969,1282,0.6621877271160386,0.8520644919526819,7,11,Random Forest,missing_10pct,0.1,46,0.831573896353167,0.6622332240228384,-0.011162351883786448,4.5496906799780135e-05
0.7768491433347263,0.9367598891408415,0.8493432324386065,0.8330733229329174,0.5518432831039621,5251,3969,1282,0.6491412188611505,0.8426420311093072,7,11,Random Forest,missing_20pct,0.2,42,0.831573896353167,0.6622332240228384,-0.017769336085439513,0.013092005161687847
0.7769889329713928,0.9375157470395565,0.849737382964147,0.8330733229329174,0.5522212120533196,5251,3969,1282,0.6578249373361178,0.8484568851054455,7,11,Random Forest,missing_20pct,0.2,43,0.831573896353167,0.6622332240228384,-0.018163486610979995,0.004408286686720553
0.7817226890756303,0.9375157470395565,0.8525604307480811,0.8104524180967239,0.5635316644714163,5251,3969,1282,0.6578228737615113,0.8490323867798187,7,11,Random Forest,missing_20pct,0.2,44,0.831573896353167,0.6622332240228384,-0.020986534394914047,0.004410350261327078
0.7797210077035186,0.9435626102292769,0.8538531691746466,0.8252730109204368,0.5591447996544201,5251,3969,1282,0.6593585663305594,0.8517822874001418,7,11,Random Forest,missing_20pct,0.2,45,0.831573896353167,0.6622332240228384,-0.022279272821479568,0.0028746576922789036
0.7793840351979887,0.9372637944066515,0.851063829787234,0.8213728549141965,0.5579454697462275,5251,3969,1282,0.6588640945486648,0.8498219122137534,7,11,Random Forest,missing_20pct,0.2,46,0.831573896353167,0.6622332240228384,-0.01948993343406702,0.00336912947417356
0.7722752181855084,0.9586797682035777,0.8554406474820144,0.875195007800312,0.5417423802016328,5251,3969,1282,0.6398985664642005,0.8352678641752839,7,11,Random Forest,missing_30pct,0.3,42,0.831573896353167,0.6622332240228384,-0.023866751128847397,0.022334657558637838
0.7727272727272727,0.963718820861678,0.8577194752774975,0.8775351014040562,0.5430918597288109,5251,3969,1282,0.6509915574249577,0.8415636081518256,7,11,Random Forest,missing_30pct,0.3,43,0.831573896353167,0.6622332240228384,-0.026145578924330448,0.011241666597880617
0.7704288025889967,0.9596875787351978,0.8547066083249186,0.8853354134165367,0.5371760826593306,5251,3969,1282,0.6464483522651564,0.8434132639815326,7,11,Random Forest,missing_30pct,0.3,44,0.831573896353167,0.6622332240228384,-0.023132711971751596,0.01578487175768195
0.7713303679741205,0.9611992945326279,0.8558609085810431,0.8822152886115444,0.5394920029605417,5251,3969,1282,0.6386816470391242,0.8414307422023877,7,11,Random Forest,missing_30pct,0.3,45,0.831573896353167,0.6622332240228384,-0.024287012227876104,0.02355157698371413
0.7707869714748129,0.9599395313681028,0.8550269299820467,0.8837753510140406,0.5380820901770311,5251,3969,1282,0.6402207788991832,0.8394740498992546,7,11,Random Forest,missing_30pct,0.3,46,0.831573896353167,0.6622332240228384,-0.023453033628879627,0.02201244512365519
0.7899317807574688,0.8460569412950365,0.8170316301703163,0.6965678627145085,0.5747445392902639,5251,3969,1282,0.6555068551948426,0.8617234418880017,7,11,XGBoost,missing_5pct,0.05,42,0.810930576070901,0.6690918581565636,-0.006101054099415304,0.013585002961720938
0.7883297897472242,0.8407659360040313,0.8137039746403316,0.6989079563182528,0.5709289898428893,5251,3969,1282,0.6629363133709022,0.8675361119548156,7,11,XGBoost,missing_5pct,0.05,43,0.810930576070901,0.6690918581565636,-0.0027733985694305963,0.006155544785661382
0.7909457217350083,0.8407659360040313,0.815095261358085,0.6879875195007801,0.5763892082516257,5251,3969,1282,0.6643359082813803,0.8658343869888926,7,11,XGBoost,missing_5pct,0.05,44,0.810930576070901,0.6690918581565636,-0.004164685287183945,0.004755949875183241
0.7923186344238976,0.8420256991685563,0.8164162696958593,0.6833073322932918,0.5793591834376323,5251,3969,1282,0.6690296561219969,0.8677495887042496,7,11,XGBoost,missing_5pct,0.05,45,0.810930576070901,0.6690918581565636,-0.005485693624958321,6.220203456663853e-05
0.7877492877492878,0.8359788359788359,0.8111477814448111,0.6973478939157566,0.5693154710315397,5251,3969,1282,0.6615541114463929,0.8651126484515929,7,11,XGBoost,missing_5pct,0.05,46,0.810930576070901,0.6690918581565636,-0.00021720537391012318,0.007537746710170712
0.7868548947003009,0.8566389518770471,0.8202653799758746,0.718408736349454,0.5691151077637966,5251,3969,1282,0.6553645668124533,0.857913556799012,7,11,XGBoost,missing_10pct,0.1,42,0.810930576070901,0.6690918581565636,-0.009334803904973543,0.013727291344110326
0.788235294117647,0.8440413202317965,0.8151843289937949,0.7020280811232449,0.5710066195542758,5251,3969,1282,0.6487592610280375,0.8536273840740305,7,11,XGBoost,missing_10pct,0.1,43,0.810930576070901,0.6690918581565636,-0.004253752922893872,0.020332597128526086
0.78933771723814,0.8468127991937515,0.8170657590859366,0.6996879875195008,0.5735624058371254,5251,3969,1282,0.6591124113596442,0.8585382657182448,7,11,XGBoost,missing_10pct,0.1,44,0.810930576070901,0.6690918581565636,-0.006135183015035572,0.009979446796919422
0.7862182502351834,0.8422776518014613,0.8132830555893443,0.7090483619344774,0.5666146449334919,5251,3969,1282,0.6454181372092375,0.8521520376212184,7,11,XGBoost,missing_10pct,0.1,45,0.810930576070901,0.6690918581565636,-0.0023524795184433067,0.023673720947326116
0.7878151260504201,0.8503401360544217,0.8178844056706652,0.7090483619344774,0.5706458870599722,5251,3969,1282,0.6564997293769301,0.8594308198771056,7,11,XGBoost,missing_10pct,0.1,46,0.810930576070901,0.6690918581565636,-0.006953829599764205,0.012592128779633449
0.7834249084249084,0.8621819098009574,0.8209187957298788,0.7379095163806553,0.5621361967101511,5251,3969,1282,0.6373744216586501,0.8416237655697455,7,11,XGBoost,missing_20pct,0.2,42,0.810930576070901,0.6690918581565636,-0.009988219658977782,0.031717436497913476
0.7810637322329207,0.8584026203073822,0.8179090145240667,0.7449297971918877,0.5567364115577473,5251,3969,1282,0.6285718019801669,0.8360172712675524,7,11,XGBoost,missing_20pct,0.2,43,0.810930576070901,0.6690918581565636,-0.006978438453165703,0.040520056176396646
0.7824488858258672,0.8581506676744772,0.8185532323960586,0.7386895475819033,0.559730560046287,5251,3969,1282,0.6292521920075593,0.8347064566075475,7,11,XGBoost,missing_20pct,0.2,44,0.810930576070901,0.6690918581565636,-0.007622656325157573,0.03983966614900425
0.7799679119871648,0.8573948097757622,0.8168506961113778,0.748829953198128,0.5542824282888171,5251,3969,1282,0.6241899487015007,0.8334110374118313,7,11,XGBoost,missing_20pct,0.2,45,0.810930576070901,0.6690918581565636,-0.005920120040476817,0.044901909455062894
0.7798713235294118,0.855127236079617,0.8157673356567721,0.7472698907956318,0.5539286726419926,5251,3969,1282,0.6371362261897884,0.841470065963303,7,11,XGBoost,missing_20pct,0.2,46,0.810930576070901,0.6690918581565636,-0.004836759585871042,0.0319556319667752
0.7811653116531165,0.871504157218443,0.8238656663093962,0.7558502340093604,0.5578269616045413,5251,3969,1282,0.6217059944680478,0.827442410025571,7,11,XGBoost,missing_30pct,0.3,42,0.810930576070901,0.6690918581565636,-0.01293509023849515,0.04738586368851583
0.7782569223785747,0.8639455782312925,0.818865671641791,0.7620904836193447,0.5509275473059738,5251,3969,1282,0.6103565306633429,0.8199974164523165,7,11,XGBoost,missing_30pct,0.3,43,0.810930576070901,0.6690918581565636,-0.007935095570890005,0.058735327493220635
0.7768037761294673,0.8707482993197279,0.8210976478973628,0.7745709828393136,0.5480886582402071,5251,3969,1282,0.6085018684194079,0.8203328008419355,7,11,XGBoost,missing_30pct,0.3,44,0.810930576070901,0.6690918581565636,-0.010167071826461815,0.06058998973715568
0.7787810383747178,0.8692365835222978,0.8215263721871652,0.7644305772230889,0.5524030031496044,5251,3969,1282,0.5994329493512318,0.8166646816235226,7,11,XGBoost,missing_30pct,0.3,45,0.810930576070901,0.6690918581565636,-0.010595796116264156,0.06965890880533177
0.7808592862014094,0.8654572940287226,0.8209847036328872,0.7519500780031201,0.5567536080128013,5251,3969,1282,0.6189133884327406,0.8269976105157713,7,11,XGBoost,missing_30pct,0.3,46,0.810930576070901,0.6690918581565636,-0.010054127561986204,0.050178469723823005
0.7718335619570188,0.8505920886873268,0.809301210595709,0.7784711388455539,0.5360604749208865,5251,3969,1282,0.6083286264179214,0.8251468911730873,7,11,Compact MLP,missing_5pct,0.05,42,0.8385831314180224,0.643647000604136,0.0292819208223134,0.03531837418621464
0.7793950420741415,0.8634416729654825,0.8192684676069807,0.7566302652106084,0.553405703877437,5251,3969,1282,0.6181565478794511,0.8297015039139608,7,11,Compact MLP,missing_5pct,0.05,43,0.8385831314180224,0.643647000604136,0.019314663811041743,0.025490452724684975
0.772318339100346,0.8435374149659864,0.8063583815028902,0.7698907956318253,0.5368233096670806,5251,3969,1282,0.6076468606741245,0.8254723234853929,7,11,Compact MLP,missing_5pct,0.05,44,0.8385831314180224,0.643647000604136,0.032224749915132245,0.0360001399300115
0.7776230269266481,0.8440413202317965,0.8094720309290806,0.7472698907956318,0.5483857147180823,5251,3969,1282,0.6275800087181114,0.8379967805573918,7,11,Compact MLP,missing_5pct,0.05,45,0.8385831314180224,0.643647000604136,0.029111100488941832,0.016066991886024673
0.7771125949804283,0.8503401360544217,0.8120789220404235,0.7550702028081123,0.5476349666231547,5251,3969,1282,0.6153190345300887,0.8289130443717833,7,11,Compact MLP,missing_5pct,0.05,46,0.8385831314180224,0.643647000604136,0.026504209377598897,0.028327966074047306
0.7740524781341108,0.8027210884353742,0.788126159554731,0.7254290171606864,0.5386460356373439,5251,3969,1282,0.5965200663960042,0.8160474511192384,7,11,Compact MLP,missing_10pct,0.1,42,0.8385831314180224,0.643647000604136,0.050456971863291455,0.047126934208131854
0.778638895616372,0.8100277147896195,0.7940232156087923,0.7129485179407177,0.548539598424451,5251,3969,1282,0.5979384300088557,0.8184642137652532,7,11,Compact MLP,missing_10pct,0.1,43,0.8385831314180224,0.643647000604136,0.04455991580923013,0.04570857059528033
0.7744565217391305,0.7898715041572184,0.7820880628664089,0.7121684867394695,0.5388515087088744,5251,3969,1282,0.5950546336290338,0.8172960471623276,7,11,Compact MLP,missing_10pct,0.1,44,0.8385831314180224,0.643647000604136,0.05649506855161357,0.048592366975102275
0.7812345679012346,0.7971781305114638,0.7891258261628632,0.6911076443057722,0.5530352431028458,5251,3969,1282,0.602088376807937,0.8210144141065767,7,11,Compact MLP,missing_10pct,0.1,45,0.8385831314180224,0.643647000604136,0.049457305255159234,0.04155862379619901
0.7715959004392386,0.7966742252456538,0.783934548159167,0.7301092043681747,0.5332825104387395,5251,3969,1282,0.6020496602177012,0.8234843433485435,7,11,Compact MLP,missing_10pct,0.1,46,0.8385831314180224,0.643647000604136,0.054648583258855465,0.04159734038643481
0.7720372836218375,0.7304106827916351,0.750647332988089,0.6677067082683308,0.5313519872616522,5251,3969,1282,0.5661129997732033,0.8002518772110834,7,11,Compact MLP,missing_20pct,0.2,42,0.8385831314180224,0.643647000604136,0.08793579842993338,0.07753400083093276
0.779782435659326,0.7404887881078357,0.7596278108038252,0.6474258970358814,0.5465314455359771,5251,3969,1282,0.587040201184767,0.8117579953485751,7,11,Compact MLP,missing_20pct,0.2,43,0.8385831314180224,0.643647000604136,0.07895532061419719,0.05660679941936908
0.7789052069425901,0.7349458301839255,0.7562872698988852,0.6458658346333853,0.5445399977752701,5251,3969,1282,0.5850192737868245,0.808124551130434,7,11,Compact MLP,missing_20pct,0.2,44,0.8385831314180224,0.643647000604136,0.08229586151913726,0.05862772681731154
0.7757510729613734,0.7286470143613001,0.7514616084188644,0.6521060842433697,0.5382704650589651,5251,3969,1282,0.5736241165444047,0.8032130403970953,7,11,Compact MLP,missing_20pct,0.2,45,0.8385831314180224,0.643647000604136,0.08712152299915799,0.07002288405973134
0.7713527851458886,0.7326782564877803,0.7515182840160227,0.672386895475819,0.5301456805059807,5251,3969,1282,0.5729719287033008,0.8053401350366047,7,11,Compact MLP,missing_20pct,0.2,46,0.8385831314180224,0.643647000604136,0.08706484740199971,0.07067507190083522
0.7715504978662874,0.6832955404383976,0.7247461250668092,0.6263650546021841,0.5284652429181067,5251,3969,1282,0.5561988012400314,0.7924554508311867,7,11,Compact MLP,missing_30pct,0.3,42,0.8385831314180224,0.643647000604136,0.11383700635121319,0.08744819936410464
0.7782234957020058,0.6843033509700176,0.728247754390669,0.6037441497659907,0.5402796006020135,5251,3969,1282,0.5690534953219746,0.7996370625158341,7,11,Compact MLP,missing_30pct,0.3,43,0.8385831314180224,0.643647000604136,0.11033537702735341,0.07459350528216147
0.7731309080492695,0.6800201562106324,0.7235924932975871,0.6177847113884556,0.5311177224110885,5251,3969,1282,0.5562796737115138,0.789566477528225,7,11,Compact MLP,missing_30pct,0.3,44,0.8385831314180224,0.643647000604136,0.1149906381204353,0.08736732689262228
0.77391554151106,0.6787603930461074,0.7232214765100671,0.6138845553822153,0.532437918831946,5251,3969,1282,0.554601201432789,0.7924924293631972,7,11,Compact MLP,missing_30pct,0.3,45,0.8385831314180224,0.643647000604136,0.11536165490795536,0.08904579917134703
0.7775556824671617,0.6860670194003528,0.7289519475304511,0.6076443057722309,0.539211356814061,5251,3969,1282,0.5673865201017716,0.7967150960810941,7,11,Compact MLP,missing_30pct,0.3,46,0.8385831314180224,0.643647000604136,0.10963118388757132,0.07626048050236445
0.7655125899280576,0.870843989769821,0.8147882268485284,0.7865761689291101,0.5421339104203554,5236,3910,1326,0.6068829007109434,0.805049069927752,8,7,Logistic Regression,missing_5pct,0.05,42,0.8502340093603744,0.7076236435947584,0.03544578251184605,0.10074074288381496
0.7663925316737052,0.881841432225064,0.8200737305268165,0.7926093514328808,0.5446160403960916,5236,3910,1326,0.6192467779950854,0.8150581329892355,8,7,Logistic Regression,missing_5pct,0.05,43,0.8502340093603744,0.7076236435947584,0.030160278833557874,0.08837686559967295
0.7631227758007118,0.8774936061381075,0.8163216749940518,0.8031674208144797,0.537163092661814,5236,3910,1326,0.6099765461958933,0.805832767332147,8,7,Logistic Regression,missing_5pct,0.05,44,0.8502340093603744,0.7076236435947584,0.03391233436632257,0.09764709739886512
0.7665168539325843,0.8723785166240409,0.8160287081339713,0.7835595776772247,0.5444094694734081,5236,3910,1326,0.6135628951560951,0.8083939391902076,8,7,Logistic Regression,missing_5pct,0.05,45,0.8502340093603744,0.7076236435947584,0.034205301226403084,0.0940607484386633
0.7616811983009166,0.8713554987212276,0.8128355004175116,0.803921568627451,0.5337169650468884,5236,3910,1326,0.6172046961613683,0.8114470447817832,8,7,Logistic Regression,missing_5pct,0.05,46,0.8502340093603744,0.7076236435947584,0.037398508942862785,0.09041894743339007
0.7708333333333334,0.8232736572890026,0.7961909473163492,0.7217194570135747,0.550777100137714,5236,3910,1326,0.5772762341214275,0.7838115499689513,8,7,Logistic Regression,missing_10pct,0.1,42,0.8502340093603744,0.7076236435947584,0.0540430620440252,0.1303474094733309
0.764888041924726,0.8212276214833759,0.7920572274296991,0.744343891402715,0.5384418650403304,5236,3910,1326,0.5836695173839751,0.7888549741343508,8,7,Logistic Regression,missing_10pct,0.1,43,0.8502340093603744,0.7076236435947584,0.058176781930675325,0.12395412621078328
0.7668161434977578,0.8309462915601024,0.7975942064563643,0.7450980392156863,0.542924126172208,5236,3910,1326,0.5798333931251036,0.786891743415691,8,7,Logistic Regression,missing_10pct,0.1,44,0.8502340093603744,0.7076236435947584,0.05263980290401016,0.12779025046965475
0.7714764297678871,0.8245524296675192,0.7971319075287427,0.720211161387632,0.5521706341399436,5236,3910,1326,0.5860527016236359,0.7880587951714494,8,7,Logistic Regression,missing_10pct,0.1,45,0.8502340093603744,0.7076236435947584,0.053102101831631665,0.1215709419711225
0.7663750295578151,0.8289002557544757,0.7964123356677725,0.7450980392156863,0.5419011082693947,5236,3910,1326,0.586050483541833,0.7924970824287408,8,7,Logistic Regression,missing_10pct,0.1,46,0.8502340093603744,0.7076236435947584,0.053821673692601935,0.1215731600529254
0.7649432534678436,0.7757033248081842,0.7702857142857142,0.702865761689291,0.5364187815594466,5236,3910,1326,0.5532285627215672,0.773484636430618,8,7,Logistic Regression,missing_20pct,0.2,42,0.8502340093603744,0.7076236435947584,0.07994829507466017,0.1543950808731912
0.7678254250190307,0.7739130434782608,0.7708572156413196,0.6900452488687783,0.5419338973047413,5236,3910,1326,0.5527666230765373,0.7669636013965491,8,7,Logistic Regression,missing_20pct,0.2,43,0.8502340093603744,0.7076236435947584,0.07937679371905482,0.15485702051822103
0.7682069311903567,0.7823529411764706,0.7752154080081095,0.696078431372549,0.5431372549019607,5236,3910,1326,0.5556365316144164,0.7689971146273471,8,7,Logistic Regression,missing_20pct,0.2,44,0.8502340093603744,0.7076236435947584,0.0750186013522649,0.15198711198034198
0.7694648744610703,0.7759590792838875,0.7726983318477015,0.6855203619909502,0.5452193586464686,5236,3910,1326,0.5595431522992829,0.7754577391261968,8,7,Logistic Regression,missing_20pct,0.2,45,0.8502340093603744,0.7076236435947584,0.07753567751267287,0.1480804912954755
0.7659039476992708,0.7790281329923273,0.7724102954228477,0.7021116138763197,0.5384582595580037,5236,3910,1326,0.5589573858266501,0.7751864636268635,8,7,Logistic Regression,missing_20pct,0.2,46,0.8502340093603744,0.7076236435947584,0.07782371393752674,0.14866625776810827
0.7622485817431666,0.7560102301790281,0.7591165896250642,0.6953242835595776,0.5303429733097252,5236,3910,1326,0.5377550311881589,0.763602940614008,8,7,Logistic Regression,missing_30pct,0.3,42,0.8502340093603744,0.7076236435947584,0.09111741973531018,0.16986861240659945
0.7682448339000785,0.7511508951406649,0.7596017069701281,0.6681749622926093,0.5414879664240277,5236,3910,1326,0.5447243406510746,0.7661835786365825,8,7,Logistic Regression,missing_30pct,0.3,43,0.8502340093603744,0.7076236435947584,0.09063230239024633,0.16289930294368382
0.7648272305312016,0.7585677749360614,0.7616846430405753,0.6877828054298643,0.5353924847530986,5236,3910,1326,0.5407299610774863,0.7619930209991379,8,7,Logistic Regression,missing_30pct,0.3,44,0.8502340093603744,0.7076236435947584,0.08854936631979915,0.1668936825172721
0.7589703588143526,0.7465473145780052,0.7527075812274369,0.6990950226244343,0.5237261459767854,5236,3910,1326,0.5292950743153841,0.7588575020698669,8,7,Logistic Regression,missing_30pct,0.3,45,0.8502340093603744,0.7076236435947584,0.09752642813293755,0.17832856927937424
0.7674298945201955,0.7629156010230179,0.7651660895216109,0.6817496229260935,0.5405829890484621,5236,3910,1326,0.5487678073393434,0.7659251936739573,8,7,Logistic Regression,missing_30pct,0.3,46,0.8502340093603744,0.7076236435947584,0.0850679198387635,0.158855836255415
0.7914844649021864,0.879539641943734,0.8331920048455481,0.6832579185520362,0.5981408616958489,5236,3910,1326,0.7192937434663025,0.8804416316361113,8,7,Random Forest,missing_5pct,0.05,42,0.8247193783150364,0.7180927968275644,-0.008472626530511729,-0.001200946638738043
0.7909656602903895,0.8777493606138107,0.8321008607103891,0.6840120663650076,0.5968686471244016,5236,3910,1326,0.7204646977815325,0.8784393152637671,8,7,Random Forest,missing_5pct,0.05,43,0.8247193783150364,0.7180927968275644,-0.007381482395352745,-0.002371900953968109
0.7944097944097944,0.879539641943734,0.8348100497633207,0.6711915535444947,0.6041740441996196,5236,3910,1326,0.7233396211130527,0.8805562973322834,8,7,Random Forest,missing_5pct,0.05,44,0.8247193783150364,0.7180927968275644,-0.01009067144828435,-0.005246824285488283
0.7924746075715605,0.8780051150895141,0.8330502305265712,0.6779788838612368,0.6000131156141386,5236,3910,1326,0.7178685776887974,0.8764931455538513,8,7,Random Forest,missing_5pct,0.05,45,0.8247193783150364,0.7180927968275644,-0.008330852211534845,0.00022421913876702337
0.7928011075219197,0.878772378516624,0.8335759340126152,0.6772247360482655,0.6007738212341793,5236,3910,1326,0.7204865892845432,0.8777596625858213,8,7,Random Forest,missing_5pct,0.05,46,0.8247193783150364,0.7180927968275644,-0.008856555697578816,-0.002393792456978794
0.7874191389694402,0.9028132992327366,0.8411771714524008,0.7187028657616893,0.5920552167355236,5236,3910,1326,0.7173205186068131,0.8790478766444897,8,7,Random Forest,missing_10pct,0.1,42,0.8247193783150364,0.7180927968275644,-0.016457793137364396,0.0007722782207513212
0.7870967741935484,0.9048593350383631,0.8418798334324806,0.7217194570135747,0.5915699390123943,5236,3910,1326,0.7179177612418173,0.8759214653037624,8,7,Random Forest,missing_10pct,0.1,43,0.8247193783150364,0.7180927968275644,-0.01716045511744424,0.00017503558574716305
0.7895796064400715,0.9030690537084399,0.84251968503937,0.7096530920060332,0.5967079808512034,5236,3910,1326,0.7216865715398888,0.8808785159406627,8,7,Random Forest,missing_10pct,0.1,44,0.8247193783150364,0.7180927968275644,-0.017800306724333637,-0.00359377471232436
0.7874610938194754,0.9058823529411765,0.8425309229305423,0.7209653092006033,0.5924585218702866,5236,3910,1326,0.7150033946295418,0.8765438001605889,8,7,Random Forest,missing_10pct,0.1,45,0.8247193783150364,0.7180927968275644,-0.017811544615505936,0.0030894021980226727
0.785602852685536,0.90153452685422,0.8395855662736692,0.7254901960784313,0.5880221653878943,5236,3910,1326,0.7192596042942063,0.8779451492438788,8,7,Random Forest,missing_10pct,0.1,46,0.8247193783150364,0.7180927968275644,-0.014866187958632815,-0.0011668074666418837
0.7771900126957257,0.939386189258312,0.8506252894858731,0.7941176470588235,0.5726342710997442,5236,3910,1326,0.7079722681911639,0.8738901608348337,8,7,Random Forest,missing_20pct,0.2,42,0.8247193783150364,0.7180927968275644,-0.025905911170836737,0.010120528636400561
0.780012703789964,0.9421994884910486,0.8534692459168308,0.7835595776772247,0.579319955406912,5236,3910,1326,0.7094545254655078,0.8710118143955691,8,7,Random Forest,missing_20pct,0.2,43,0.8247193783150364,0.7180927968275644,-0.028749867601794432,0.008638271362056638
0.7777777777777778,0.9363171355498722,0.8497156783103168,0.7888386123680241,0.573739261590924,5236,3910,1326,0.7086028784915501,0.875131568152455,8,7,Random Forest,missing_20pct,0.2,44,0.8247193783150364,0.7180927968275644,-0.024996299995280413,0.009489918336014314
0.7774016081252645,0.9396419437340153,0.8508568781843446,0.7933634992458521,0.5731392222440815,5236,3910,1326,0.7092215304378686,0.8733830425209309,8,7,Random Forest,missing_20pct,0.2,45,0.8247193783150364,0.7180927968275644,-0.026137499869308245,0.00887126638969582
0.7767422156322813,0.9378516624040921,0.8497277256401344,0.7948717948717948,0.5714899337661487,5236,3910,1326,0.7003171856978085,0.8686561480323743,8,7,Random Forest,missing_20pct,0.2,46,0.8247193783150364,0.7180927968275644,-0.025008347325098046,0.017775611129755897
0.7686658506731946,0.9636828644501279,0.8551974580118021,0.8552036199095022,0.5542396222703128,5236,3910,1326,0.6867010565784448,0.8616836661809665,8,7,Random Forest,missing_30pct,0.3,42,0.8247193783150364,0.7180927968275644,-0.030478079696765747,0.031391740249119615
0.7694963444354184,0.9690537084398977,0.8578220511659498,0.8559577677224736,0.5565479703587121,5236,3910,1326,0.6895409727928158,0.8590895923161799,8,7,Random Forest,missing_30pct,0.3,43,0.8247193783150364,0.7180927968275644,-0.033102672850913395,0.028551824034748652
0.7657584383895892,0.9631713554987212,0.8531943815133666,0.8687782805429864,0.5471965374778675,5236,3910,1326,0.6885672348813616,0.8633729340482927,8,7,Random Forest,missing_30pct,0.3,44,0.8247193783150364,0.7180927968275644,-0.028475003198330184,0.029525561946202816
0.7653517690117934,0.9626598465473146,0.8527412777526053,0.8702865761689291,0.5461866351891927,5236,3910,1326,0.6806256340820805,0.8572497473530659,8,7,Random Forest,missing_30pct,0.3,45,0.8247193783150364,0.7180927968275644,-0.028021899437568942,0.037467162745483895
0.7702344546381243,0.9662404092071611,0.8571752694271129,0.8499245852187028,0.5581579119942292,5236,3910,1326,0.6887380271801814,0.862449788070909,8,7,Random Forest,missing_30pct,0.3,46,0.8247193783150364,0.7180927968275644,-0.032455891112076474,0.02935476964738304
0.8010892730286526,0.8652173913043478,0.8319193409565966,0.6334841628959276,0.6158666142042101,5236,3910,1326,0.7242082412347193,0.8887790280240664,8,7,XGBoost,missing_5pct,0.05,42,0.8304515487000871,0.7492360154764246,-0.0014677922565095036,0.025027774241705325
0.8032281034892,0.8654731457800512,0.8331897082358735,0.6251885369532428,0.6201423044134042,5236,3910,1326,0.7340987644319974,0.8956806023995507,8,7,XGBoost,missing_5pct,0.05,43,0.8304515487000871,0.7492360154764246,-0.0027381595357863775,0.015137251044427202
0.8039401851412296,0.8662404092071612,0.8339283515942386,0.6229260935143288,0.6216571578464162,5236,3910,1326,0.7341274066187561,0.8942434219157366,8,7,XGBoost,missing_5pct,0.05,44,0.8304515487000871,0.7492360154764246,-0.0034768028941515317,0.015108608857668515
0.8062739463601533,0.8611253196930946,0.8327974276527331,0.610105580693816,0.6255098694996393,5236,3910,1326,0.7310588351020124,0.8919991499226876,8,7,XGBoost,missing_5pct,0.05,45,0.8304515487000871,0.7492360154764246,-0.002345878952646041,0.018177180374412183
0.8051793775243525,0.8667519181585678,0.8348318758467792,0.6184012066365008,0.6241753557610334,5236,3910,1326,0.7335786724683971,0.8951005572647037,8,7,XGBoost,missing_5pct,0.05,46,0.8304515487000871,0.7492360154764246,-0.00438032714669212,0.015657343008027458
0.7966697936210131,0.8687979539641943,0.8311720088084169,0.6538461538461539,0.6074759000590202,5236,3910,1326,0.7031453364347903,0.8745790143858289,8,7,XGBoost,missing_10pct,0.1,42,0.8304515487000871,0.7492360154764246,-0.0007204601083298234,0.04609067904163433
0.7973702747123738,0.8685421994884911,0.8314359162688212,0.6508295625942685,0.6088563184471113,5236,3910,1326,0.7149111031388752,0.8821936589902236,8,7,XGBoost,missing_10pct,0.1,43,0.8304515487000871,0.7492360154764246,-0.0009843675687341014,0.03432491233754942
0.7966260543580131,0.8695652173913043,0.8314991440449988,0.6546003016591252,0.6074824578660896,5236,3910,1326,0.7129443396481158,0.8815628304959391,8,7,XGBoost,missing_10pct,0.1,44,0.8304515487000871,0.7492360154764246,-0.0010475953449117226,0.036291675828308834
0.7987436016751978,0.8780051150895141,0.8365009746588694,0.6523378582202112,0.6128336284346514,5236,3910,1326,0.7138846134558485,0.8795110878947286,8,7,XGBoost,missing_10pct,0.1,45,0.8304515487000871,0.7492360154764246,-0.0060494259587823285,0.03535140202057607
0.7973825660200982,0.8726342710997442,0.8333129808279399,0.6538461538461539,0.6093940586267952,5236,3910,1326,0.717495072000864,0.8829135065756635,8,7,XGBoost,missing_10pct,0.1,46,0.8304515487000871,0.7492360154764246,-0.0028614321278528365,0.03174094347556056
0.7870349235334398,0.881841432225064,0.8317452659510313,0.7036199095022625,0.5891107613614007,5236,3910,1326,0.6769956949925358,0.8553184024188951,8,7,XGBoost,missing_20pct,0.2,42,0.8304515487000871,0.7492360154764246,-0.0012937172509441819,0.07224032048388884
0.785827844651374,0.8849104859335039,0.8324311319619873,0.7111613876319759,0.586874549150764,5236,3910,1326,0.6763618057886148,0.8556596749308766,8,7,XGBoost,missing_20pct,0.2,43,0.8304515487000871,0.7492360154764246,-0.001979583261900175,0.07287420968780978
0.7853891670459717,0.8826086956521739,0.8311657032755299,0.7111613876319759,0.585723654010099,5236,3910,1326,0.6796931717798275,0.8627099279685888,8,7,XGBoost,missing_20pct,0.2,44,0.8304515487000871,0.7492360154764246,-0.0007141545754427714,0.06954284369659713
0.7868963953751984,0.8877237851662404,0.8342747265953612,0.7088989441930619,0.5894124204865893,5236,3910,1326,0.6866933415113046,0.8592440359706013,8,7,XGBoost,missing_20pct,0.2,45,0.8304515487000871,0.7492360154764246,-0.003823177895274088,0.06254267396512003
0.7872146118721461,0.881841432225064,0.8318455971049458,0.702865761689291,0.5894878352678864,5236,3910,1326,0.6830856796781274,0.8613830744799658,8,7,XGBoost,missing_20pct,0.2,46,0.8304515487000871,0.7492360154764246,-0.0013940484048586832,0.06615033579829721
0.776032315978456,0.8843989769820972,0.8266794166865886,0.7526395173453997,0.5658797298183488,5236,3910,1326,0.6409648848719105,0.834396434264979,8,7,XGBoost,missing_30pct,0.3,42,0.8304515487000871,0.7492360154764246,0.0037721320134984637,0.1082711306045141
0.7812080536912752,0.8930946291560102,0.8334128878281623,0.7375565610859729,0.5777690340350187,5236,3910,1326,0.650562428394533,0.8359550005161109,8,7,XGBoost,missing_30pct,0.3,43,0.8304515487000871,0.7492360154764246,-0.002961339128075169,0.09867358708189156
0.7718707940780619,0.8800511508951406,0.8224187380497132,0.7669683257918553,0.5565414125516427,5236,3910,1326,0.6457905629298739,0.8424682549986942,8,7,XGBoost,missing_30pct,0.3,44,0.8304515487000871,0.7492360154764246,0.008032810650373867,0.10344545254655069
0.7755421417393248,0.8872122762148338,0.8276273410473578,0.7571644042232277,0.565023935995803,5236,3910,1326,0.6374929117820647,0.8295379522755795,8,7,XGBoost,missing_30pct,0.3,45,0.8304515487000871,0.7492360154764246,0.0028242076527292825,0.11174310369435991
0.7795698924731183,0.8900255754475703,0.8311440171960831,0.7420814479638009,0.5739720637418847,5236,3910,1326,0.6482088507250234,0.8397534743552102,8,7,XGBoost,missing_30pct,0.3,46,0.8304515487000871,0.7492360154764246,-0.0006924684959960237,0.10102716475140117
0.7745819397993311,0.8884910485933504,0.8276354973198332,0.7624434389140271,0.5630238048396616,5236,3910,1326,0.6635756250168767,0.8557035298083249,8,7,Compact MLP,missing_5pct,0.05,42,0.8479369494668522,0.6955107953076962,0.02030145214701895,0.03193517029081949
0.7764600581785635,0.887468030690537,0.8282611290130087,0.753393665158371,0.567037182766083,5236,3910,1326,0.6568548371542203,0.8530373577604672,8,7,Compact MLP,missing_5pct,0.05,43,0.8479369494668522,0.6955107953076962,0.019675820453843418,0.03865595815347589
0.77737881508079,0.8859335038363171,0.828113793927803,0.7481146304675717,0.5689094366843728,5236,3910,1326,0.658444912491851,0.8481645237420876,8,7,Compact MLP,missing_5pct,0.05,44,0.8479369494668522,0.6955107953076962,0.01982315553904912,0.03706588281584522
0.7789993269015033,0.8879795396419438,0.8299270945380662,0.7428355957767723,0.5725719719325857,5236,3910,1326,0.6575061816975463,0.8538972201154702,8,7,Compact MLP,missing_5pct,0.05,45,0.8479369494668522,0.6955107953076962,0.01800985492878593,0.03800461361014995
0.7789168709605527,0.8938618925831202,0.8324401571989997,0.7481146304675717,0.5728736310577742,5236,3910,1326,0.6695931845096882,0.8582427863942745,8,7,Compact MLP,missing_5pct,0.05,46,0.8479369494668522,0.6955107953076962,0.0154967922678525,0.02591761079800803
0.7773327049952875,0.8437340153452686,0.8091734118224184,0.7126696832579186,0.565532166043675,5236,3910,1326,0.6445076437027693,0.8416066943824512,8,7,Compact MLP,missing_10pct,0.1,42,0.8479369494668522,0.6955107953076962,0.03876353764443374,0.051003151604926966
0.7815225076596748,0.8480818414322251,0.8134429044523488,0.6990950226244343,0.5744934094038954,5236,3910,1326,0.6439171517515131,0.8373584329880925,8,7,Compact MLP,missing_10pct,0.1,43,0.8479369494668522,0.6955107953076962,0.03449404501450337,0.05159364355618312
0.7802223799384906,0.8434782608695652,0.810618163942485,0.700603318250377,0.5714374713095941,5236,3910,1326,0.6401605891225268,0.8330275055057375,8,7,Compact MLP,missing_10pct,0.1,44,0.8479369494668522,0.6955107953076962,0.03731878552436718,0.05535020618516939
0.7819388480682626,0.8437340153452686,0.8116619510394882,0.693815987933635,0.5749590137058168,5236,3910,1326,0.6435006345642723,0.8416600882438426,8,7,Compact MLP,missing_10pct,0.1,45,0.8479369494668522,0.6955107953076962,0.036274998427363925,0.052010160743423905
0.7806587245970568,0.8547314578005115,0.8160175802710292,0.7081447963800905,0.5732933307102105,5236,3910,1326,0.6515785027369201,0.8455353458607134,8,7,Compact MLP,missing_10pct,0.1,46,0.8479369494668522,0.6955107953076962,0.031919369195822944,0.04393229257077613
0.7800459300842052,0.781841432225064,0.7809426491250478,0.6500754147812972,0.5658830087218834,5236,3910,1326,0.6114385514189937,0.817655049214396,8,7,Compact MLP,missing_20pct,0.2,42,0.8479369494668522,0.6955107953076962,0.06699430034180431,0.08407224388870249
0.7812097812097812,0.7762148337595908,0.7787042976266838,0.6410256410256411,0.5675945963669748,5236,3910,1326,0.6193214212696686,0.8159086849778872,8,7,Compact MLP,missing_20pct,0.2,43,0.8479369494668522,0.6955107953076962,0.06923265184016836,0.07618937403802761
0.7837906504065041,0.789002557544757,0.7863879683915371,0.6417797888386124,0.5736113843530724,5236,3910,1326,0.6204772347656355,0.819049689114727,8,7,Compact MLP,missing_20pct,0.2,44,0.8479369494668522,0.6955107953076962,0.061548981075315035,0.07503356054206067
0.7865837865837866,0.7767263427109975,0.781623986616909,0.6214177978883861,0.5776542724113056,5236,3910,1326,0.6267338649014593,0.8256308537508892,8,7,Compact MLP,missing_20pct,0.2,45,0.8479369494668522,0.6955107953076962,0.06631296284994315,0.06877693040623689
0.7887179487179488,0.7867007672634271,0.787708066581306,0.6214177978883861,0.5826414846875205,5236,3910,1326,0.6339451381575648,0.8299338091427145,8,7,Compact MLP,missing_20pct,0.2,46,0.8479369494668522,0.6955107953076962,0.060228882885546176,0.0615656571501314
0.7776548672566371,0.7191815856777494,0.7472761094871113,0.6063348416289592,0.5564233720243951,5236,3910,1326,0.5850481034436202,0.8008748634859617,8,7,Compact MLP,missing_30pct,0.3,42,0.8479369494668522,0.6955107953076962,0.10066083997974085,0.11046269186407598
0.7833935018050542,0.7214833759590793,0.7511649580615097,0.5882352941176471,0.5666240409207162,5236,3910,1326,0.5999998071233215,0.805227865682103,8,7,Compact MLP,missing_30pct,0.3,43,0.8479369494668522,0.6955107953076962,0.09677199140534243,0.09551098818437476
0.7804478427089022,0.7309462915601023,0.7548864236661385,0.6063348416289592,0.5623057249655715,5236,3910,1326,0.5976802721875687,0.8067202587102313,8,7,Compact MLP,missing_30pct,0.3,44,0.8479369494668522,0.6955107953076962,0.09305052580071371,0.09783052312012752
0.7821368948247078,0.718925831202046,0.7492004264392325,0.5904977375565611,0.5642140468227425,5236,3910,1326,0.5926902631995155,0.8005183910577665,8,7,Compact MLP,missing_30pct,0.3,45,0.8479369494668522,0.6955107953076962,0.0987365230276197,0.10282053210818076
0.7928002198406155,0.7378516624040921,0.7643396476354484,0.5686274509803921,0.58461210571185,5236,3910,1326,0.6224057122357107,0.8186553051981762,8,7,Compact MLP,missing_30pct,0.3,46,0.8479369494668522,0.6955107953076962,0.08359730183140379,0.07310508307198549
0.6696117182050686,0.8340573414422241,0.7428424039205571,0.8023715415019763,0.5158428999701239,5224,3453,1771,0.5934225559881889,0.7428254275192312,9,12,Logistic Regression,missing_5pct,0.05,42,0.7870206489675516,0.6617605816789891,0.044178245046994524,0.06833802569080016
0.6670560747663551,0.8268172603533159,0.7383938962886332,0.8046301524562394,0.5110935539485383,5224,3453,1771,0.58279684782159,0.7317826914627796,9,12,Logistic Regression,missing_5pct,0.05,43,0.7870206489675516,0.6617605816789891,0.04862675267891847,0.07896373385739908
0.673572744014733,0.8473790906458152,0.75054508144158,0.8006775832862789,0.5233507536797681,5224,3453,1771,0.6084331941242755,0.7556643721770329,9,12,Logistic Regression,missing_5pct,0.05,44,0.7870206489675516,0.6617605816789891,0.036475567525971586,0.05332738755471356
0.6747854326142426,0.8424558355053576,0.7493560020607934,0.7916431394692264,0.5254063480180656,5224,3453,1771,0.5971942662155332,0.7475628020165652,9,12,Logistic Regression,missing_5pct,0.05,45,0.7870206489675516,0.6617605816789891,0.03766464690675819,0.06456631546345593
0.6677486668212381,0.8340573414422241,0.7416945660571723,0.8091473743647657,0.5124549835387292,5224,3453,1771,0.5907519431298376,0.7411034884296996,9,12,Logistic Regression,missing_5pct,0.05,46,0.7870206489675516,0.6617605816789891,0.04532608291037932,0.07100863854915151
0.670194437607679,0.7885896322038807,0.724587546567323,0.756634669678148,0.5159774812628664,5224,3453,1771,0.5724669568586012,0.7231207487834216,9,12,Logistic Regression,missing_10pct,0.1,42,0.7870206489675516,0.6617605816789891,0.06243310240022859,0.08929362482038794
0.6707902044938147,0.769475818129163,0.716752090639331,0.7363071710897798,0.5165843235196916,5224,3453,1771,0.5647461114918524,0.7130979170735412,9,12,Logistic Regression,missing_10pct,0.1,43,0.7870206489675516,0.6617605816789891,0.07026855832822065,0.09701447018713671
0.6721556886227545,0.7801911381407471,0.7221552070767994,0.7419536984754376,0.5191187198326548,5224,3453,1771,0.5757840668504364,0.7274436650321903,9,12,Logistic Regression,missing_10pct,0.1,44,0.7870206489675516,0.6617605816789891,0.06486544189075227,0.08597651482855273
0.6669178598342125,0.7688966116420504,0.7142857142857143,0.748729531338227,0.5100835401519117,5224,3453,1771,0.5635134580475116,0.7169835015096444,9,12,Logistic Regression,missing_10pct,0.1,45,0.7870206489675516,0.6617605816789891,0.07273493468183734,0.09824712363147747
0.6719179794948738,0.7781639154358528,0.7211486849168008,0.740824392998306,0.5186697612187734,5224,3453,1771,0.5777619049254301,0.7294358494807318,9,12,Logistic Regression,missing_10pct,0.1,46,0.7870206489675516,0.6617605816789891,0.0658719640507508,0.08399867675355899
0.6728411166188364,0.7468867651317694,0.7079330222344222,0.7080745341614907,0.5194061154851394,5224,3453,1771,0.5565844020118187,0.7139269768625047,9,12,Logistic Regression,missing_20pct,0.2,42,0.7870206489675516,0.6617605816789891,0.07908762673312941,0.10517617966717041
0.6724001058481079,0.735881841876629,0.7027101769911505,0.6990400903444381,0.5184208757660954,5224,3453,1771,0.5461817423060954,0.6989287232988097,9,12,Logistic Regression,missing_20pct,0.2,43,0.7870206489675516,0.6617605816789891,0.08431047197640118,0.1155788393728937
0.6683298319327731,0.7370402548508543,0.7010053711609971,0.7131564088085828,0.5119419230211358,5224,3453,1771,0.5473345954213253,0.7054693821443963,9,12,Logistic Regression,missing_20pct,0.2,44,0.7870206489675516,0.6617605816789891,0.08601527780655449,0.11442598625766376
0.6665781083953242,0.7266145380828265,0.6953027573784121,0.7086391869000565,0.508987675591385,5224,3453,1771,0.5459496999556683,0.7021071476157346,9,12,Logistic Regression,missing_20pct,0.2,45,0.7870206489675516,0.6617605816789891,0.09171789158913957,0.11581088172332077
0.6736111111111112,0.7303793802490588,0.70084757537863,0.6900056465273856,0.5201868668608366,5224,3453,1771,0.5586964125663934,0.7089964428271912,9,12,Logistic Regression,missing_20pct,0.2,46,0.7870206489675516,0.6617605816789891,0.08617307358892168,0.10306416911259575
0.6699758518916018,0.7231392991601506,0.6955431754874651,0.6945228684359119,0.5143082153621193,5224,3453,1771,0.5426149292352593,0.7012255803130919,9,12,Logistic Regression,missing_30pct,0.3,42,0.7870206489675516,0.6617605816789891,0.0914774734800865,0.11914565244372977
0.6667566837699163,0.7150304083405734,0.6900503074343208,0.6967814793901751,0.5091244644751992,5224,3453,1771,0.5343990928926524,0.6938451068890483,9,12,Logistic Regression,missing_30pct,0.3,43,0.7870206489675516,0.6617605816789891,0.09697034153323081,0.12736148878633669
0.6632625638269283,0.7147408050970171,0.6880401449679397,0.7075098814229249,0.5036154618370461,5224,3453,1771,0.5303845476474193,0.6897307376933601,9,12,Logistic Regression,missing_30pct,0.3,44,0.7870206489675516,0.6617605816789891,0.09898050399961189,0.13137603403156983
0.6673003802281369,0.7115551694178974,0.6887175893482831,0.691699604743083,0.5099277823374072,5224,3453,1771,0.5409931674238704,0.6989075487463046,9,12,Logistic Regression,missing_30pct,0.3,45,0.7870206489675516,0.6617605816789891,0.09830305961926855,0.12076741425511872
0.6729678638941399,0.721691282942369,0.6964784795975405,0.6837944664031621,0.5189484082696034,5224,3453,1771,0.5465383091454938,0.6985460626052923,9,12,Logistic Regression,missing_30pct,0.3,46,0.7870206489675516,0.6617605816789891,0.09054216937001114,0.11522227253349526
0.7125790583274771,0.8809730668983493,0.7878787878787878,0.6928289102202145,0.5940720783390674,5224,3453,1771,0.6328677932576244,0.7512093215178053,9,12,Random Forest,missing_5pct,0.05,42,0.7764891934633632,0.6299072501051876,-0.011389594415424642,-0.0029605431524368786
0.7119158878504673,0.8824210831161309,0.7880512091038406,0.6962168266516092,0.5931021282322608,5224,3453,1771,0.6351864179839853,0.7528533107286202,9,12,Random Forest,missing_5pct,0.05,43,0.7764891934633632,0.6299072501051876,-0.01156201564047743,-0.005279167878797786
0.7105816398037842,0.8809730668983493,0.7866563227307991,0.6996047430830039,0.5906841619076727,5224,3453,1771,0.633979928581976,0.7516271453020072,9,12,Random Forest,missing_5pct,0.05,44,0.7764891934633632,0.6299072501051876,-0.010167129267435904,-0.004072678476788494
0.712082262210797,0.8824210831161309,0.7881531298499741,0.6956521739130435,0.5933844546015437,5224,3453,1771,0.6333812625883792,0.75007360631774,9,12,Random Forest,missing_5pct,0.05,45,0.7764891934633632,0.6299072501051876,-0.011663936386610896,-0.0034740124831916797
0.7111837497081485,0.8821314798725746,0.7874870734229577,0.6984754376058724,0.5918280211333511,5224,3453,1771,0.6340567854563246,0.7496933480372425,9,12,Random Forest,missing_5pct,0.05,46,0.7764891934633632,0.6299072501051876,-0.010997879959594448,-0.004149535351137046
0.7097870412324422,0.907326962061975,0.7964916740816067,0.7233201581027668,0.5920034019796041,5224,3453,1771,0.6328831646324942,0.7493498069777367,9,12,Random Forest,missing_10pct,0.1,42,0.7764891934633632,0.6299072501051876,-0.0200024806182435,-0.002975914527306611
0.7060557949648446,0.9015348971908486,0.7919104553548715,0.7317899491812535,0.5848724740047975,5224,3453,1771,0.6376848387387426,0.7526989011175901,9,12,Random Forest,missing_10pct,0.1,43,0.7764891934633632,0.6299072501051876,-0.015421261891508276,-0.007777588633555044
0.7073940486925158,0.9087749782797567,0.7955380910128026,0.7329192546583851,0.5879278618106858,5224,3453,1771,0.632513842822459,0.7482175934945502,9,12,Random Forest,missing_10pct,0.1,44,0.7764891934633632,0.6299072501051876,-0.019048897549439392,-0.002606592717271483
0.708191513501248,0.9038517231392992,0.794147582697201,0.7261434217955957,0.5888541506718518,5224,3453,1771,0.6310804621158567,0.7494194887270326,9,12,Random Forest,missing_10pct,0.1,45,0.7764891934633632,0.6299072501051876,-0.01765838923383778,-0.0011732120106691113
0.7067720090293453,0.9067477555748624,0.79436762653812,0.7334839073969509,0.5866319240889558,5224,3453,1771,0.6375740503719954,0.7513910015688585,9,12,Random Forest,missing_10pct,0.1,46,0.7764891934633632,0.6299072501051876,-0.017878433074756783,-0.007666800266807883
0.6966340008521517,0.947002606429192,0.8027494783355836,0.8040654997176736,0.5714685533557592,5224,3453,1771,0.6318612134915538,0.7430453573594851,9,12,Random Forest,missing_20pct,0.2,42,0.7764891934633632,0.6299072501051876,-0.02626028487222043,-0.00195396338636622
0.6938819015135366,0.9426585577758471,0.7993614931237721,0.810841332580463,0.565908612597692,5224,3453,1771,0.6339590791107431,0.7433610175306495,9,12,Random Forest,missing_20pct,0.2,43,0.7764891934633632,0.6299072501051876,-0.022872299660408935,-0.004051829005555563
0.6991263584061368,0.9501882421083117,0.8055487355757427,0.7972896668548842,0.5764492876267137,5224,3453,1771,0.6296499431013842,0.7394783050640763,9,12,Random Forest,missing_20pct,0.2,44,0.7764891934633632,0.6299072501051876,-0.02905954211237949,0.00025730700380333094
0.696535500427716,0.9432377642629598,0.8013285767007012,0.8012422360248447,0.5709977641190576,5224,3453,1771,0.634694861038683,0.7476992495706627,9,12,Random Forest,missing_20pct,0.2,45,0.7764891934633632,0.6299072501051876,-0.02483938323733803,-0.004787610933495445
0.6984806334260646,0.945264986967854,0.803347280334728,0.7955957086391869,0.5748346391643335,5224,3453,1771,0.6340647981942886,0.7408469735194474,9,12,Random Forest,missing_20pct,0.2,46,0.7764891934633632,0.6299072501051876,-0.026858086871364817,-0.004157548089101071
0.6848385105945278,0.9640891977990154,0.8008178975222516,0.8650479954827781,0.5495206011581186,5224,3453,1771,0.616246349502875,0.7297679345514432,9,12,Random Forest,missing_30pct,0.3,42,0.7764891934633632,0.6299072501051876,-0.02432870405888843,0.013660900602312509
0.6834398845122706,0.9597451491456704,0.7983618405203565,0.8667419536984754,0.5465015977235975,5224,3453,1771,0.6181344122076189,0.7314719471241152,9,12,Random Forest,missing_30pct,0.3,43,0.7764891934633632,0.6299072501051876,-0.021872647056993322,0.011772837897568666
0.6849455740398439,0.9658268172603534,0.8014900264359529,0.8661773009599096,0.5498247581502218,5224,3453,1771,0.6133077187358908,0.7303839347038104,9,12,Random Forest,missing_30pct,0.3,44,0.7764891934633632,0.6299072501051876,-0.025000832972589704,0.016599531369296705
0.6876284422523633,0.9690124529394729,0.8044236086068037,0.8582721626199887,0.5553701451597421,5224,3453,1771,0.6159012294319965,0.729775808708317,9,12,Random Forest,missing_30pct,0.3,45,0.7764891934633632,0.6299072501051876,-0.027934415143440527,0.01400602067319101
0.6882983106716111,0.9675644367216912,0.8043818466353677,0.8543195934500283,0.5566224216358315,5224,3453,1771,0.6254452179734543,0.7327697693918429,9,12,Random Forest,missing_30pct,0.3,46,0.7764891934633632,0.6299072501051876,-0.02789265317200451,0.00446203213173324
0.7027871215761653,0.8470894874022589,0.768220617202889,0.6984754376058724,0.5743070248981932,5224,3453,1771,0.6562639251983111,0.8055227677253679,9,12,XGBoost,missing_5pct,0.05,42,0.7664591336600874,0.6682365092065541,-0.0017614835428015896,0.01197258400824297
0.7049576783555018,0.8441934549666956,0.768318397469689,0.6888763410502541,0.5776585569582208,5224,3453,1771,0.6591772095492867,0.807006280218411,9,12,XGBoost,missing_5pct,0.05,43,0.7664591336600874,0.6682365092065541,-0.0018592638096015524,0.009059299657267372
0.7088974854932302,0.8491167101071532,0.7726973250757676,0.6798418972332015,0.5846374064369758,5224,3453,1771,0.6637409543955837,0.8118592565829323,9,12,XGBoost,missing_5pct,0.05,44,0.7664591336600874,0.6682365092065541,-0.006238191415680161,0.004495554810970415
0.7018437651625424,0.8378221836084564,0.7638283828382838,0.6939582156973462,0.5719319839555551,5224,3453,1771,0.657100929265021,0.803791647132865,9,12,XGBoost,missing_5pct,0.05,45,0.7664591336600874,0.6682365092065541,0.00263075082180364,0.011135579941533136
0.7054527750730283,0.8392701998262381,0.7665652691442931,0.6832298136645962,0.5780201930808209,5224,3453,1771,0.6573031282546637,0.8057682641934623,9,12,XGBoost,missing_5pct,0.05,46,0.7664591336600874,0.6682365092065541,-0.00010613548420568275,0.010933380951890337
0.6988936988936989,0.8415870257746887,0.7636315858625673,0.7069452286843592,0.5673208985451648,5224,3453,1771,0.6433617000609786,0.7891831303297843,9,12,XGBoost,missing_10pct,0.1,42,0.7664591336600874,0.6682365092065541,0.002827547797520147,0.024874809145575494
0.7000481463649495,0.8421662322618013,0.7645589588536874,0.7035573122529645,0.5693044600044185,5224,3453,1771,0.6434551547496813,0.7918648131418896,9,12,XGBoost,missing_10pct,0.1,43,0.7664591336600874,0.6682365092065541,0.0019001748064000346,0.024781354456872795
0.6985045827303425,0.8386909933391254,0.7622055533622845,0.7058159232072275,0.566437535065949,5224,3453,1771,0.6426739127981904,0.7924751109459454,9,12,XGBoost,missing_10pct,0.1,44,0.7664591336600874,0.6682365092065541,0.0042535802978029835,0.02556259640836367
0.6973459946432919,0.8294236895453229,0.7576719576719577,0.7018633540372671,0.563780167754028,5224,3453,1771,0.6360057613221213,0.7854208403894721,9,12,XGBoost,missing_10pct,0.1,45,0.7664591336600874,0.6682365092065541,0.008787175988129725,0.03223074788443281
0.7003139338324076,0.8398494063133507,0.7637608638398736,0.7007340485601355,0.5695576788766076,5224,3453,1771,0.6492901450027578,0.7919893915698082,9,12,XGBoost,missing_10pct,0.1,46,0.7664591336600874,0.6682365092065541,0.0026982698202138167,0.01894636420379625
0.6935217903415783,0.8525919490298292,0.7648739932449987,0.7346132128740824,0.5589893680778734,5224,3453,1771,0.6249294592889953,0.7681672357185607,9,12,XGBoost,missing_20pct,0.2,42,0.7664591336600874,0.6682365092065541,0.001585140415088726,0.04330704991755874
0.6881059352092693,0.8427454387489139,0.757615204373861,0.7447769621682665,0.5489842382903237,5224,3453,1771,0.6080583124552452,0.7566095792355844,9,12,XGBoost,missing_20pct,0.2,43,0.7664591336600874,0.6682365092065541,0.00884392928622646,0.060178196751308866
0.6893342877594846,0.8366637706342311,0.7558869701726845,0.7351778656126482,0.5507429525107914,5224,3453,1771,0.6153658477157892,0.7619469362592918,9,12,XGBoost,missing_20pct,0.2,44,0.7664591336600874,0.6682365092065541,0.010572163487402975,0.052870661490764914
0.6921780986762937,0.8328989284679988,0.7560462670872765,0.7221908526256352,0.5553540379211818,5224,3453,1771,0.6219529724232629,0.7682638559736036,9,12,XGBoost,missing_20pct,0.2,45,0.7664591336600874,0.6682365092065541,0.01041286657281093,0.046283536783291224
0.6911870074038691,0.8381117868520127,0.7575916230366492,0.7300959909655562,0.5540078979432282,5224,3453,1771,0.6235287836353073,0.7682118381677399,9,12,XGBoost,missing_20pct,0.2,46,0.7664591336600874,0.6682365092065541,0.008867510623438268,0.044707725571246804
0.6867356538099718,0.8456414711844773,0.7579493835171967,0.7521174477696216,0.5467620117074278,5224,3453,1771,0.6001427084983917,0.7528143684562305,9,12,XGBoost,missing_30pct,0.3,42,0.7664591336600874,0.6682365092065541,0.008509750142890793,0.0680938007081624
0.6817007282123562,0.8404286128004633,0.7527885862516213,0.7651044607566346,0.5376620760219143,5224,3453,1771,0.5830472050016491,0.7344883042503993,9,12,XGBoost,missing_30pct,0.3,43,0.7664591336600874,0.6682365092065541,0.013670547408466183,0.085189304204905
0.6800093632958801,0.8412974225311324,0.7521035598705501,0.771880293619424,0.5347085644558541,5224,3453,1771,0.5953594309844074,0.7461550594906838,9,12,XGBoost,missing_30pct,0.3,44,0.7664591336600874,0.6682365092065541,0.014355573789537335,0.07287707822214673
0.6851194700733381,0.8386909933391254,0.7541666666666667,0.7515527950310559,0.5435690991540347,5224,3453,1771,0.6103535530687723,0.7533174707672565,9,12,XGBoost,missing_30pct,0.3,45,0.7664591336600874,0.6682365092065541,0.012292466993420792,0.05788295613778183
0.6849602989257356,0.8494063133507095,0.7583710407239819,0.7617165443252399,0.5438448845127347,5224,3453,1771,0.608008191961654,0.7504615092013123,9,12,XGBoost,missing_30pct,0.3,46,0.7664591336600874,0.6682365092065541,0.008088092936105573,0.060228317244900076
0.7025743564108973,0.8140747176368376,0.7542259189696807,0.6719367588932806,0.5710689793717785,5224,3453,1771,0.6616654099750084,0.8080837089539709,9,12,Compact MLP,missing_5pct,0.05,42,0.7805630543771693,0.6720286600919699,0.02633713540748861,0.010363250116961487
0.703953953953954,0.8146539241239502,0.755269163646127,0.6679841897233202,0.573334867200315,5224,3453,1771,0.6559974607796918,0.7982512316833168,9,12,Compact MLP,missing_5pct,0.05,43,0.7805630543771693,0.6720286600919699,0.02529389073104238,0.016031199312278144
0.7030742314421394,0.8146539241239502,0.7547625436007512,0.6708074534161491,0.5719232353539005,5224,3453,1771,0.6614763747691637,0.8085921999920334,9,12,Compact MLP,missing_5pct,0.05,44,0.7805630543771693,0.6720286600919699,0.025800510776418095,0.010552285322806276
0.6973122331072594,0.8039386041123661,0.7468388485337638,0.6804065499717674,0.5617660270702993,5224,3453,1771,0.6556130128826839,0.803149938501313,9,12,Compact MLP,missing_5pct,0.05,45,0.7805630543771693,0.6720286600919699,0.03372420584340552,0.01641564720928601
0.7053128103277061,0.8227628149435273,0.7595241277904023,0.6702428006775832,0.576260007132972,5224,3453,1771,0.6646525259829381,0.8059168461093806,9,12,Compact MLP,missing_5pct,0.05,46,0.7805630543771693,0.6720286600919699,0.02103892658676698,0.007376134109031818
0.703054448871182,0.7665797856935997,0.7334441673593793,0.6312817617165444,0.5676490119885277,5224,3453,1771,0.6381961004784259,0.784961317456192,9,12,Compact MLP,missing_10pct,0.1,42,0.7805630543771693,0.6720286600919699,0.04711888701778999,0.03383255961354403
0.7052518756698821,0.7622357370402548,0.7326374391092554,0.6211180124223602,0.5705588623089473,5224,3453,1771,0.6343091867021909,0.7757665596399361,9,12,Compact MLP,missing_10pct,0.1,43,0.7805630543771693,0.6720286600919699,0.047925615267913946,0.03771947338977899
0.7022068598776922,0.7648421662322618,0.7321874133629055,0.6324110671936759,0.5662155495192929,5224,3453,1771,0.6476421373864052,0.7915145825293901,9,12,Compact MLP,missing_10pct,0.1,44,0.7805630543771693,0.6720286600919699,0.04837564101426384,0.02438652270556474
0.6985413290113452,0.7489139878366637,0.7228511530398323,0.6301524562394127,0.5593807657986255,5224,3453,1771,0.6327794896147558,0.7795368728788714,9,12,Compact MLP,missing_10pct,0.1,45,0.7805630543771693,0.6720286600919699,0.05771190133733706,0.0392491704772141
0.7128369362156391,0.7735302635389516,0.7419444444444444,0.6075663466967814,0.582981958421085,5224,3453,1771,0.6539090796258477,0.790364257256739,9,12,Compact MLP,missing_10pct,0.1,46,0.7805630543771693,0.6720286600919699,0.03861860993272492,0.018119580466122276
0.7144125480911512,0.6991022299449754,0.7066744730679156,0.5448898927159797,0.5771061686144978,5224,3453,1771,0.6283234261551792,0.7692026178533256,9,12,Compact MLP,missing_20pct,0.2,42,0.7805630543771693,0.6720286600919699,0.07388858130925369,0.04370523393679071
0.7079801227711195,0.701419055893426,0.7046843177189409,0.5640880858272163,0.5686654850331049,5224,3453,1771,0.6120862667721731,0.750969573690669,9,12,Compact MLP,missing_20pct,0.2,43,0.7805630543771693,0.6720286600919699,0.07587873665822842,0.05994239331979678
0.7093991671624034,0.6907037358818419,0.6999266324284666,0.551665725578769,0.5695190051515364,5224,3453,1771,0.6111586697088907,0.7547635783726935,9,12,Compact MLP,missing_20pct,0.2,44,0.7805630543771693,0.6720286600919699,0.08063642194870269,0.060869990383079275
0.7117308275234919,0.6799884158702577,0.6954976303317536,0.5369847543760587,0.5715018307470995,5224,3453,1771,0.6175328027592599,0.762163780260648,9,12,Compact MLP,missing_20pct,0.2,45,0.7805630543771693,0.6720286600919699,0.08506542404541573,0.05449585733271001
0.7107930828861061,0.6904141326382855,0.7004554135448803,0.5477131564088086,0.5713504881147384,5224,3453,1771,0.6145109376326088,0.7585265929934435,9,12,Compact MLP,missing_20pct,0.2,46,0.7805630543771693,0.6720286600919699,0.08010764083228905,0.057517722459361154
0.7146488719415316,0.6513176947581812,0.6815151515151515,0.5070581592320723,0.5721297677630545,5224,3453,1771,0.6028409571264556,0.7472472222118727,9,12,Compact MLP,missing_30pct,0.3,42,0.7805630543771693,0.6720286600919699,0.09904790286201781,0.06918770296551435
0.708547557840617,0.6385751520417029,0.6717440974866717,0.5121400338791643,0.5632175590812694,5224,3453,1771,0.5903513062316371,0.7318891649537572,9,12,Compact MLP,missing_30pct,0.3,43,0.7805630543771693,0.6720286600919699,0.10881895689049759,0.08167735386033281
0.7116308875360461,0.6432088039386041,0.6756921204745969,0.5081874647092038,0.5675106696147001,5224,3453,1771,0.5934719406180895,0.7391713156458631,9,12,Compact MLP,missing_30pct,0.3,44,0.7805630543771693,0.6720286600919699,0.1048709339025724,0.07855671947388043
0.7149425287356321,0.6304662612221257,0.670052323791936,0.4901185770750988,0.5701738420735134,5224,3453,1771,0.5989106273924769,0.7404830848984502,9,12,Compact MLP,missing_30pct,0.3,45,0.7805630543771693,0.6720286600919699,0.11051073058523331,0.07311803269949302
0.7166238767650834,0.64668404286128,0.6798599482417416,0.49858836815358554,0.5740478373538472,5224,3453,1771,0.6064653310904208,0.7450872434163336,9,12,Compact MLP,missing_30pct,0.3,46,0.7805630543771693,0.6720286600919699,0.10070310613542777,0.06556332900154915
0.6681572134619911,0.8345091122868901,0.7421252123905372,0.7833333333333333,0.5255878894767784,5202,3402,1800,0.5740874648899339,0.714622926590671,10,4,Logistic Regression,missing_5pct,0.05,42,0.7878355904015205,0.6362322816643804,0.04571037801098332,0.0621448167744465
0.6601169590643274,0.829512051734274,0.7351830141982545,0.8072222222222222,0.5111449147560259,5202,3402,1800,0.5631324710954341,0.7092202943106457,10,4,Logistic Regression,missing_5pct,0.05,43,0.7878355904015205,0.6362322816643804,0.05265257620326602,0.07309981056894632
0.6596336656619523,0.8362727807172252,0.7375243033052495,0.8155555555555556,0.5103586125808348,5202,3402,1800,0.5551455026455027,0.7078329910267336,10,4,Logistic Regression,missing_5pct,0.05,44,0.7878355904015205,0.6362322816643804,0.050311287096270974,0.08108677901887773
0.6672146547674965,0.8350970017636684,0.7417754569190601,0.7872222222222223,0.5239373897707231,5202,3402,1800,0.5721440819126005,0.7161749833439868,10,4,Logistic Regression,missing_5pct,0.05,45,0.7878355904015205,0.6362322816643804,0.04606013348246041,0.06408819975177993
0.6636834667922751,0.8283362727807172,0.7369246861924686,0.7933333333333333,0.5175014697236919,5202,3402,1800,0.5714641714024431,0.7122517134285117,10,4,Logistic Regression,missing_5pct,0.05,46,0.7878355904015205,0.6362322816643804,0.050910904209051866,0.0647681102619373
0.665312341289995,0.770135214579659,0.7138964577656676,0.7322222222222222,0.5189564961787184,5202,3402,1800,0.5605639656411261,0.7039016481691656,10,4,Logistic Regression,missing_10pct,0.1,42,0.7878355904015205,0.6362322816643804,0.07393913263585294,0.0756683160232543
0.6656603773584906,0.7777777777777778,0.7173647824318828,0.7383333333333333,0.5197222222222222,5202,3402,1800,0.5529956234894506,0.701703270066711,10,4,Logistic Regression,missing_10pct,0.1,43,0.7878355904015205,0.6362322816643804,0.07047080796963767,0.08323665817492976
0.6638276553106213,0.7789535567313345,0.716797403299973,0.7455555555555555,0.5166990005878894,5202,3402,1800,0.5490146319158664,0.7021457717377517,10,4,Logistic Regression,missing_10pct,0.1,44,0.7878355904015205,0.6362322816643804,0.07103818710154752,0.08721764974851398
0.6658221434000506,0.7724867724867724,0.7151993468499116,0.7327777777777778,0.5198544973544974,5202,3402,1800,0.5565412502449538,0.6976294041621132,10,4,Logistic Regression,missing_10pct,0.1,45,0.7878355904015205,0.6362322816643804,0.07263624355160891,0.07969103141942657
0.6605573688174743,0.7733686067019401,0.7125253893026405,0.7511111111111111,0.5111287477954145,5202,3402,1800,0.5556721536351166,0.6999701844117443,10,4,Logistic Regression,missing_10pct,0.1,46,0.7878355904015205,0.6362322816643804,0.07531020109887998,0.08056012802926382
0.6627685613271689,0.7163433274544385,0.6885153270235909,0.6888888888888889,0.5137272192827749,5202,3402,1800,0.5393627931282252,0.6878789072796293,10,4,Logistic Regression,missing_20pct,0.2,42,0.7878355904015205,0.6362322816643804,0.09932026337792965,0.09686948853615518
0.6677631578947368,0.7160493827160493,0.691063829787234,0.6733333333333333,0.5213580246913581,5202,3402,1800,0.5394370141746685,0.6857989365930423,10,4,Logistic Regression,missing_20pct,0.2,43,0.7878355904015205,0.6362322816643804,0.0967717606142865,0.0967952674897119
0.6576189196452566,0.7192827748383304,0.6870700547522112,0.7077777777777777,0.5057524985302763,5202,3402,1800,0.5411785550983081,0.6947888115931172,10,4,Logistic Regression,missing_20pct,0.2,44,0.7878355904015205,0.6362322816643804,0.10076553564930935,0.09505372656607225
0.6637144390767579,0.7269253380364491,0.6938832772166106,0.6961111111111111,0.515407113462669,5202,3402,1800,0.5450473577634072,0.6910433416079261,10,4,Logistic Regression,missing_20pct,0.2,45,0.7878355904015205,0.6362322816643804,0.09395231318490993,0.09118492390097321
0.6606517640721788,0.7210464432686655,0.6895291637385804,0.7,0.5105232216343327,5202,3402,1800,0.5246424488862761,0.6772825208373208,10,4,Logistic Regression,missing_20pct,0.2,46,0.7878355904015205,0.6362322816643804,0.0983064266629401,0.1115898327781043
0.6608074704751442,0.7072310405643739,0.68323157745279,0.6861111111111111,0.5105599647266315,5202,3402,1800,0.5287250146972369,0.6825842450317889,10,4,Logistic Regression,missing_30pct,0.3,42,0.7878355904015205,0.6362322816643804,0.10460401294873056,0.10750726696714352
0.6598167175784504,0.6984126984126984,0.6785663287162644,0.6805555555555556,0.5089285714285714,5202,3402,1800,0.525693872885231,0.6758007381397354,10,4,Logistic Regression,missing_30pct,0.3,43,0.7878355904015205,0.6362322816643804,0.10926926168525608,0.11053840877914944
0.6580555555555555,0.6963550852439742,0.6766638103399029,0.6838888888888889,0.5062330981775427,5202,3402,1800,0.5310043928408126,0.6882159592311088,10,4,Logistic Regression,missing_30pct,0.3,44,0.7878355904015205,0.6362322816643804,0.11117178006161765,0.10522788882356782
0.6641179683233206,0.7148736037624926,0.6885617214043035,0.6833333333333333,0.5157701352145796,5202,3402,1800,0.5411761055588216,0.6890330560182196,10,4,Logistic Regression,missing_30pct,0.3,45,0.7878355904015205,0.6362322816643804,0.09927386899721702,0.09505617610555883
0.6570477247502775,0.696061140505585,0.6759920068512704,0.6866666666666666,0.5046972369194591,5202,3402,1800,0.5161268698151413,0.6690375533684316,10,4,Logistic Regression,missing_30pct,0.3,46,0.7878355904015205,0.6362322816643804,0.11184358355025015,0.12010541184923906
0.7101076275152083,0.8921222810111699,0.7907764460656592,0.6883333333333334,0.6018944738389183,5202,3402,1800,0.6569567737931936,0.7654693352635169,10,4,Random Forest,missing_5pct,0.05,42,0.7857988165680473,0.6529958684433993,-0.004977629497611935,-0.003960905349794319
0.7090230823035673,0.893885949441505,0.7907944350539592,0.6933333333333334,0.6002763080540858,5202,3402,1800,0.6586402606310013,0.7698295275703366,10,4,Random Forest,missing_5pct,0.05,43,0.7857988165680473,0.6529958684433993,-0.004995618485911901,-0.005644392187602043
0.7073738078622935,0.893885949441505,0.7897675626542008,0.6988888888888889,0.5974985302763081,5202,3402,1800,0.6550042458684434,0.763895695563912,10,4,Random Forest,missing_5pct,0.05,44,0.7857988165680473,0.6529958684433993,-0.003968746086153496,-0.0020083774250441166
0.7083622886263609,0.8988830099941211,0.7923306127736753,0.6994444444444444,0.5997192827748383,5202,3402,1800,0.6565424750146972,0.7616006311198605,10,4,Random Forest,missing_5pct,0.05,45,0.7857988165680473,0.6529958684433993,-0.006531796205628049,-0.0035466065712979056
0.7079748895605673,0.8950617283950617,0.7906010645203168,0.6977777777777778,0.5986419753086419,5202,3402,1800,0.6550536449147562,0.7661823461487146,10,4,Random Forest,missing_5pct,0.05,46,0.7857988165680473,0.6529958684433993,-0.004802247952269467,-0.0020577764713568536
0.7063926940639269,0.9094650205761317,0.7951683371883834,0.7144444444444444,0.5975102880658436,5202,3402,1800,0.6573814422888498,0.7649250895904991,10,4,Random Forest,missing_10pct,0.1,42,0.7857988165680473,0.6529958684433993,-0.009369520620336136,-0.004385573845450463
0.7060022650056625,0.9162257495590829,0.7974926442369196,0.7211111111111111,0.5975573192239859,5202,3402,1800,0.6607894049252074,0.7700545536602162,10,4,Random Forest,missing_10pct,0.1,43,0.7857988165680473,0.6529958684433993,-0.01169382766887228,-0.007793536481808139
0.7036784741144414,0.9109347442680776,0.7940046118370484,0.725,0.5929673721340388,5202,3402,1800,0.6578704520216866,0.7657980178184317,10,4,Random Forest,missing_10pct,0.1,44,0.7857988165680473,0.6529958684433993,-0.008205795269001115,-0.004874583578287295
0.7066003616636528,0.9188712522045855,0.7988755430615896,0.7211111111111111,0.5988800705467372,5202,3402,1800,0.6579218923509047,0.7636507616537169,10,4,Random Forest,missing_10pct,0.1,45,0.7857988165680473,0.6529958684433993,-0.013076726493542301,-0.004926023907505406
0.7050261541960428,0.9112286890064668,0.7949737145787922,0.7205555555555555,0.5953365667254557,5202,3402,1800,0.6568611601019008,0.7656276492722813,10,4,Random Forest,missing_10pct,0.1,46,0.7857988165680473,0.6529958684433993,-0.009174898010744892,-0.0038652916585014685
0.6985915492957746,0.9476778365667254,0.8042908818760135,0.7727777777777778,0.5874500293944738,5202,3402,1800,0.6552987621660461,0.7595588230650405,10,4,Random Forest,missing_20pct,0.2,42,0.7857988165680473,0.6529958684433993,-0.01849206530796621,-0.002302893722646804
0.6939961265332473,0.9479717813051146,0.8013417815877749,0.79,0.5789858906525573,5202,3402,1800,0.6548083643608336,0.7626187122644261,10,4,Random Forest,missing_20pct,0.2,43,0.7857988165680473,0.6529958684433993,-0.015542965019727628,-0.0018124959174342647
0.696852091418715,0.9500293944738389,0.8039800995024876,0.7811111111111111,0.5844591416813639,5202,3402,1800,0.6574108367626886,0.7606066980417565,10,4,Random Forest,missing_20pct,0.2,44,0.7857988165680473,0.6529958684433993,-0.018181282934440324,-0.004414968319289336
0.6952586206896552,0.9482657260435038,0.802287988062671,0.7855555555555556,0.5813550852439742,5202,3402,1800,0.6613977072310406,0.7657747459561457,10,4,Random Forest,missing_20pct,0.2,45,0.7857988165680473,0.6529958684433993,-0.0164891714946237,-0.008401838787641336
0.695397307859314,0.9415049970605526,0.7999500499500499,0.7794444444444445,0.581030276308054,5202,3402,1800,0.6584778561630413,0.7674817740005555,10,4,Random Forest,missing_20pct,0.2,46,0.7857988165680473,0.6529958684433993,-0.014151233382002637,-0.005481987719642034
0.6877346683354193,0.9691358024691358,0.8045387994143485,0.8316666666666667,0.5687345679012346,5202,3402,1800,0.6435134561369129,0.7486882215811752,10,4,Random Forest,missing_30pct,0.3,42,0.7857988165680473,0.6529958684433993,-0.018739982846301184,0.009482412306486387
0.6832814122533749,0.9670781893004116,0.8007788730680296,0.8472222222222222,0.5599279835390947,5202,3402,1800,0.6400090632961003,0.7530339815868079,10,4,Random Forest,missing_30pct,0.3,43,0.7857988165680473,0.6529958684433993,-0.014980056499982353,0.012986805147298996
0.6835260115606936,0.9732510288065843,0.8030560271646859,0.8516666666666667,0.5607921810699589,5202,3402,1800,0.6466611143771638,0.7491631482070131,10,4,Random Forest,missing_30pct,0.3,44,0.7857988165680473,0.6529958684433993,-0.01725721059663865,0.006334754066235515
0.6843528922180607,0.9667842445620224,0.8014132553606238,0.8427777777777777,0.5620032333921223,5202,3402,1800,0.6513213632503756,0.7560798949825136,10,4,Random Forest,missing_30pct,0.3,45,0.7857988165680473,0.6529958684433993,-0.015614438792576513,0.001674505193023701
0.6835627868168545,0.9632569077013522,0.7996583699365544,0.8427777777777777,0.5602395649617872,5202,3402,1800,0.6529067868574041,0.7614585423277698,10,4,Random Forest,missing_30pct,0.3,46,0.7857988165680473,0.6529958684433993,-0.013859553368507083,8.908158599518767e-05
0.7039728682170543,0.8542034097589654,0.7718459495351926,0.6788888888888889,0.5876572604350383,5202,3402,1800,0.6587214220393233,0.7841140676706849,10,4,XGBoost,missing_5pct,0.05,42,0.7732906837265094,0.6635988634136782,0.0014447341913168543,0.004877441374354974
0.6997319034852547,0.843915343915344,0.7650899400399733,0.6844444444444444,0.5797354497354498,5202,3402,1800,0.6562451009210268,0.7855950424303889,10,4,XGBoost,missing_5pct,0.05,43,0.7732906837265094,0.6635988634136782,0.008200743686536116,0.007353762492651406
0.7017628592127505,0.8542034097589654,0.7705157099297362,0.6861111111111111,0.5840461493239271,5202,3402,1800,0.6482970801489321,0.7779513785677195,10,4,XGBoost,missing_5pct,0.05,44,0.7732906837265094,0.6635988634136782,0.0027749737967732724,0.015301783264746183
0.7002646139042579,0.8556731334509112,0.7702076994311416,0.6922222222222222,0.5817254556143445,5202,3402,1800,0.6528342804886016,0.7816038145541317,10,4,XGBoost,missing_5pct,0.05,45,0.7732906837265094,0.6635988634136782,0.0030829842953677966,0.010764582925076649
0.704644412191582,0.8562610229276896,0.7730891719745223,0.6783333333333333,0.5889638447971781,5202,3402,1800,0.6535408093278463,0.77758844231984,10,4,XGBoost,missing_5pct,0.05,46,0.7732906837265094,0.6635988634136782,0.00020151175198712679,0.010058054085831936
0.7029037676985841,0.8609641387419166,0.7739463601532567,0.6877777777777778,0.5865931804820694,5202,3402,1800,0.6514079136455679,0.7730451239911453,10,4,XGBoost,missing_10pct,0.1,42,0.7732906837265094,0.6635988634136782,-0.0006556764267472426,0.012190949768110304
0.6988595001213298,0.8465608465608465,0.7656520005317028,0.6894444444444444,0.578558201058201,5202,3402,1800,0.646827356456986,0.7716414589859136,10,4,XGBoost,missing_10pct,0.1,43,0.7732906837265094,0.6635988634136782,0.00763868319480665,0.016771506956692273
0.7015392015392016,0.8574368018812464,0.7716931216931217,0.6894444444444444,0.5839961787184009,5202,3402,1800,0.6407409856946894,0.7651906178281227,10,4,XGBoost,missing_10pct,0.1,44,0.7732906837265094,0.6635988634136782,0.0015975620333877893,0.02285787771898884
0.6999759210209487,0.8544973544973545,0.7695565850430178,0.6922222222222222,0.5811375661375662,5202,3402,1800,0.6411759422561892,0.7640172225927089,10,4,XGBoost,missing_10pct,0.1,45,0.7732906837265094,0.6635988634136782,0.0037340986834916157,0.022422921157489006
0.6998567335243553,0.8615520282186949,0.7723320158102767,0.6983333333333334,0.5816093474426808,5202,3402,1800,0.6424555000326605,0.7566551131447561,10,4,XGBoost,missing_10pct,0.1,46,0.7732906837265094,0.6635988634136782,0.0009586679162327805,0.021143363381017743
0.693425440686041,0.8556731334509112,0.7660526315789473,0.715,0.5703365667254556,5202,3402,1800,0.6308471324057744,0.748660384378642,10,4,XGBoost,missing_20pct,0.2,42,0.7732906837265094,0.6635988634136782,0.007238052147562124,0.03275173100790385
0.6924180817986128,0.8509700176366843,0.763550046155875,0.7144444444444444,0.56826278659612,5202,3402,1800,0.6182976517081455,0.7378255788019628,10,4,XGBoost,missing_20pct,0.2,43,0.7732906837265094,0.6635988634136782,0.00974063757063448,0.045301211705532696
0.6918867475612658,0.8547912992357437,0.7647600262984878,0.7194444444444444,0.5676734273956496,5202,3402,1800,0.6206581912600431,0.7400876952922826,10,4,XGBoost,missing_20pct,0.2,44,0.7732906837265094,0.6635988634136782,0.008530657428021615,0.04294067215363517
0.6881694834563199,0.8497942386831275,0.7604892805471525,0.7277777777777777,0.5610082304526749,5202,3402,1800,0.6278235025148606,0.7576517911028384,10,4,XGBoost,missing_20pct,0.2,45,0.7732906837265094,0.6635988634136782,0.012801403179356963,0.03577536089881761
0.6953926951539747,0.8562610229276896,0.7674878145171914,0.7088888888888889,0.5736860670194004,5202,3402,1800,0.619900548696845,0.740751388972688,10,4,XGBoost,missing_20pct,0.2,46,0.7732906837265094,0.6635988634136782,0.005802869209318051,0.043698314716833275
0.6887013595874355,0.8636096413874191,0.766301512780386,0.7377777777777778,0.5629159318048207,5202,3402,1800,0.6102132732379646,0.7375447448223367,10,4,XGBoost,missing_30pct,0.3,42,0.7732906837265094,0.6635988634136782,0.006989170946123391,0.05338559017571365
0.6853163361661945,0.8533215755437977,0.7601466352448285,0.7405555555555555,0.556383009994121,5202,3402,1800,0.5893044124371285,0.7131157122089287,10,4,XGBoost,missing_30pct,0.3,43,0.7732906837265094,0.6635988634136782,0.013144048481680937,0.07429445097654974
0.6836277974087162,0.8530276308054086,0.7589904537727213,0.7461111111111111,0.5534582598471487,5202,3402,1800,0.5981444738389183,0.7270005419774628,10,4,XGBoost,missing_30pct,0.3,44,0.7732906837265094,0.6635988634136782,0.014300229953788102,0.06545438957475991
0.6849636406286652,0.8583186360964139,0.7619047619047619,0.7461111111111111,0.5561037624926514,5202,3402,1800,0.6146699653798419,0.7403629852015188,10,4,XGBoost,missing_30pct,0.3,45,0.7732906837265094,0.6635988634136782,0.01138592182174758,0.04892889803383638
0.6838148931172187,0.8556731334509112,0.7601514558036297,0.7477777777777778,0.5539476778365667,5202,3402,1800,0.5938524724018551,0.7171987575698855,10,4,XGBoost,missing_30pct,0.3,46,0.7732906837265094,0.6635988634136782,0.013139227922879693,0.06974639101182312
0.698688915375447,0.8615520282186949,0.7716203764643939,0.7022222222222222,0.5796649029982364,5202,3402,1800,0.6527813704356915,0.7878616830418723,10,4,Compact MLP,missing_5pct,0.05,42,0.7881899871630296,0.6923985890652558,0.016569610698635717,0.039617218629564244
0.6897626468472788,0.845679012345679,0.7598045688630661,0.7188888888888889,0.563395061728395,5202,3402,1800,0.6439667025932458,0.782744692999215,10,4,Compact MLP,missing_5pct,0.05,43,0.7881899871630296,0.6923985890652558,0.02838541829996344,0.04843188647200991
0.6934445768772348,0.8550852439741329,0.7658286165591681,0.7144444444444444,0.5703203997648443,5202,3402,1800,0.6418350316807107,0.77661381601527,10,4,Compact MLP,missing_5pct,0.05,44,0.7881899871630296,0.6923985890652558,0.022361370603861452,0.0505635573845451
0.6911416390336333,0.8577307466196356,0.7654774396642182,0.7244444444444444,0.5666431510875956,5202,3402,1800,0.6513889705402051,0.7874448843209592,10,4,Compact MLP,missing_5pct,0.05,45,0.7881899871630296,0.6923985890652558,0.022712547498811353,0.041009618525050695
0.6910569105691057,0.8495002939447384,0.7621308016877637,0.7177777777777777,0.5658612580834803,5202,3402,1800,0.641119276242733,0.7808302114815384,10,4,Compact MLP,missing_5pct,0.05,46,0.7881899871630296,0.6923985890652558,0.026059185475265867,0.05127931282252274
0.6869374847968864,0.8300999412110524,0.751763609743112,0.715,0.5575499706055261,5202,3402,1800,0.6187587366908355,0.7597563335648823,10,4,Compact MLP,missing_10pct,0.1,42,0.7881899871630296,0.6923985890652558,0.03642637741991761,0.07363985237442028
0.6848335388409371,0.8162845385067607,0.7448035402977069,0.71,0.5531422692533804,5202,3402,1800,0.6175542164739696,0.7603713455038087,10,4,Compact MLP,missing_10pct,0.1,43,0.7881899871630296,0.6923985890652558,0.04338644686532267,0.07484437259128618
0.6857634620113106,0.8198118753674309,0.7468201901191592,0.71,0.5549059376837154,5202,3402,1800,0.6118169867398262,0.7550241722152893,10,4,Compact MLP,missing_10pct,0.1,44,0.7881899871630296,0.6923985890652558,0.04136979704387034,0.08058160232542955
0.6893753074274471,0.8239271017048795,0.7506695232994108,0.7016666666666667,0.5611302175191064,5202,3402,1800,0.618988748448625,0.7581357665229127,10,4,Compact MLP,missing_10pct,0.1,45,0.7881899871630296,0.6923985890652558,0.037520463863618736,0.0734098406166308
0.6893395993074449,0.8192239858906526,0.7486903962390866,0.6977777777777778,0.5607231040564374,5202,3402,1800,0.6234946763341825,0.7625103627363058,10,4,Compact MLP,missing_10pct,0.1,46,0.7881899871630296,0.6923985890652558,0.03949959092394295,0.06890391273107321
0.675709939148073,0.7833627278071722,0.7255649332970324,0.7105555555555556,0.5364035861258083,5202,3402,1800,0.5784589130576785,0.7250717010309459,10,4,Compact MLP,missing_20pct,0.2,42,0.7881899871630296,0.6923985890652558,0.06262505386599715,0.11393967600757726
0.6776111685625646,0.7704291593180482,0.7210453920220082,0.6927777777777778,0.5388256907701352,5202,3402,1800,0.5802106603958456,0.7279966091927802,10,4,Compact MLP,missing_20pct,0.2,43,0.7881899871630296,0.6923985890652558,0.06714459514102133,0.11218792866941019
0.6734536082474227,0.7680776014109347,0.7176599835210107,0.7038888888888889,0.532094356261023,5202,3402,1800,0.5738963191586649,0.7278456764141761,10,4,Compact MLP,missing_20pct,0.2,44,0.7881899871630296,0.6923985890652558,0.07053000364201889,0.11850226990659085
0.677263479145473,0.7827748383303939,0.7262067084810472,0.705,0.5388874191651969,5202,3402,1800,0.5861320138480632,0.731923164195462,10,4,Compact MLP,missing_20pct,0.2,45,0.7881899871630296,0.6923985890652558,0.06198327868198239,0.10626657521719252
0.68014329580348,0.781305114638448,0.7272229822161422,0.6944444444444444,0.5434303350970018,5202,3402,1800,0.5913625971650663,0.7358515939030659,10,4,Compact MLP,missing_20pct,0.2,46,0.7881899871630296,0.6923985890652558,0.06096700494688734,0.10103599190018941
0.6732263076126359,0.7642563198118754,0.7158590308370044,0.7011111111111111,0.5315726043503821,5202,3402,1800,0.5600480926252531,0.7088299498176152,10,4,Compact MLP,missing_30pct,0.3,42,0.7881899871630296,0.6923985890652558,0.07233095632602515,0.13235049644000263
0.6713985278654049,0.7507348618459729,0.7088537330002775,0.6944444444444444,0.5281452087007643,5202,3402,1800,0.5586997844405251,0.7067102525307173,10,4,Compact MLP,missing_30pct,0.3,43,0.7881899871630296,0.6923985890652558,0.07933625416275203,0.1336988046247306
0.6715634837355718,0.7524985302763081,0.7097310784585528,0.6955555555555556,0.5284714873603763,5202,3402,1800,0.5548099157358417,0.7089272994592318,10,4,Compact MLP,missing_30pct,0.3,44,0.7881899871630296,0.6923985890652558,0.0784589087044768,0.13758867332941405
0.671948051948052,0.760435038212816,0.7134583563154991,0.7016666666666667,0.5293841857730747,5202,3402,1800,0.5581299399046313,0.7075681882126804,10,4,Compact MLP,missing_30pct,0.3,45,0.7881899871630296,0.6923985890652558,0.07473163084753043,0.13426864916062442
0.6760674749604639,0.753968253968254,0.7128960533629795,0.6827777777777778,0.5355952380952381,5202,3402,1800,0.5748657652361355,0.7145377389839714,10,4,Compact MLP,missing_30pct,0.3,46,0.7881899871630296,0.6923985890652558,0.07529393380005012,0.11753282382912023
0.7306494128924036,0.8285326086956522,0.7765185279511015,0.7589466576637407,0.5347929755159557,5161,3680,1481,0.5766654801397411,0.7671699776302371,11,5,Logistic Regression,missing_5pct,0.05,42,0.8351262862488307,0.6432402827114464,0.05860775829772913,0.06657480257170534
0.7296587926509186,0.8309782608695652,0.7770296023376954,0.7650236326806212,0.532977314094472,5161,3680,1481,0.5742791848926989,0.7622626943478223,11,5,Logistic Regression,missing_5pct,0.05,43,0.8351262862488307,0.6432402827114464,0.058096683911135316,0.06896109781874749
0.7297872340425532,0.8388586956521739,0.7805309734513274,0.7717758271438218,0.5335414342541761,5161,3680,1481,0.5806736781845404,0.7717118543954304,11,5,Logistic Regression,missing_5pct,0.05,44,0.8351262862488307,0.6432402827114464,0.05459531279750329,0.06256660452690599
0.7342723004694836,0.85,0.7879093198992443,0.7643484132343011,0.5428257933828494,5161,3680,1481,0.5982341543610369,0.7752750475396006,11,5,Logistic Regression,missing_5pct,0.05,45,0.8351262862488307,0.6432402827114464,0.04721696634958639,0.04500612835040951
0.7337110481586402,0.8445652173913043,0.7852450732693279,0.761647535449021,0.5414588409711417,5161,3680,1481,0.5777302351525115,0.7663665354552374,11,5,Logistic Regression,missing_5pct,0.05,46,0.8351262862488307,0.6432402827114464,0.049881212979502765,0.06551004755893486
0.724059003051882,0.7736413043478261,0.7480294272201786,0.7326130992572586,0.5205141025452837,5161,3680,1481,0.5524675784575639,0.7497479999472456,11,5,Logistic Regression,missing_10pct,0.1,42,0.8351262862488307,0.6432402827114464,0.08709685902865205,0.09077270425388251
0.7277553083923155,0.7823369565217392,0.7540597171293871,0.7272113436866982,0.5275628064175205,5161,3680,1481,0.5476091176643278,0.7439429619393162,11,5,Logistic Regression,missing_10pct,0.1,43,0.8351262862488307,0.6432402827114464,0.08106656911944354,0.09563116504711855
0.7243816254416962,0.779891304347826,0.7511122742737504,0.7373396353814989,0.5212758344831635,5161,3680,1481,0.5492835884977835,0.7503306988720242,11,5,Logistic Regression,missing_10pct,0.1,44,0.8351262862488307,0.6432402827114464,0.0840140119750803,0.09395669421366293
0.7344975955454315,0.7885869565217392,0.7605818372428254,0.7083051991897367,0.5401408786660012,5161,3680,1481,0.5766541041599389,0.7590942958035218,11,5,Logistic Regression,missing_10pct,0.1,45,0.8351262862488307,0.6432402827114464,0.07454444900600532,0.0665861785515075
0.7324987225344916,0.7790760869565218,0.7550697919410061,0.7069547602970966,0.5360606633297126,5161,3680,1481,0.5657010539294836,0.7552752587918645,11,5,Logistic Regression,missing_10pct,0.1,46,0.8351262862488307,0.6432402827114464,0.08005649430782458,0.07753922878196284
0.7264817835780315,0.7260869565217392,0.7262843163903234,0.6792707629979743,0.5234080967618824,5161,3680,1481,0.540328215365646,0.742504724099328,11,5,Logistic Regression,missing_20pct,0.2,42,0.8351262862488307,0.6432402827114464,0.10884196985850725,0.10291206734580038
0.7251146479633126,0.7304347826086957,0.7277649925544876,0.6880486158001351,0.5211930834042803,5161,3680,1481,0.5298658918768164,0.7315548392318394,11,5,Logistic Regression,missing_20pct,0.2,43,0.8351262862488307,0.6432402827114464,0.10736129369434311,0.11337439083462997
0.7217461167648634,0.7323369565217391,0.7270029673590505,0.7015530047265361,0.5153919758976016,5161,3680,1481,0.5375179813874292,0.7381266550107817,11,5,Logistic Regression,missing_20pct,0.2,44,0.8351262862488307,0.6432402827114464,0.10812331888978022,0.10572230132401716
0.732398165632587,0.7377717391304348,0.7350751319886287,0.6698176907494936,0.5339770241904707,5161,3680,1481,0.5465494084490503,0.7377765702870002,11,5,Logistic Regression,missing_20pct,0.2,45,0.8351262862488307,0.6432402827114464,0.10005115426020195,0.09669087426239609
0.7266187050359713,0.7410326086956521,0.7337548769003094,0.6927751519243754,0.5241287283856384,5161,3680,1481,0.5367128555911106,0.7388317514136747,11,5,Logistic Regression,missing_20pct,0.2,46,0.8351262862488307,0.6432402827114464,0.10137140934852129,0.1065274271203358
0.7240011334655709,0.6942934782608695,0.708836177000971,0.6576637407157326,0.5183148687725685,5161,3680,1481,0.5393378629304524,0.740382838013875,11,5,Logistic Regression,missing_30pct,0.3,42,0.8351262862488307,0.6432402827114464,0.12629010924785966,0.10390241978099402
0.7194145263739299,0.7078804347826086,0.7136008765922477,0.6860229574611749,0.5109287386607169,5161,3680,1481,0.5235950664944369,0.7289527633267182,11,5,Logistic Regression,missing_30pct,0.3,43,0.8351262862488307,0.6432402827114464,0.12152540965658298,0.11964521621700952
0.7209944751381215,0.7092391304347826,0.7150684931506849,0.6819716407832546,0.513633744825764,5161,3680,1481,0.5266097011420017,0.7313094877596604,11,5,Logistic Regression,missing_30pct,0.3,44,0.8351262862488307,0.6432402827114464,0.12005779309814579,0.11663058156944472
0.7319474835886215,0.7271739130434782,0.7295528898582334,0.6617150573936529,0.5327294278249126,5161,3680,1481,0.5400265684173444,0.7320998549409717,11,5,Logistic Regression,missing_30pct,0.3,45,0.8351262862488307,0.6432402827114464,0.10557339639059726,0.10321371429410198
0.7226477024070022,0.7179347826086957,0.7202835332606325,0.6846725185685347,0.5166311320200805,5161,3680,1481,0.5260291592050025,0.7308537760898908,11,5,Logistic Regression,missing_30pct,0.3,46,0.8351262862488307,0.6432402827114464,0.11484275298819813,0.11721112350644391
0.7589079130032392,0.8913043478260869,0.8197950512371907,0.7035786630654963,0.5938628423802953,5161,3680,1481,0.685028568387987,0.8228921274461196,11,5,Random Forest,missing_5pct,0.05,42,0.8160788775123247,0.6821172349763673,-0.00371617372486599,-0.002911333411619643
0.7613216266173752,0.8953804347826086,0.8229270729270729,0.6975016880486158,0.5989393733669964,5161,3680,1481,0.6874528447288848,0.8258724294742079,11,5,Random Forest,missing_5pct,0.05,43,0.8160788775123247,0.6821172349763673,-0.006848195414748237,-0.005335609752517456
0.7613767613767614,0.8956521739130435,0.8230740417030841,0.6975016880486158,0.5990752429322139,5161,3680,1481,0.6851518693303584,0.8257817043779925,11,5,Random Forest,missing_5pct,0.05,44,0.8160788775123247,0.6821172349763673,-0.006995164190759406,-0.0030346343539910947
0.7611663966674381,0.89375,0.8221472315960505,0.6968264686022958,0.5984617656988521,5161,3680,1481,0.6910280216070224,0.8284275323100367,11,5,Random Forest,missing_5pct,0.05,45,0.8160788775123247,0.6821172349763673,-0.006068354083725858,-0.008910786630655032
0.7569813062543272,0.8913043478260869,0.8186696617995757,0.7110060769750168,0.590149135425535,5161,3680,1481,0.6881332017144703,0.8281166128125327,11,5,Random Forest,missing_5pct,0.05,46,0.8160788775123247,0.6821172349763673,-0.0025907842872510134,-0.006015966738103007
0.7541912097870412,0.9046195652173913,0.8225846305905609,0.7326130992572586,0.5860032329800664,5161,3680,1481,0.6841188569709069,0.8286841772688988,11,5,Random Forest,missing_10pct,0.1,42,0.8160788775123247,0.6821172349763673,-0.006505753078236198,-0.002001621994539571
0.7532760957975598,0.9059782608695652,0.8226005428077967,0.7373396353814989,0.5843193127440331,5161,3680,1481,0.6817801757038429,0.8296506505341418,11,5,Random Forest,missing_10pct,0.1,43,0.8160788775123247,0.6821172349763673,-0.0065216652954720455,0.00033705927252447587
0.7534894191805493,0.9095108695652174,0.8241812361487318,0.7393652937204591,0.5850727879223792,5161,3680,1481,0.6865805639550245,0.8281357323901081,11,5,Random Forest,missing_10pct,0.1,44,0.8160788775123247,0.6821172349763673,-0.008102358636407181,-0.0044633289786571995
0.7545045045045045,0.9103260869565217,0.8251231527093597,0.7359891964888589,0.5871684452338315,5161,3680,1481,0.6898955611660746,0.8318225615824092,11,5,Random Forest,missing_10pct,0.1,45,0.8160788775123247,0.6821172349763673,-0.00904427519703499,-0.0077783261897073075
0.7538912700203023,0.9081521739130435,0.8238629360285961,0.736664415935179,0.5857438789889322,5161,3680,1481,0.6863430445057688,0.8308257574780021,11,5,Random Forest,missing_10pct,0.1,46,0.8160788775123247,0.6821172349763673,-0.007784058516271397,-0.004225809529401436
0.7465945945945945,0.9383152173913043,0.8315472606863336,0.7913571910871033,0.5734790131521005,5161,3680,1481,0.6809201883275108,0.8301029872532306,11,5,Random Forest,missing_20pct,0.2,42,0.8160788775123247,0.6821172349763673,-0.015468383174008893,0.001197046648856559
0.7440412282585356,0.9415760869565217,0.8312342569269522,0.8048615800135044,0.5683572534715087,5161,3680,1481,0.6708625377976103,0.8267988867453635,11,5,Random Forest,missing_20pct,0.2,43,0.8160788775123247,0.6821172349763673,-0.015155379414627523,0.011254697178757045
0.7459051724137931,0.9404891304347827,0.8319711538461538,0.7960837272113437,0.5722027016117195,5161,3680,1481,0.6778094083022634,0.8293476088645788,11,5,Random Forest,missing_20pct,0.2,44,0.8160788775123247,0.6821172349763673,-0.01589227633382917,0.004307826674103898
0.7443157443157443,0.9429347826086957,0.8319347878206665,0.8048615800135044,0.5690366012975956,5161,3680,1481,0.681852009511787,0.8323538983596656,11,5,Random Forest,missing_20pct,0.2,45,0.8160788775123247,0.6821172349763673,-0.01585591030834188,0.0002652254645802987
0.744970798182998,0.9358695652173913,0.8295796699987956,0.7960837272113437,0.5698929190030237,5161,3680,1481,0.675596963714294,0.8289971956730267,11,5,Random Forest,missing_20pct,0.2,46,0.8160788775123247,0.6821172349763673,-0.013500792486470958,0.006520271262073329
0.7341666666666666,0.9576086956521739,0.8311320754716981,0.861580013504389,0.5480143410738925,5161,3680,1481,0.6661777441799018,0.8221140454214128,11,5,Random Forest,missing_30pct,0.3,42,0.8160788775123247,0.6821172349763673,-0.015053197959373432,0.015939490796465505
0.7335553705245629,0.9576086956521739,0.8307402168788307,0.8642808912896691,0.5466639021812524,5161,3680,1481,0.6546226844376597,0.8182461079683346,11,5,Random Forest,missing_30pct,0.3,43,0.8160788775123247,0.6821172349763673,-0.014661339366506043,0.02749455053870764
0.7335683184739789,0.9614130434782608,0.832176878748677,0.8676569885212694,0.5468780274784957,5161,3680,1481,0.6502923810292693,0.8143070929457735,11,5,Random Forest,missing_30pct,0.3,44,0.8160788775123247,0.6821172349763673,-0.0160980012363523,0.031824853947098
0.7352695361470957,0.95625,0.8313253012048193,0.8555030384875084,0.5503734807562458,5161,3680,1481,0.6649021665737015,0.8249783868288072,11,5,Random Forest,missing_30pct,0.3,45,0.8160788775123247,0.6821172349763673,-0.015246423692494626,0.017215068402665845
0.7325436408977556,0.9578804347826086,0.830193122939237,0.8690074274139096,0.5444365036843496,5161,3680,1481,0.6589459237295598,0.8220060178696527,11,5,Random Forest,missing_30pct,0.3,46,0.8160788775123247,0.6821172349763673,-0.014114245426912309,0.02317131124680749
0.7612230041252124,0.852445652173913,0.8042558646327393,0.6644159351789332,0.5940148584974899,5161,3680,1481,0.6670964462906966,0.8336710553537161,11,5,XGBoost,missing_5pct,0.05,42,0.8099216039069528,0.6855152584916184,0.005665739274213433,0.018418812200921786
0.7620423892100193,0.8597826086956522,0.8079673135852911,0.6671168129642133,0.5963328978657194,5161,3680,1481,0.6750811914687491,0.8414507773390546,11,5,XGBoost,missing_5pct,0.05,43,0.8099216039069528,0.6855152584916184,0.0019542903216617225,0.010434067022869309
0.7610855342864066,0.8535326086956522,0.8046624823876009,0.6657663740715732,0.5938831173120395,5161,3680,1481,0.665201153010598,0.8335441431045599,11,5,XGBoost,missing_5pct,0.05,44,0.8099216039069528,0.6855152584916184,0.005259121519351928,0.020314105481020417
0.7634824667472794,0.8578804347826087,0.8079334612923864,0.6603646185010128,0.5987579081407979,5161,3680,1481,0.6736297448844788,0.837800236084061,11,5,XGBoost,missing_5pct,0.05,45,0.8099216039069528,0.6855152584916184,0.0019881426145663683,0.01188551360713963
0.7589307411907655,0.8486413043478261,0.8012828736369467,0.6698176907494936,0.5894118067991663,5161,3680,1481,0.6631444859524998,0.8300162011758454,11,5,XGBoost,missing_5pct,0.05,46,0.8099216039069528,0.6855152584916184,0.008638730270006056,0.022370772539118677
0.7572604065827686,0.8502717391304347,0.8010752688172043,0.6772451046590142,0.5865133172357103,5161,3680,1481,0.6497030318821009,0.8174077116459038,11,5,XGBoost,missing_10pct,0.1,42,0.8099216039069528,0.6855152584916184,0.008846335089748525,0.03581222660951755
0.75708793849111,0.85625,0.8036215251211426,0.6826468602295747,0.5868015698852127,5161,3680,1481,0.650676136864046,0.8170343892956375,11,5,XGBoost,missing_10pct,0.1,43,0.8099216039069528,0.6855152584916184,0.0063000787858101814,0.03483912162757241
0.7581699346405228,0.8510869565217392,0.8019459736269364,0.6745442268737339,0.5882713648240026,5161,3680,1481,0.6470881161377448,0.815521587726476,11,5,XGBoost,missing_10pct,0.1,44,0.8099216039069528,0.6855152584916184,0.007975630280016355,0.03842714235387368
0.7613307618129219,0.8581521739130434,0.8068472151251916,0.6684672518568535,0.594842461028095,5161,3680,1481,0.6623025717053694,0.827843063008217,11,5,XGBoost,missing_10pct,0.1,45,0.8099216039069528,0.6855152584916184,0.0030743887817611393,0.023212686786248993
0.7497598463016331,0.8483695652173913,0.7960224375318715,0.7035786630654963,0.5723954510759475,5161,3680,1481,0.6476638875025688,0.8181765836126125,11,5,XGBoost,missing_10pct,0.1,46,0.8099216039069528,0.6855152584916184,0.013899166375081262,0.03785137098904967
0.7469165085388995,0.8557065217391304,0.7976190476190477,0.7204591492234976,0.5676236862578163,5161,3680,1481,0.6360772685905528,0.8051040919692192,11,5,XGBoost,missing_20pct,0.2,42,0.8099216039069528,0.6855152584916184,0.012302556287905109,0.049437989901065627
0.7437663262882925,0.8510869565217392,0.7938157394500064,0.7285617825793382,0.5612625869712005,5161,3680,1481,0.6243458811613775,0.7978529782390738,11,5,XGBoost,missing_20pct,0.2,43,0.8099216039069528,0.6855152584916184,0.016105864456946395,0.06116937733024097
0.7472553699284009,0.8508152173913044,0.7956797966963152,0.7150573936529372,0.5678789118691836,5161,3680,1481,0.6176590985820392,0.7909128621483654,11,5,XGBoost,missing_20pct,0.2,44,0.8099216039069528,0.6855152584916184,0.014241807210637614,0.06785615990957927
0.7520778912372358,0.8605978260869566,0.80268660499303,0.7049291019581364,0.5778343620644101,5161,3680,1481,0.6373625708246484,0.8049381584449453,11,5,XGBoost,missing_20pct,0.2,45,0.8099216039069528,0.6855152584916184,0.007234998913922763,0.04815268766697001
0.7428435114503816,0.846195652173913,0.7911585365853658,0.7278865631330182,0.5591545445204473,5161,3680,1481,0.6246120240436838,0.7994177620601564,11,5,XGBoost,missing_20pct,0.2,46,0.8099216039069528,0.6855152584916184,0.018763067321586946,0.06090323444793466
0.7403237156931738,0.8576086956521739,0.7946619665113936,0.7474679270762998,0.5550703842879371,5161,3680,1481,0.6076135579661216,0.7870438896685183,11,5,XGBoost,missing_30pct,0.3,42,0.8099216039069528,0.6855152584916184,0.015259637395559134,0.07790170052549683
0.7353219696969697,0.8440217391304348,0.7859311740890689,0.7548953409858203,0.5445631990723072,5161,3680,1481,0.5952415377388955,0.7783805862320113,11,5,XGBoost,missing_30pct,0.3,43,0.8099216039069528,0.6855152584916184,0.023990429817883907,0.09027372075272289
0.7421413377452138,0.8532608695652174,0.7938313740361522,0.736664415935179,0.5582982268150192,5161,3680,1481,0.5932326681443209,0.7702965617864567,11,5,XGBoost,missing_30pct,0.3,44,0.8099216039069528,0.6855152584916184,0.016090229870800554,0.09228259034729758
0.741027445460943,0.8584239130434783,0.795417348608838,0.7454422687373397,0.5564908221530693,5161,3680,1481,0.6211798725890262,0.7928367658669457,11,5,XGBoost,missing_30pct,0.3,45,0.8099216039069528,0.6855152584916184,0.014504255298114832,0.06433538590259225
0.7361013370865588,0.8527173913043479,0.790129673926728,0.7596218771100608,0.5465477570971435,5161,3680,1481,0.5931112020374012,0.7766409004537487,11,5,XGBoost,missing_30pct,0.3,46,0.8099216039069528,0.6855152584916184,0.01979192998022483,0.09240405645421723
0.7401878160366,0.8353260869565218,0.7848844631686455,0.7285617825793382,0.5533821521885918,5161,3680,1481,0.6315653164724188,0.8127935406560778,11,5,Compact MLP,missing_5pct,0.05,42,0.8051269288203086,0.658629047647007,0.0202424656516631,0.027063731174588268
0.7454412837345004,0.8331521739130435,0.7868600025664058,0.7069547602970966,0.5630987068079735,5161,3680,1481,0.6436129377917388,0.8217733450652093,11,5,Compact MLP,missing_5pct,0.05,43,0.8051269288203086,0.658629047647007,0.018266926253902804,0.015016109855268245
0.7442542787286064,0.8271739130434783,0.7835263835263835,0.7062795408507765,0.5604471860963509,5161,3680,1481,0.6380546707571264,0.8206820453200292,11,5,Compact MLP,missing_5pct,0.05,44,0.8051269288203086,0.658629047647007,0.021600545293925077,0.02057437688988062
0.7491590581451225,0.8472826086956522,0.7952053047691915,0.7049291019581364,0.571176753368758,5161,3680,1481,0.6524458356574583,0.8262984042193496,11,5,Compact MLP,missing_5pct,0.05,45,0.8051269288203086,0.658629047647007,0.009921624051117073,0.0061832119895487425
0.7448107448107448,0.8288043478260869,0.7845659163987139,0.7056043214044565,0.5616000132108152,5161,3680,1481,0.6274553768018084,0.8099535767050666,11,5,Compact MLP,missing_5pct,0.05,46,0.8051269288203086,0.658629047647007,0.020561012421594693,0.03117367084519862
0.7414965986394558,0.7997282608695652,0.7695123545561511,0.6927751519243754,0.5534765544725948,5161,3680,1481,0.6120012917241582,0.7958072726717508,11,5,Compact MLP,missing_10pct,0.1,42,0.8051269288203086,0.658629047647007,0.035614574264157484,0.046627755922848846
0.7433716858429215,0.8076086956521739,0.7741599374837197,0.6927751519243754,0.5574167718638992,5161,3680,1481,0.6252649502392627,0.8047028539901584,11,5,Compact MLP,missing_10pct,0.1,43,0.8051269288203086,0.658629047647007,0.030966991336588867,0.033364097407744375
0.7423076923076923,0.7866847826086957,0.7638522427440633,0.6785955435516543,0.5540446195285207,5161,3680,1481,0.6207822637465872,0.802366385663938,11,5,Compact MLP,missing_10pct,0.1,44,0.8051269288203086,0.658629047647007,0.04127468607624529,0.037846783900419845
0.7499367888748419,0.8059782608695653,0.7769482645710544,0.6677920324105334,0.5690931142295159,5161,3680,1481,0.6359413072835627,0.8110499306420695,11,5,Compact MLP,missing_10pct,0.1,45,0.8051269288203086,0.658629047647007,0.028178664249254193,0.022687740363444342
0.7467680608365019,0.8005434782608696,0.7727213114754098,0.6745442268737339,0.5629996256935679,5161,3680,1481,0.6153194081554767,0.795795090946846,11,5,Compact MLP,missing_10pct,0.1,46,0.8051269288203086,0.658629047647007,0.032405617344898774,0.04330963949153033
0.7427652733118971,0.7532608695652174,0.7479762547220723,0.6482106684672518,0.5525251005489829,5161,3680,1481,0.5945923729559933,0.7806836153812162,11,5,Compact MLP,missing_20pct,0.2,42,0.8051269288203086,0.658629047647007,0.057150674098236265,0.0640366746910137
0.7443589062914786,0.7619565217391304,0.7530549214448772,0.650236326806212,0.5558600974664591,5161,3680,1481,0.598376721075654,0.7806923621934675,11,5,Compact MLP,missing_20pct,0.2,43,0.8051269288203086,0.658629047647007,0.052072007375431384,0.06025232657135304
0.745656894679696,0.7464673913043478,0.7460619228680065,0.6326806212018906,0.5568933850512285,5161,3680,1481,0.5996313815577019,0.7861544741056494,11,5,Compact MLP,missing_20pct,0.2,44,0.8051269288203086,0.658629047647007,0.05906500595230202,0.05899766608930512
0.7490726020137785,0.7682065217391304,0.7585189160182453,0.6394328156650911,0.5643868530370196,5161,3680,1481,0.6103672790124182,0.789819486552459,11,5,Compact MLP,missing_20pct,0.2,45,0.8051269288203086,0.658629047647007,0.04660801280206328,0.048261768634588864
0.7378048780487805,0.75625,0.7469135802469136,0.6677920324105334,0.5442289837947333,5161,3680,1481,0.5865278124357807,0.7776735231573093,11,5,Compact MLP,missing_20pct,0.2,46,0.8051269288203086,0.658629047647007,0.058213348573394996,0.07210123521122636
0.7389569677970932,0.7046195652173913,0.721379885936848,0.6185010128291695,0.5430592761941109,5161,3680,1481,0.5753636643865778,0.7659019004586125,11,5,Compact MLP,missing_30pct,0.3,42,0.8051269288203086,0.658629047647007,0.08374704288346058,0.0832653832604292
0.7464355605255801,0.7255434782608695,0.7358412567176519,0.612424037812289,0.5565597202242902,5161,3680,1481,0.5854548924052491,0.7708899523788109,11,5,Compact MLP,missing_30pct,0.3,43,0.8051269288203086,0.658629047647007,0.06928567210265668,0.07317415524175797
0.7438784126090627,0.7182065217391305,0.7308170883450851,0.6144496961512491,0.5518784127939407,5161,3680,1481,0.579851855385609,0.7692306003034328,11,5,Compact MLP,missing_30pct,0.3,44,0.8051269288203086,0.658629047647007,0.07430984047522349,0.07877719226139801
0.7457627118644068,0.7293478260869565,0.7374639373540322,0.6178257933828494,0.5557610163520535,5161,3680,1481,0.5896526289522355,0.7742234090055878,11,5,Compact MLP,missing_30pct,0.3,45,0.8051269288203086,0.658629047647007,0.06766299146627641,0.06897641869477156
0.7377863648909744,0.7263586956521739,0.732027933725866,0.6414584740040513,0.5424501108240614,5161,3680,1481,0.5749997247746823,0.7645916314423016,11,5,Compact MLP,missing_30pct,0.3,46,0.8051269288203086,0.658629047647007,0.07309899509444251,0.08362932287232472
0.7574836295603368,0.8609782030834663,0.8059218711122169,0.7664449371766445,0.5472666329534109,5115,3762,1353,0.6133895063758525,0.8032077580744917,12,14,Logistic Regression,missing_5pct,0.05,42,0.8468364642157428,0.6810350755385182,0.040914593103525854,0.06764556916266562
0.7537453183520599,0.8559276980329612,0.8015932287776948,0.7775314116777532,0.5391981431776041,5115,3762,1353,0.6002741461371406,0.8011715485182502,12,14,Logistic Regression,missing_5pct,0.05,43,0.8468364642157428,0.6810350755385182,0.04524323543804798,0.08076092940137758
0.7527881040892194,0.861244019138756,0.8033721795189686,0.78640059127864,0.537421713930058,5115,3762,1353,0.610329478312907,0.8044097924451956,12,14,Logistic Regression,missing_5pct,0.05,44,0.8468364642157428,0.6810350755385182,0.043464284696774214,0.0707055972256112
0.7506420733130983,0.8545986177565125,0.7992541951522685,0.7893569844789357,0.5326208166387884,5115,3762,1353,0.6028600078664264,0.8025723064735821,12,14,Logistic Regression,missing_5pct,0.05,45,0.8468364642157428,0.6810350755385182,0.04758226906347429,0.07817506767209181
0.7530373831775701,0.8567251461988304,0.8015419049987565,0.7812269031781227,0.5377491215103539,5115,3762,1353,0.6025329932145196,0.7994930795036247,12,14,Logistic Regression,missing_5pct,0.05,46,0.8468364642157428,0.6810350755385182,0.04529455921698622,0.07850208232399858
0.75642965204236,0.7974481658692185,0.7763975155279503,0.7139689578713969,0.5417396039989109,5115,3762,1353,0.5908398372804955,0.7870704900625028,12,14,Logistic Regression,missing_10pct,0.1,42,0.8468364642157428,0.6810350755385182,0.07043894868779244,0.09019523825802267
0.7558816089046294,0.7942583732057417,0.7745949449125081,0.713229859571323,0.5405142568172093,5115,3762,1353,0.5765509964074558,0.782670835181849,12,14,Logistic Regression,missing_10pct,0.1,43,0.8468364642157428,0.6810350755385182,0.07224151930323464,0.10448407913106239
0.7550866616428034,0.7990430622009569,0.77644323905463,0.720620842572062,0.5392111098144474,5115,3762,1353,0.5806724222817116,0.7824865475997571,12,14,Logistic Regression,missing_10pct,0.1,44,0.8468364642157428,0.6810350755385182,0.0703932251611128,0.1003626532568066
0.7541561712846347,0.79585326953748,0.7744438696326953,0.721359940872136,0.537246664332672,5115,3762,1353,0.5849298996107258,0.7867739904854867,12,14,Logistic Regression,missing_10pct,0.1,45,0.8468364642157428,0.6810350755385182,0.07239259458304748,0.09610517592779233
0.7519321864871603,0.8017012227538544,0.7760195548694198,0.7354028085735402,0.533149207090157,5115,3762,1353,0.5785523771578154,0.7822326759130785,12,14,Logistic Regression,missing_10pct,0.1,46,0.8468364642157428,0.6810350755385182,0.07081690934632301,0.10248269838070279
0.7505291005291005,0.754120148856991,0.7523203394325113,0.696969696969697,0.528575225943647,5115,3762,1353,0.5658324011107301,0.7695771732016576,12,14,Logistic Regression,missing_20pct,0.2,42,0.8468364642157428,0.6810350755385182,0.09451612478323146,0.11520267442778809
0.7553450608930988,0.7418926103136629,0.7485584015019445,0.6681448632668144,0.5368738735234242,5115,3762,1353,0.5589198084238346,0.7677537278532968,12,14,Logistic Regression,missing_20pct,0.2,43,0.8468364642157428,0.6810350755385182,0.09827806271379824,0.12211526711468357
0.754235009411132,0.7456140350877193,0.7498997460232589,0.6755358462675536,0.5350390944100829,5115,3762,1353,0.5545412109188512,0.7637496475099266,12,14,Logistic Regression,missing_20pct,0.2,44,0.8468364642157428,0.6810350755385182,0.09693671819248384,0.12649386461966694
0.7528843573920043,0.745879851143009,0.7493657364134063,0.6807095343680709,0.532585158387469,5115,3762,1353,0.5630441812610094,0.7718991402106805,12,14,Logistic Regression,missing_20pct,0.2,45,0.8468364642157428,0.6810350755385182,0.09747072780233645,0.11799089427750875
0.7435281558580198,0.7405635300372142,0.7420428818750833,0.7102734663710274,0.5151450318330935,5115,3762,1353,0.5436119077734203,0.7599403835806046,12,14,Logistic Regression,missing_20pct,0.2,46,0.8468364642157428,0.6810350755385182,0.1047935823406595,0.1374231677650979
0.7524509803921569,0.7344497607655502,0.7433414043583535,0.6718403547671841,0.5313047029991831,5115,3762,1353,0.5506698839643174,0.7593018556323441,12,14,Logistic Regression,missing_30pct,0.3,42,0.8468364642157428,0.6810350755385182,0.10349505985738927,0.1303651915742008
0.7528989508558808,0.7248803827751196,0.7386240520043337,0.6614929785661493,0.5316937021044852,5115,3762,1353,0.548629406839233,0.7599935429667066,12,14,Logistic Regression,missing_30pct,0.3,43,0.8468364642157428,0.6810350755385182,0.10821241221140909,0.13240566869928516
0.7481914301613801,0.7147793726741095,0.7311038607939098,0.6688839615668883,0.5229477055536106,5115,3762,1353,0.5372076661900445,0.7528741064837878,12,14,Logistic Regression,missing_30pct,0.3,44,0.8468364642157428,0.6810350755385182,0.115732603421833,0.1438274093484737
0.7502753303964758,0.7243487506645402,0.7370841222612929,0.6703621581670363,0.526993296248752,5115,3762,1353,0.5464186934895302,0.7643155280848366,12,14,Logistic Regression,missing_30pct,0.3,45,0.8468364642157428,0.6810350755385182,0.10975234195444983,0.13461638204898796
0.7427565664771189,0.7291334396597554,0.7358819584171696,0.7021433850702143,0.5134950272947705,5115,3762,1353,0.5300214971121728,0.748503638775698,12,14,Logistic Regression,missing_30pct,0.3,46,0.8468364642157428,0.6810350755385182,0.11095450579857313,0.15101357842634533
0.7643490433971069,0.8708133971291866,0.8141153081510935,0.7464892830746489,0.5621620570272688,5115,3762,1353,0.661426082507889,0.8426844780590952,12,14,Random Forest,missing_5pct,0.05,42,0.807425179946963,0.6562797029304206,-0.006690128204130508,-0.005146379577468441
0.7667366456729647,0.8737373737373737,0.816747422040005,0.7390983000739099,0.567319536831732,5115,3762,1353,0.6619697971664362,0.8406634663817842,12,14,Random Forest,missing_5pct,0.05,43,0.807425179946963,0.6562797029304206,-0.009322242093042,-0.00569009423601563
0.7646509455988793,0.8705475810738968,0.8141702921068987,0.7450110864745011,0.5627682472996979,5115,3762,1353,0.6579054441407108,0.8399341021207102,12,14,Random Forest,missing_5pct,0.05,44,0.807425179946963,0.6562797029304206,-0.006745112159935784,-0.0016257412102902435
0.764555193292967,0.8726741095162148,0.8150446871896723,0.7472283813747228,0.562722864070746,5115,3762,1353,0.662513708289178,0.8418660130791972,12,14,Random Forest,missing_5pct,0.05,45,0.807425179946963,0.6562797029304206,-0.0076195072427093224,-0.0062340053587574
0.7644859813084112,0.8697501329080276,0.8137279283760258,0.7450110864745011,0.5623695232167633,5115,3762,1353,0.6619968109931933,0.8404526293308382,12,14,Random Forest,missing_5pct,0.05,46,0.807425179946963,0.6562797029304206,-0.0063027484290628655,-0.005717108062772702
0.7619262943703369,0.8958001063264222,0.8234575442883323,0.7782705099778271,0.5587647981742976,5115,3762,1353,0.6638962268265571,0.8404288814906604,12,14,Random Forest,missing_10pct,0.1,42,0.807425179946963,0.6562797029304206,-0.016032364341369343,-0.00761652389613654
0.762877240753347,0.8936735778841042,0.8231117639858,0.7723577235772358,0.5606579271534342,5115,3762,1353,0.6683402469083413,0.8419697120671521,12,14,Random Forest,missing_10pct,0.1,43,0.807425179946963,0.6562797029304206,-0.015686584038837048,-0.012060543977920668
0.7629495589233205,0.8965975544922913,0.8243920322620066,0.7745750184774575,0.5610112680074169,5115,3762,1353,0.6641777600174147,0.8428764333561798,12,14,Random Forest,missing_10pct,0.1,44,0.807425179946963,0.6562797029304206,-0.01696685231504369,-0.007898057086994092
0.7627770239710538,0.8965975544922913,0.8242913000977518,0.7753141167775314,0.5606417188573799,5115,3762,1353,0.6660914195048867,0.8426368517585551,12,14,Random Forest,missing_10pct,0.1,45,0.807425179946963,0.6562797029304206,-0.01686612015078881,-0.009811716574466112
0.7638168283329574,0.900053163211058,0.8263575350823673,0.7738359201773836,0.5631086215168372,5115,3762,1353,0.6660170578072316,0.8424074947252076,12,14,Random Forest,missing_10pct,0.1,46,0.807425179946963,0.6562797029304206,-0.018932355135404366,-0.009737354876811044
0.7555698371893744,0.9375332270069112,0.836773428232503,0.8433111603843311,0.5471110333112901,5115,3762,1353,0.6599519134237304,0.8345329474947477,12,14,Random Forest,missing_20pct,0.2,42,0.807425179946963,0.6562797029304206,-0.029348248285540057,-0.003672210493309791
0.759144385026738,0.9433811802232854,0.8412942989214176,0.8322246858832225,0.5555782471700315,5115,3762,1353,0.6701269905261036,0.8403375937798974,12,14,Random Forest,missing_20pct,0.2,43,0.807425179946963,0.6562797029304206,-0.03386911897445466,-0.013847287595682989
0.7559139784946236,0.9343434343434344,0.8357108892058963,0.8388765705838876,0.5477334318797733,5115,3762,1353,0.6637507450904581,0.8377304786617488,12,14,Random Forest,missing_20pct,0.2,44,0.807425179946963,0.6562797029304206,-0.028285709258933367,-0.007471042160037467
0.7577586206896552,0.9346092503987241,0.8369435848607475,0.8307464892830746,0.5519313805578248,5115,3762,1353,0.6650749137620418,0.837401247466885,12,14,Random Forest,missing_20pct,0.2,45,0.807425179946963,0.6562797029304206,-0.029518404913784546,-0.008795210831621159
0.7568954457985888,0.9409888357256778,0.8389619623178102,0.8403547671840355,0.5503170342708211,5115,3762,1353,0.6661545827434496,0.8397531002046499,12,14,Random Forest,missing_20pct,0.2,46,0.807425179946963,0.6562797029304206,-0.03153678237084723,-0.009874879813029036
0.7475186104218362,0.9609250398724083,0.8408932309839497,0.9024390243902439,0.5292430077410822,5115,3762,1353,0.6541915832381465,0.8277999755504222,12,14,Random Forest,missing_30pct,0.3,42,0.807425179946963,0.6562797029304206,-0.0334680510369868,0.002088119692274071
0.751349107513491,0.962254120148857,0.8438228438228438,0.885439763488544,0.5384071783301565,5115,3762,1353,0.65959375919698,0.831585725907027,12,14,Random Forest,missing_30pct,0.3,43,0.807425179946963,0.6562797029304206,-0.03639766387588084,-0.003314056266559451
0.7503628447024674,0.9619883040935673,0.8430984274898078,0.8898743532889875,0.5360569754022899,5115,3762,1353,0.6503905904652784,0.8301194005676095,12,14,Random Forest,missing_30pct,0.3,44,0.807425179946963,0.6562797029304206,-0.035673247542844844,0.005889112465142232
0.7506758161779996,0.9595959595959596,0.8423754521059387,0.8861788617886179,0.5367085489036708,5115,3762,1353,0.6476481467728988,0.8277549786496388,12,14,Random Forest,missing_30pct,0.3,45,0.807425179946963,0.6562797029304206,-0.034950272158975726,0.008631556157521758
0.7503113325031133,0.9609250398724083,0.8426573426573427,0.8891352549889135,0.5358948924417474,5115,3762,1353,0.6574815726408677,0.8333964071876729,12,14,Random Forest,missing_30pct,0.3,46,0.807425179946963,0.6562797029304206,-0.035232162710379766,-0.001201869710447112
0.7706945765937203,0.861244019138756,0.8134571930705499,0.7124907612712491,0.5743766289337535,5115,3762,1353,0.6825261405434121,0.8599065880517801,12,14,XGBoost,missing_5pct,0.05,42,0.8102291429294848,0.6925633980132755,-0.0032280501410650864,0.010037257469863392
0.7724335965541995,0.8580542264752791,0.8129958443520967,0.7028824833702882,0.5775858715524954,5115,3762,1353,0.6821706385832889,0.8634636888415889,12,14,XGBoost,missing_5pct,0.05,43,0.8102291429294848,0.6925633980132755,-0.002766701422611928,0.010392759429986631
0.7680535628885701,0.8538011695906432,0.8086606243705942,0.7169253510716925,0.5684379092594753,5115,3762,1353,0.6754993039273586,0.8600937674724758,12,14,XGBoost,missing_5pct,0.05,44,0.8102291429294848,0.6925633980132755,0.0015685185588906192,0.017064094085916914
0.7675870348139255,0.8498139287612971,0.8066103191623565,0.7154471544715447,0.5671833871448761,5115,3762,1353,0.6745029357644599,0.8583623638433137,12,14,XGBoost,missing_5pct,0.05,45,0.8102291429294848,0.6925633980132755,0.0036188237671282986,0.018060462248815634
0.7715857450370724,0.8575225943646996,0.8122875487850938,0.7058388765705839,0.5758418588970579,5115,3762,1353,0.6853430441655439,0.8682276856118999,12,14,XGBoost,missing_5pct,0.05,46,0.8102291429294848,0.6925633980132755,-0.0020584058556090135,0.007220353847731564
0.7677388836329234,0.8628389154704944,0.8125156445556946,0.7257945306725795,0.5685221923989575,5115,3762,1353,0.6703830816037608,0.8482872862023796,12,14,XGBoost,missing_10pct,0.1,42,0.8102291429294848,0.6925633980132755,-0.0022865016262098026,0.022180316409514678
0.7697446910045336,0.8575225943646996,0.8112661888595498,0.713229859571323,0.5721463673966882,5115,3762,1353,0.6705055770290921,0.850235532155587,12,14,XGBoost,missing_10pct,0.1,43,0.8102291429294848,0.6925633980132755,-0.0010370459300650392,0.022057820984183407
0.7642738687514807,0.8575225943646996,0.8082174621069773,0.7354028085735402,0.5610598928955797,5115,3762,1353,0.6585971945698867,0.8478106622017166,12,14,XGBoost,missing_10pct,0.1,44,0.8102291429294848,0.6925633980132755,0.0020116808225074667,0.03396620344338874
0.763095238095238,0.8519404572036151,0.805074101984426,0.7354028085735402,0.5582688243150374,5115,3762,1353,0.6586030884957248,0.8453099210483614,12,14,XGBoost,missing_10pct,0.1,45,0.8102291429294848,0.6925633980132755,0.005155040945058809,0.03396030951755069
0.767546990245063,0.8575225943646996,0.8100439422473321,0.7220990391722099,0.5677117775962448,5115,3762,1353,0.6662538953938184,0.8487692504086829,12,14,XGBoost,missing_10pct,0.1,46,0.8102291429294848,0.6925633980132755,0.00018520068215266416,0.02630950261945708
0.7659725508755324,0.8604465709728868,0.8104656985478217,0.7309682187730968,0.564739176099895,5115,3762,1353,0.6454102231322444,0.830194254637048,12,14,XGBoost,missing_20pct,0.2,42,0.8102291429294848,0.6925633980132755,-0.00023655561833690886,0.0471531748810311
0.7604634665405533,0.8548644338118022,0.8049055187085471,0.7487065779748706,0.5530789279184658,5115,3762,1353,0.6440152291185083,0.8275394239495216,12,14,XGBoost,missing_20pct,0.2,43,0.8102291429294848,0.6925633980132755,0.005323624220937684,0.04854816889476721
0.7551594746716698,0.8559276980329612,0.8023922252678793,0.7716186252771619,0.5421545363778997,5115,3762,1353,0.6312525221090981,0.8215835893800534,12,14,XGBoost,missing_20pct,0.2,44,0.8102291429294848,0.6925633980132755,0.007836917661605436,0.06131087590417739
0.7582443653618031,0.8495481127060075,0.8013037482762944,0.7531411677753141,0.5482034724653467,5115,3762,1353,0.6315443696701719,0.8201749820798034,12,14,XGBoost,missing_20pct,0.2,45,0.8102291429294848,0.6925633980132755,0.008925394653190422,0.061019028343103576
0.7625645843118836,0.8631047315257842,0.8097256857855362,0.7472283813747228,0.5579381750755307,5115,3762,1353,0.6317298318698715,0.8221148978445421,12,14,XGBoost,missing_20pct,0.2,46,0.8102291429294848,0.6925633980132755,0.0005034571439486157,0.06083356614340396
0.7577510411846368,0.8705475810738968,0.810242454230579,0.7738359201773836,0.5483558304482566,5115,3762,1353,0.6215421810590441,0.8132355495960211,12,14,XGBoost,missing_30pct,0.3,42,0.8102291429294848,0.6925633980132755,-1.331130109416545e-05,0.07102121695423136
0.7565420560747663,0.8607123870281765,0.8052723203183287,0.770140428677014,0.5452859791755813,5115,3762,1353,0.6181629969119757,0.811037788840149,12,14,XGBoost,missing_30pct,0.3,43,0.8102291429294848,0.6925633980132755,0.004956822611156042,0.07440040110129975
0.7536670547147847,0.8604465709728868,0.8035248851929999,0.7819660014781966,0.5392402847473451,5115,3762,1353,0.5984872060551836,0.8008371178213805,12,14,XGBoost,missing_30pct,0.3,44,0.8102291429294848,0.6925633980132755,0.006704257736484864,0.09407619195809191
0.7539608574091333,0.860180754917597,0.8035758629252545,0.7804878048780488,0.5398464750197741,5115,3762,1353,0.6113754536849414,0.8048597841899907,12,14,XGBoost,missing_30pct,0.3,45,0.8102291429294848,0.6925633980132755,0.0066532800042302664,0.0811879443283341
0.7519110493398193,0.8628389154704944,0.8035647976234682,0.7915742793791575,0.5356323180456685,5115,3762,1353,0.6038031342325892,0.8072641441580244,12,14,XGBoost,missing_30pct,0.3,46,0.8102291429294848,0.6925633980132755,0.006664345306016561,0.08876026378068624
0.760498046875,0.8280170122275385,0.7928226011707814,0.7250554323725056,0.5514807899275165,5115,3762,1353,0.6456966679279668,0.8449064624457325,12,14,Compact MLP,missing_5pct,0.05,42,0.8221353530417786,0.6667580225171543,0.029312751870997245,0.021061354589187564
0.7644219164856384,0.8418394471026049,0.8012650221378874,0.721359940872136,0.5602397531152344,5115,3762,1353,0.6463259427432609,0.8459200791563597,12,14,Compact MLP,missing_5pct,0.05,43,0.8221353530417786,0.6667580225171543,0.020870330903891232,0.020432079773893386
0.762542620555285,0.8322700691121744,0.7958820538891713,0.720620842572062,0.5558246132700562,5115,3762,1353,0.6433929287821224,0.8465912046144757,12,14,Compact MLP,missing_5pct,0.05,44,0.8221353530417786,0.6667580225171543,0.026253299152607323,0.023365093735031928
0.7595827268316351,0.8322700691121744,0.7942668696093353,0.7324464153732446,0.5499118268694649,5115,3762,1353,0.6360054821368861,0.8391914049462599,12,14,Compact MLP,missing_5pct,0.05,45,0.8221353530417786,0.6667580225171543,0.027868483432443303,0.0307525403802682
0.7625603864734299,0.8391812865497076,0.7990382181726146,0.7265336289726534,0.556323828788527,5115,3762,1353,0.6548122136288783,0.8502839426113513,12,14,Compact MLP,missing_5pct,0.05,46,0.8221353530417786,0.6667580225171543,0.023097134869164093,0.01194580888827601
0.7625954198473283,0.7966507177033493,0.7792511700468019,0.6895787139689579,0.5535360018671958,5115,3762,1353,0.6351801360553839,0.8357447099313591,12,14,Compact MLP,missing_10pct,0.1,42,0.8221353530417786,0.6667580225171543,0.04288418299497676,0.0315778864617704
0.768345691638967,0.7987772461456673,0.7832659976541119,0.6696230598669624,0.5645770931393524,5115,3762,1353,0.6374872150925366,0.8369894534148017,12,14,Compact MLP,missing_10pct,0.1,43,0.8221353530417786,0.6667580225171543,0.03886935538766678,0.02927080742461774
0.7616988809766022,0.7961190855927698,0.7785287236807902,0.6925351071692535,0.5517919892117582,5115,3762,1353,0.6254395395193622,0.8281287976735792,12,14,Compact MLP,missing_10pct,0.1,44,0.8221353530417786,0.6667580225171543,0.04360662936098847,0.04131848299779217
0.764102564102564,0.7921318447634237,0.7778647872618115,0.679970436067997,0.5560807043477133,5115,3762,1353,0.6233782371896504,0.8272870838949715,12,14,Compact MLP,missing_10pct,0.1,45,0.8221353530417786,0.6667580225171543,0.04427056577996713,0.04337978532750397
0.7630451222586337,0.8046251993620415,0.7832837365765299,0.6947524020694752,0.5549363986462831,5115,3762,1353,0.6281514330294817,0.8349125213352788,12,14,Compact MLP,missing_10pct,0.1,46,0.8221353530417786,0.6667580225171543,0.038851616465248706,0.03860658948767259
0.761687264911338,0.7535885167464115,0.7576162479957242,0.6555801921655581,0.5490041622904267,5115,3762,1353,0.6055678738605568,0.8126288839343019,12,14,Compact MLP,missing_20pct,0.2,42,0.8221353530417786,0.6667580225171543,0.0645191050460544,0.061190148656597554
0.7689579923622477,0.7493354598617756,0.7590199246095853,0.6260162601626016,0.561659599849587,5115,3762,1353,0.6115845898200899,0.8166155430939108,12,14,Compact MLP,missing_20pct,0.2,43,0.8221353530417786,0.6667580225171543,0.06311542843219331,0.05517343269706443
0.764689880304679,0.7472089314194578,0.7558483463296585,0.639320029563932,0.5539444509277629,5115,3762,1353,0.6062499975441975,0.8114971782874498,12,14,Compact MLP,missing_20pct,0.2,44,0.8221353530417786,0.6667580225171543,0.06628700671212018,0.06050802497295682
0.7605479452054794,0.7379053694843168,0.749055585536967,0.6459719142645972,0.5459667276098599,5115,3762,1353,0.5962835654164864,0.8062446406842109,12,14,Compact MLP,missing_20pct,0.2,45,0.8221353530417786,0.6667580225171543,0.0730797675048116,0.07047445710066791
0.7601078167115903,0.7496012759170654,0.7548179871520343,0.6577974870657798,0.5459018944256429,5115,3762,1353,0.5993912360466217,0.8108321877275204,12,14,Compact MLP,missing_20pct,0.2,46,0.8221353530417786,0.6667580225171543,0.06731736588974435,0.06736678647053262
0.764257481648786,0.7195640616693249,0.7412376779846659,0.6171470805617147,0.551208490553805,5115,3762,1353,0.5933951488275213,0.8007510428956364,12,14,Compact MLP,missing_30pct,0.3,42,0.8221353530417786,0.6667580225171543,0.08089767505711276,0.07336287368963301
0.7680619266055045,0.7121212121212122,0.7390344827586207,0.597930524759793,0.5570953436807096,5115,3762,1353,0.5975844530810104,0.8016501902070174,12,14,Compact MLP,missing_30pct,0.3,43,0.8221353530417786,0.6667580225171543,0.08310087028315793,0.06917356943614394
0.7573446327683616,0.7126528442317916,0.7343193645576555,0.6348854397634885,0.5388837022341515,5115,3762,1353,0.5751232911053192,0.7874000037202249,12,14,Compact MLP,missing_30pct,0.3,44,0.8221353530417786,0.6667580225171543,0.0878159884841232,0.09163473141183509
0.7675893886966552,0.7076023391812866,0.7363762102351314,0.5957132298595713,0.5559445546608577,5115,3762,1353,0.592766463404811,0.7981514118575548,12,14,Compact MLP,missing_30pct,0.3,45,0.8221353530417786,0.6667580225171543,0.0857591428066472,0.07399155911234334
0.7558139534883721,0.7083997873471558,0.7313391877058177,0.6363636363636364,0.5360180754917597,5115,3762,1353,0.5863455223648946,0.8002875209247167,12,14,Compact MLP,missing_30pct,0.3,46,0.8221353530417786,0.6667580225171543,0.09079616533596091,0.08041250015225976
0.7195792493425771,0.8539007092198582,0.7810067462376752,0.7597150259067358,0.5470928416565612,5069,3525,1544,0.6392341895417631,0.7911318221603107,13,2,Logistic Regression,missing_5pct,0.05,42,0.8185603807257584,0.7269211406313159,0.03755363448808324,0.08768695108955271
0.7217683805862566,0.8521985815602837,0.7815792897098999,0.75,0.5510992907801419,5069,3525,1544,0.6370771322529674,0.7909736639502349,13,2,Logistic Regression,missing_5pct,0.05,43,0.8185603807257584,0.7269211406313159,0.03698109101585856,0.0898440083783485
0.7146886016451234,0.8626950354609929,0.7817480719794344,0.7862694300518135,0.5382128027045897,5069,3525,1544,0.6397603167603719,0.7946915574584961,13,2,Logistic Regression,missing_5pct,0.05,44,0.8185603807257584,0.7269211406313159,0.03681230874632402,0.08716082387094393
0.717948717948718,0.8499290780141844,0.7783839958430762,0.7623056994818653,0.5438116892661595,5069,3525,1544,0.6327856171682651,0.7892628667561677,13,2,Logistic Regression,missing_5pct,0.05,45,0.8185603807257584,0.7269211406313159,0.04017638488268227,0.09413552346305076
0.7142518377993834,0.854468085106383,0.7780935158873676,0.780440414507772,0.5370138352993055,5069,3525,1544,0.6233877191048396,0.7749872158947504,13,2,Logistic Regression,missing_5pct,0.05,46,0.8185603807257584,0.7269211406313159,0.04046686483839079,0.10353342152647627
0.7226890756302521,0.8051063829787234,0.7616747181964574,0.7053108808290155,0.549897751074854,5069,3525,1544,0.608673428140962,0.7637493426091175,13,2,Logistic Regression,missing_10pct,0.1,42,0.8185603807257584,0.7269211406313159,0.05688566252930105,0.11824771249035382
0.7185813415574402,0.7931914893617021,0.7540453074433657,0.7091968911917098,0.5419972990849962,5069,3525,1544,0.6032882262154118,0.7650762180797968,13,2,Logistic Regression,missing_10pct,0.1,43,0.8185603807257584,0.7269211406313159,0.0645150732823927,0.12363291441590407
0.7164702933065932,0.8107801418439716,0.7607133351077988,0.7325129533678757,0.539133594238048,5069,3525,1544,0.6045107117921582,0.7669075854695003,13,2,Logistic Regression,missing_10pct,0.1,44,0.8185603807257584,0.7269211406313159,0.057847045617959614,0.12241042883915765
0.7176350662589195,0.7988652482269504,0.7560746408913949,0.7176165803108808,0.5406243339580348,5069,3525,1544,0.5993183404990262,0.7612267459140856,13,2,Logistic Regression,missing_10pct,0.1,45,0.8185603807257584,0.7269211406313159,0.06248573983436356,0.12760280013228964
0.715556685307575,0.798581560283688,0.7547928676766322,0.7247409326424871,0.5369203138206005,5069,3525,1544,0.5942445706096351,0.7570139068602566,13,2,Logistic Regression,missing_10pct,0.1,46,0.8185603807257584,0.7269211406313159,0.0637675130491262,0.13267657002168076
0.7145532370251472,0.7577304964539007,0.7355087429436872,0.6910621761658031,0.5333341601440488,5069,3525,1544,0.5681310403116158,0.7346298324959453,13,2,Logistic Regression,missing_20pct,0.2,42,0.8185603807257584,0.7269211406313159,0.08305163778207125,0.1587901003197001
0.7189101699487456,0.7560283687943262,0.7370022123893806,0.6748704663212435,0.5405789512365413,5069,3525,1544,0.5742005659060008,0.7443154001721026,13,2,Logistic Regression,missing_20pct,0.2,43,0.8185603807257584,0.7269211406313159,0.08155816833637786,0.15272057472531508
0.7132176234979973,0.7577304964539007,0.7348005502063274,0.6955958549222798,0.5310673207658104,5069,3525,1544,0.5674180538713115,0.7390285740072151,13,2,Logistic Regression,missing_20pct,0.2,44,0.8185603807257584,0.7269211406313159,0.08375983051943103,0.15950308676000435
0.716662194794741,0.7577304964539007,0.7366243794815224,0.6839378238341969,0.5368963363098519,5069,3525,1544,0.573760518869658,0.7418434019431172,13,2,Logistic Regression,missing_20pct,0.2,45,0.8185603807257584,0.7269211406313159,0.08193600124423606,0.1531606217616579
0.7176943699731904,0.7594326241134752,0.7379738111647139,0.6819948186528497,0.5387189027303128,5069,3525,1544,0.5672627971925183,0.7378713418537726,13,2,Logistic Regression,missing_20pct,0.2,46,0.8185603807257584,0.7269211406313159,0.08058656956104449,0.1596583434387976
0.7163434903047091,0.7336170212765958,0.7248773651016118,0.6632124352331606,0.5352022930217175,5069,3525,1544,0.5594847131885496,0.7316673295346314,13,2,Logistic Regression,missing_30pct,0.3,42,0.8185603807257584,0.7269211406313159,0.0936830156241466,0.1674364274427662
0.7170542635658915,0.7347517730496453,0.7257951520246603,0.6619170984455959,0.5364173373020247,5069,3525,1544,0.5681184544151692,0.7453604013561627,13,2,Logistic Regression,missing_30pct,0.3,43,0.8185603807257584,0.7269211406313159,0.09276522870109816,0.15880268621614668
0.7180336923501796,0.7375886524822695,0.7276798208788133,0.6612694300518135,0.538159611215228,5069,3525,1544,0.5668077756954397,0.7369170863296519,13,2,Logistic Regression,missing_30pct,0.3,44,0.8185603807257584,0.7269211406313159,0.0908805598469451,0.16011336493587613
0.7172832689122032,0.7370212765957447,0.727018329368966,0.6632124352331606,0.5369044206812921,5069,3525,1544,0.5568995516848565,0.7279446556199706,13,2,Logistic Regression,missing_30pct,0.3,45,0.8185603807257584,0.7269211406313159,0.09154205135679239,0.17002158894645936
0.7101290145484491,0.7339007092198582,0.7218191964285714,0.6839378238341969,0.5249814426928306,5069,3525,1544,0.546651416602359,0.7222082516136378,13,2,Logistic Regression,missing_30pct,0.3,46,0.8185603807257584,0.7269211406313159,0.09674118429718703,0.1802697240289568
0.7356870229007634,0.8748936170212765,0.7992743294026176,0.7176165803108808,0.5786385183551979,5069,3525,1544,0.6599099694998714,0.8108927362501203,13,2,Random Forest,missing_5pct,0.05,42,0.7937968195557892,0.6585057693014368,-0.005477509846828377,-0.0014042001984345687
0.7379640718562874,0.8740425531914894,0.8002597402597402,0.7085492227979274,0.582746665196781,5069,3525,1544,0.664609561606585,0.8169673323464369,13,2,Random Forest,missing_5pct,0.05,43,0.7937968195557892,0.6585057693014368,-0.006462920703951047,-0.006103792305148237
0.7376462162807352,0.8765957446808511,0.8011407829919627,0.7117875647668394,0.5824040899570059,5069,3525,1544,0.6625100135964428,0.81332233877194,13,2,Random Forest,missing_5pct,0.05,44,0.7937968195557892,0.6585057693014368,-0.007343963436173495,-0.00400424429500601
0.7356733524355301,0.8740425531914894,0.7989109295993777,0.7169689119170984,0.5785368206371955,5069,3525,1544,0.6622830081211186,0.8129187772426983,13,2,Random Forest,missing_5pct,0.05,45,0.7937968195557892,0.6585057693014368,-0.005114110043588527,-0.0037772388196818385
0.7370184254606366,0.873758865248227,0.7995846313603323,0.7117875647668394,0.5809856502406938,5069,3525,1544,0.6593681328776687,0.8107641186511698,13,2,Random Forest,missing_5pct,0.05,46,0.7937968195557892,0.6585057693014368,-0.00578781180454313,-0.0008623635762319282
0.7338465127128528,0.8924822695035461,0.8054275473630312,0.7389896373056994,0.5767463160989234,5069,3525,1544,0.6642426413846323,0.8179890709511415,13,2,Random Forest,missing_10pct,0.1,42,0.7937968195557892,0.6585057693014368,-0.011630727807242058,-0.00573687208319551
0.7350069735006973,0.8970212765957447,0.8079724032196244,0.7383419689119171,0.5793396538419138,5069,3525,1544,0.6640106750450152,0.8207128001202046,13,2,Random Forest,missing_10pct,0.1,43,0.7937968195557892,0.6585057693014368,-0.0141755836638352,-0.0055049057435784254
0.7344947735191638,0.8970212765957447,0.8076628352490421,0.7402849740932642,0.5783681512512402,5069,3525,1544,0.666574615073678,0.8186277155778269,13,2,Random Forest,missing_10pct,0.1,44,0.7937968195557892,0.6585057693014368,-0.013866015693252964,-0.008068845772241207
0.7337070777855641,0.8910638297872341,0.8047655649500385,0.7383419689119171,0.5763609304376585,5069,3525,1544,0.6607293389188991,0.8124678366815964,13,2,Random Forest,missing_10pct,0.1,45,0.7937968195557892,0.6585057693014368,-0.010968745394249302,-0.0022235696174622843
0.7341121495327103,0.8913475177304965,0.8051249199231262,0.7370466321243523,0.577150442803072,5069,3525,1544,0.6600840590894058,0.8131482984643583,13,2,Random Forest,missing_10pct,0.1,46,0.7937968195557892,0.6585057693014368,-0.011328100367337002,-0.0015782897879690339
0.7254116599910992,0.924822695035461,0.8130689612171094,0.7992227979274611,0.562799948554,5069,3525,1544,0.6585161503693088,0.8156363318116269,13,2,Random Forest,missing_20pct,0.2,42,0.7937968195557892,0.6585057693014368,-0.019272141661320186,-1.0381067871989558e-05
0.72609472743521,0.9219858156028369,0.8123984501937258,0.7940414507772021,0.5639721824128174,5069,3525,1544,0.6601453349502076,0.8183089256063377,13,2,Random Forest,missing_20pct,0.2,43,0.7937968195557892,0.6585057693014368,-0.018601630637936628,-0.0016395656487707688
0.7271719858156028,0.9307801418439716,0.8164738086350628,0.7972797927461139,0.5667501745489288,5069,3525,1544,0.667606934185867,0.8214814412045222,13,2,Random Forest,missing_20pct,0.2,44,0.7937968195557892,0.6585057693014368,-0.022676989079273624,-0.009101164884430246
0.7232676555235776,0.9268085106382978,0.8124844566028351,0.8095854922279793,0.5586115092051593,5069,3525,1544,0.6611774703266822,0.8175299486707149,13,2,Random Forest,missing_20pct,0.2,45,0.7937968195557892,0.6585057693014368,-0.018687637047045902,-0.0026717010252453877
0.7263228101378391,0.9268085106382978,0.8144085753458806,0.7972797927461139,0.5647643589460919,5069,3525,1544,0.6550401462536288,0.8127904419089433,13,2,Random Forest,missing_20pct,0.2,46,0.7937968195557892,0.6585057693014368,-0.020611755790091446,0.003465623047807953
0.7174005985463874,0.9520567375886525,0.8182372302816043,0.8562176165803109,0.5479195605041708,5069,3525,1544,0.6517695586668137,0.8113579022570667,13,2,Random Forest,missing_30pct,0.3,42,0.7937968195557892,0.6585057693014368,-0.024440410725815154,0.006736210634623041
0.715629677143468,0.9495035460992908,0.8161424042916362,0.8613989637305699,0.5440522911843604,5069,3525,1544,0.6500542939036489,0.8113801866342132,13,2,Random Forest,missing_30pct,0.3,43,0.7937968195557892,0.6585057693014368,-0.022345584735847024,0.0084514753977879
0.717479242069406,0.9560283687943263,0.8197518851860861,0.8594559585492227,0.5482862051225518,5069,3525,1544,0.6544766288171096,0.8116069010533125,13,2,Random Forest,missing_30pct,0.3,44,0.7937968195557892,0.6585057693014368,-0.025955065630296925,0.004029140484327232
0.7140119250425895,0.9512056737588652,0.8157158496533269,0.8698186528497409,0.5406935104545622,5069,3525,1544,0.6487637342446624,0.8100172175224258,13,2,Random Forest,missing_30pct,0.3,45,0.7937968195557892,0.6585057693014368,-0.021919030097537706,0.0097420350567744
0.7161125319693095,0.9531914893617022,0.8178167214311792,0.8626943005181347,0.5452485944217837,5069,3525,1544,0.6440405320986292,0.8083774906571044,13,2,Random Forest,missing_30pct,0.3,46,0.7937968195557892,0.6585057693014368,-0.02401990187539005,0.014465237202807568
0.744722154816792,0.8706382978723404,0.8027726916034528,0.6813471502590673,0.5946455738066365,5069,3525,1544,0.6817519200382169,0.8314361504853909,13,2,XGBoost,missing_5pct,0.05,42,0.8072194611561601,0.6995825524565465,0.004446769552707286,0.017830632418329606
0.7423133235724744,0.8629787234042553,0.7981109799291618,0.6839378238341969,0.5895204497850293,5069,3525,1544,0.6867311579024731,0.8382979546193235,13,2,XGBoost,missing_5pct,0.05,43,0.8072194611561601,0.6995825524565465,0.009108481226998255,0.01285139455407347
0.7442933462846042,0.8695035460992908,0.8020410833442365,0.6819948186528497,0.5937543637232205,5069,3525,1544,0.6901976077609966,0.8432535756957084,13,2,XGBoost,missing_5pct,0.05,44,0.8072194611561601,0.6995825524565465,0.00517837781192354,0.009384944695549957
0.7454677302393038,0.8748936170212765,0.8050117462803446,0.6819948186528497,0.5964493991842135,5069,3525,1544,0.6860887259765553,0.838804873841484,13,2,XGBoost,missing_5pct,0.05,45,0.8072194611561601,0.6995825524565465,0.002207714875815503,0.0134938264799912
0.7405431619786615,0.8663829787234043,0.7985357563080141,0.6930051813471503,0.586688898688127,5069,3525,1544,0.6767668944989527,0.8285943339533252,13,2,XGBoost,missing_5pct,0.05,46,0.8072194611561601,0.6995825524565465,0.008683704848145957,0.022815657957593882
0.7378875968992248,0.864113475177305,0.7960277015549457,0.7007772020725389,0.581668136552383,5069,3525,1544,0.6672274280674678,0.8225728890996915,13,2,XGBoost,missing_10pct,0.1,42,0.8072194611561601,0.6995825524565465,0.011191759601214324,0.03235512438907873
0.7372227579556413,0.8675177304964539,0.7970806724879448,0.7059585492227979,0.5807795906368279,5069,3525,1544,0.6750676147429537,0.8265794556236912,13,2,XGBoost,missing_10pct,0.1,43,0.8072194611561601,0.6995825524565465,0.01013878866821527,0.02451493771359281
0.7384130065518079,0.8632624113475177,0.7959717499346063,0.6981865284974094,0.5825379414250542,5069,3525,1544,0.6732636056296624,0.8260464541937147,13,2,XGBoost,missing_10pct,0.1,44,0.8072194611561601,0.6995825524565465,0.011247711221553769,0.026318946826884182
0.7365094798249878,0.8595744680851064,0.7932975520356067,0.7020725388601037,0.5787509646125014,5069,3525,1544,0.6653286113254695,0.8197519545510047,13,2,XGBoost,missing_10pct,0.1,45,0.8072194611561601,0.6995825524565465,0.013921909120553355,0.03425394113107705
0.7366892545982575,0.8635460992907802,0.7950894606242653,0.7046632124352331,0.5794414434277735,5069,3525,1544,0.6518564656597949,0.8051059509873109,13,2,XGBoost,missing_10pct,0.1,46,0.8072194611561601,0.6995825524565465,0.012130000531894725,0.04772608679675161
0.7249400479616307,0.8575886524822695,0.7857050032488629,0.7428756476683938,0.5573565024069378,5069,3525,1544,0.6260304817550435,0.7901066219661008,13,2,XGBoost,missing_20pct,0.2,42,0.8072194611561601,0.6995825524565465,0.021514457907297113,0.07355207070150305
0.7263765328203895,0.8570212765957447,0.7863092139510671,0.7370466321243523,0.5599873222356961,5069,3525,1544,0.6363574394590821,0.7998579471502321,13,2,XGBoost,missing_20pct,0.2,43,0.8072194611561601,0.6995825524565465,0.020910247205092936,0.06322511299746447
0.730117028898973,0.8672340425531915,0.7927904564315352,0.7318652849740933,0.5676843787895491,5069,3525,1544,0.6392004740381436,0.7943950784438696,13,2,XGBoost,missing_20pct,0.2,44,0.8072194611561601,0.6995825524565465,0.014429004724624828,0.06038207841840293
0.7229087452471483,0.8629787234042553,0.7867580499159447,0.7551813471502591,0.5538986881269982,5069,3525,1544,0.6372064821960093,0.7948195248877622,13,2,XGBoost,missing_20pct,0.2,45,0.8072194611561601,0.6995825524565465,0.020461411240215388,0.062376070260537264
0.724220052393427,0.8626950354609929,0.7874158467115484,0.75,0.5563475177304964,5069,3525,1544,0.623757211626796,0.7876558045839678,13,2,XGBoost,missing_20pct,0.2,46,0.8072194611561601,0.6995825524565465,0.01980361444461165,0.07582534082975056
0.7191780821917808,0.8638297872340426,0.7848949606908107,0.7700777202072538,0.5468760335133943,5069,3525,1544,0.6058652114798073,0.7768502510256229,13,2,XGBoost,missing_30pct,0.3,42,0.8072194611561601,0.6995825524565465,0.022324500465349395,0.09371734097673923
0.7201041913331755,0.8626950354609929,0.7849767681982447,0.7655440414507773,0.5485754970051079,5069,3525,1544,0.6129475802006394,0.7798056097783979,13,2,XGBoost,missing_30pct,0.3,43,0.8072194611561601,0.6995825524565465,0.022242692957915366,0.0866349722559071
0.7191300280636108,0.8723404255319149,0.7883604666068452,0.7778497409326425,0.5472453422996362,5069,3525,1544,0.6140233528093191,0.7788625770253628,13,2,XGBoost,missing_30pct,0.3,44,0.8072194611561601,0.6995825524565465,0.018858994549314834,0.08555919964722747
0.7192199248120301,0.8683687943262411,0.7867883305487726,0.7739637305699482,0.5472025318781465,5069,3525,1544,0.6191654723845221,0.7781026801582098,13,2,XGBoost,missing_30pct,0.3,45,0.8072194611561601,0.6995825524565465,0.020431130607387438,0.08041708007202442
0.7148906139731828,0.8621276595744681,0.7816358024691358,0.7849740932642487,0.5385767831551097,5069,3525,1544,0.59890401646272,0.7712557472837657,13,2,XGBoost,missing_30pct,0.3,46,0.8072194611561601,0.6995825524565465,0.02558365868702428,0.10067853599382659
0.7370625924100542,0.8485106382978723,0.7888698404325465,0.6910621761658031,0.5787242310660345,5069,3525,1544,0.6558034762797191,0.8139275666994232,13,2,Compact MLP,missing_5pct,0.05,42,0.807367613200307,0.6882515709403594,0.018497772767760545,0.03244809466064025
0.73539435248296,0.8570212765957447,0.7915629503471767,0.7040155440414507,0.576502866277147,5069,3525,1544,0.6639865137985521,0.8203337942715709,13,2,Compact MLP,missing_5pct,0.05,43,0.807367613200307,0.6882515709403594,0.015804662853130313,0.024265057141807267
0.7381932671348995,0.8646808510638297,0.7964463025868826,0.7001295336787565,0.5822756586925366,5069,3525,1544,0.6621388674530555,0.8134076451287556,13,2,Compact MLP,missing_5pct,0.05,44,0.807367613200307,0.6882515709403594,0.010921310613424384,0.02611270348730388
0.7326946107784431,0.8678014184397164,0.7945454545454546,0.7227979274611399,0.5725017454892882,5069,3525,1544,0.6626467129680667,0.8159329931393948,13,2,Compact MLP,missing_5pct,0.05,45,0.807367613200307,0.6882515709403594,0.012822158654852478,0.025604857972292727
0.7338024751273963,0.857872340425532,0.791001831022757,0.7104922279792746,0.5736900562231286,5069,3525,1544,0.6517181126667402,0.8057219488291623,13,2,Compact MLP,missing_5pct,0.05,46,0.807367613200307,0.6882515709403594,0.016365782177550026,0.0365334582736192
0.736272040302267,0.8292198581560284,0.779986657771848,0.6781088082901554,0.5755555249329365,5069,3525,1544,0.6403263146290377,0.7987443054343877,13,2,Compact MLP,missing_10pct,0.1,42,0.807367613200307,0.6882515709403594,0.027380955428459086,0.04792525631132172
0.7355638166047088,0.8419858156028369,0.7851851851851852,0.6910621761658031,0.5754618197185168,5069,3525,1544,0.6479439973542057,0.8069472575048029,13,2,Compact MLP,missing_10pct,0.1,43,0.807367613200307,0.6882515709403594,0.022182428015121824,0.04030757358615367
0.73525,0.8343262411347517,0.7816611295681063,0.685880829015544,0.5742227060596039,5069,3525,1544,0.6372518649175027,0.7910252568696545,13,2,Compact MLP,missing_10pct,0.1,44,0.807367613200307,0.6882515709403594,0.02570648363220074,0.05099970602285664
0.7336658354114713,0.8346099290780142,0.7808891838088918,0.6917098445595855,0.5714500422592144,5069,3525,1544,0.640274501157535,0.7979476900715716,13,2,Compact MLP,missing_10pct,0.1,45,0.807367613200307,0.6882515709403594,0.026478429391415204,0.047977069782824344
0.7359719438877755,0.8334751773049646,0.7816948250631901,0.6826424870466321,0.5754163451291663,5069,3525,1544,0.6359235475691765,0.7930978412203066,13,2,Compact MLP,missing_10pct,0.1,46,0.807367613200307,0.6882515709403594,0.02567278813711693,0.05232802337118292
0.7316946959896508,0.8022695035460993,0.7653585926928281,0.6716321243523317,0.5653186895968838,5069,3525,1544,0.6177561275860802,0.7756754641580592,13,2,Compact MLP,missing_20pct,0.2,42,0.807367613200307,0.6882515709403594,0.0420090205074789,0.07049544335427915
0.7246414602346806,0.7883687943262412,0.7551630434782609,0.6839378238341969,0.5522154852460222,5069,3525,1544,0.6150369308786242,0.7843896436571365,13,2,Compact MLP,missing_20pct,0.2,43,0.807367613200307,0.6882515709403594,0.052204569722046124,0.07321464006173517
0.7371593291404612,0.7980141843971631,0.7663806020978068,0.6496113989637305,0.5742013927167162,5069,3525,1544,0.6226353213537648,0.7749608384474207,13,2,Compact MLP,missing_20pct,0.2,44,0.807367613200307,0.6882515709403594,0.04098701110250025,0.06561624958659462
0.7339257710402509,0.796595744680851,0.7639776901101891,0.6593264248704663,0.5686346599051924,5069,3525,1544,0.6199817182964025,0.7786738071807326,13,2,Compact MLP,missing_20pct,0.2,45,0.807367613200307,0.6882515709403594,0.04338992309011791,0.06826985264395691
0.7308590708538801,0.7988652482269504,0.763350501490919,0.6716321243523317,0.5636165619373094,5069,3525,1544,0.6120232058207474,0.7754335348539132,13,2,Compact MLP,missing_20pct,0.2,46,0.807367613200307,0.6882515709403594,0.044017111709388046,0.07622836511961195
0.7255324885413859,0.7634042553191489,0.7439867293337019,0.6593264248704663,0.5520389152243412,5069,3525,1544,0.5941708925881013,0.7606305300415003,13,2,Compact MLP,missing_30pct,0.3,42,0.807367613200307,0.6882515709403594,0.06338088386660512,0.09408067835225808
0.7241939853698185,0.7582978723404256,0.7408536585365854,0.6593264248704663,0.5494857237349796,5069,3525,1544,0.5961354867159079,0.7686139294735405,13,2,Compact MLP,missing_30pct,0.3,43,0.807367613200307,0.6882515709403594,0.06651395466372167,0.0921160842244515
0.7375378683558248,0.7597163120567376,0.7484628283957518,0.6172279792746114,0.5712441663910631,5069,3525,1544,0.6075342667107633,0.7652966721334795,13,2,Compact MLP,missing_30pct,0.3,44,0.807367613200307,0.6882515709403594,0.05890478480455519,0.08071730422959611
0.7302525523911876,0.7710638297872341,0.7501034910997654,0.6502590673575129,0.5604023812148606,5069,3525,1544,0.607291551831845,0.7647299507409264,13,2,Compact MLP,missing_30pct,0.3,45,0.807367613200307,0.6882515709403594,0.05726412210054166,0.08096001910851436
0.7296786389413988,0.7665248226950354,0.7476480354178195,0.6483160621761658,0.5591043802594348,5069,3525,1544,0.5991632675559475,0.7652140384950725,13,2,Compact MLP,missing_30pct,0.3,46,0.807367613200307,0.6882515709403594,0.05971957778248749,0.08908830338441187
0.7142160448671055,0.8392550143266476,0.7717033328942169,0.7935003385240352,0.5228773379013062,4967,3490,1477,0.5840693886973711,0.7624919966066712,14,6,Logistic Regression,missing_5pct,0.05,42,0.817534114237411,0.6479578949818905,0.04583078134319407,0.06388850628451936
0.7136308805790108,0.8475644699140401,0.774852652259332,0.8036560595802302,0.5219542051669049,4967,3490,1477,0.5853332764276693,0.765590881746452,14,6,Logistic Regression,missing_5pct,0.05,43,0.817534114237411,0.6479578949818905,0.04268146197807898,0.06262461855422119
0.7182625389968802,0.857593123209169,0.7817683165730704,0.7948544346648612,0.5313693442721539,4967,3490,1477,0.5864649554874843,0.7608677600814973,14,6,Logistic Regression,missing_5pct,0.05,44,0.817534114237411,0.6479578949818905,0.035765797664340515,0.06149293949440615
0.7117776152158011,0.8363896848137535,0.7690686339085759,0.8002708192281652,0.5180594327927942,4967,3490,1477,0.5766065341928674,0.7616390509699191,14,6,Logistic Regression,missing_5pct,0.05,45,0.817534114237411,0.6479578949818905,0.04846548032883502,0.07135136078902304
0.713527851458886,0.8478510028653296,0.7749116145083148,0.8043331076506431,0.5217589476073432,4967,3490,1477,0.5922735041408571,0.7706037979429783,14,6,Logistic Regression,missing_5pct,0.05,46,0.817534114237411,0.6479578949818905,0.04262249972909615,0.05568439084103338
0.72,0.7891117478510029,0.7529733424470266,0.7251184834123223,0.5319966322193403,4967,3490,1477,0.5699031763060335,0.7465073372331137,14,6,Logistic Regression,missing_10pct,0.1,42,0.817534114237411,0.6479578949818905,0.06456077179038433,0.078054718675857
0.7155773701885818,0.7936962750716332,0.7526151338133406,0.7454299255247122,0.5241331747734604,4967,3490,1477,0.5575784764672447,0.7421079321018156,14,6,Logistic Regression,missing_10pct,0.1,43,0.817534114237411,0.6479578949818905,0.0649189804240704,0.09037941851464582
0.7167570358894914,0.7954154727793696,0.7540404726334374,0.7427217332430602,0.5263468697681547,4967,3490,1477,0.5674403897003335,0.7491903898651993,14,6,Logistic Regression,missing_10pct,0.1,44,0.817534114237411,0.6479578949818905,0.06349364160397353,0.08051750528155699
0.7116951379763469,0.7759312320916906,0.7424263193968471,0.7427217332430602,0.5166047494243151,4967,3490,1477,0.5567787255588557,0.7445857235967481,14,6,Logistic Regression,missing_10pct,0.1,45,0.817534114237411,0.6479578949818905,0.07510779484056385,0.09117916942303483
0.7127413127413127,0.7934097421203439,0.7509152542372881,0.7555856465809072,0.5189120477697183,4967,3490,1477,0.5656073159990921,0.748504190883471,14,6,Logistic Regression,missing_10pct,0.1,46,0.817534114237411,0.6479578949818905,0.06661886000012285,0.0823505789827984
0.715721865400726,0.7343839541547278,0.7249328242115683,0.6892349356804333,0.5225745092371472,4967,3490,1477,0.5423560496864046,0.7356468037964372,14,6,Logistic Regression,missing_20pct,0.2,42,0.817534114237411,0.6479578949818905,0.09260129002584261,0.10560184529548589
0.7114056890361778,0.73810888252149,0.7245113204893826,0.7075152335815843,0.5152968244699528,4967,3490,1477,0.5377840352452989,0.7305636731006109,14,6,Logistic Regression,missing_20pct,0.2,43,0.817534114237411,0.6479578949818905,0.09302279374802835,0.11017385973659155
0.719582532271354,0.7507163323782235,0.7348198008694433,0.6912660798916723,0.5297251262432756,4967,3490,1477,0.5505360125554588,0.7368839735490404,14,6,Logistic Regression,missing_20pct,0.2,44,0.817534114237411,0.6479578949818905,0.08271431336796764,0.09742188242643168
0.7117565698478562,0.7372492836676218,0.7242786769880366,0.7054840893703453,0.5158825971486383,4967,3490,1477,0.5418131502522926,0.7368588919295362,14,6,Logistic Regression,missing_20pct,0.2,45,0.817534114237411,0.6479578949818905,0.09325543724937435,0.1061447447295979
0.7155030236393622,0.7458452722063037,0.7303591470258137,0.7007447528774543,0.5225502596644247,4967,3490,1477,0.5388601342844339,0.7276648049141333,14,6,Logistic Regression,missing_20pct,0.2,46,0.817534114237411,0.6479578949818905,0.08717496721159723,0.10909776069745658
0.7180074434583452,0.7186246418338109,0.7183159100673063,0.6668923493568043,0.5258661462385033,4967,3490,1477,0.5377239933032381,0.7291025560984405,14,6,Logistic Regression,missing_30pct,0.3,42,0.817534114237411,0.6479578949818905,0.09921820417010463,0.11023390167865244
0.7085214446952596,0.7194842406876791,0.7139607620130793,0.6993906567366283,0.5100467919755254,4967,3490,1477,0.5298544249650321,0.7268398372532163,14,6,Logistic Regression,missing_30pct,0.3,43,0.817534114237411,0.6479578949818905,0.10357335222433162,0.11810347001685839
0.7218259629101283,0.7249283667621776,0.72337383845604,0.6601218686526743,0.5324032490547517,4967,3490,1477,0.5423965949719965,0.7317270135036208,14,6,Logistic Regression,missing_30pct,0.3,44,0.817534114237411,0.6479578949818905,0.09416027578137098,0.10556130000989394
0.7175702526256031,0.7243553008595989,0.7209468130614572,0.6736628300609343,0.5253462353993323,4967,3490,1477,0.5344992851225961,0.7312477973080518,14,6,Logistic Regression,missing_30pct,0.3,45,0.817534114237411,0.6479578949818905,0.09658730117595371,0.11345860985929435
0.7141246123484635,0.7257879656160459,0.719909052152906,0.6865267433987813,0.5196306111086323,4967,3490,1477,0.5329932896582362,0.7236674197013638,14,6,Logistic Regression,missing_30pct,0.3,46,0.817534114237411,0.6479578949818905,0.09762506208450494,0.11496460532365427
0.7456875308033514,0.8670487106017192,0.8018018018018018,0.6987136086662153,0.584167550967752,4967,3490,1477,0.6611630483070887,0.8206187758168046,14,6,Random Forest,missing_5pct,0.05,42,0.7936635790038932,0.6559736397444677,-0.008138222797908656,-0.005189408562621067
0.7421491658488715,0.8667621776504298,0.7996299233412636,0.7115775220040623,0.5775923278231838,4967,3490,1477,0.6608416929693699,0.8210529364432619,14,6,Random Forest,missing_5pct,0.05,43,0.7936635790038932,0.6559736397444677,-0.005966344337370422,-0.004868053224902247
0.741801272638277,0.8684813753581662,0.8001583949313622,0.7142857142857143,0.577097830536226,4967,3490,1477,0.6596771314889431,0.8214504182632358,14,6,Random Forest,missing_5pct,0.05,44,0.7936635790038932,0.6559736397444677,-0.006494815927469033,-0.0037034917444754845
0.7430538480452422,0.8659025787965616,0.7997882757708086,0.7075152335815843,0.5791936726074887,4967,3490,1477,0.6599775351958299,0.820488809706066,14,6,Random Forest,missing_5pct,0.05,45,0.7936635790038932,0.6559736397444677,-0.006124696766915405,-0.0040038954513622604
0.7409491193737769,0.8679083094555874,0.7994193718659277,0.7169939065673663,0.5754572014441106,4967,3490,1477,0.6628689572489732,0.8225110940986118,14,6,Random Forest,missing_5pct,0.05,46,0.7936635790038932,0.6559736397444677,-0.005755792862034537,-0.00689531750450556
0.7357771959057368,0.8856733524355301,0.8037966454297231,0.7515233581584293,0.5670749971385505,4967,3490,1477,0.6639951074062076,0.8245559569605061,14,6,Random Forest,missing_10pct,0.1,42,0.7936635790038932,0.6559736397444677,-0.010133066425829895,-0.008021467661739945
0.7361904761904762,0.8859598853868195,0.8041612483745123,0.7501692620176033,0.5678953116846082,4967,3490,1477,0.6639719248146848,0.8252112659527372,14,6,Random Forest,missing_10pct,0.1,43,0.7936635790038932,0.6559736397444677,-0.010497669370619134,-0.00799828507021716
0.736068294996443,0.8893982808022922,0.8055014921499936,0.7535545023696683,0.567921889216312,4967,3490,1477,0.6650780933239957,0.8267706665406251,14,6,Random Forest,missing_10pct,0.1,44,0.7936635790038932,0.6559736397444677,-0.011837913146100387,-0.009104453579528049
0.735925572519084,0.8839541547277937,0.8031762561832856,0.7494922139471902,0.5672309703903018,4967,3490,1477,0.6584757106579782,0.8211087892284132,14,6,Random Forest,missing_10pct,0.1,45,0.7936635790038932,0.6559736397444677,-0.009512677179392415,-0.0025020709135105124
0.7355175688509021,0.8876790830945559,0.8044663723708128,0.7542315504400813,0.5667237663272373,4967,3490,1477,0.6646883541911992,0.8243996487752772,14,6,Random Forest,missing_10pct,0.1,46,0.7936635790038932,0.6559736397444677,-0.010802793366919583,-0.008714714446731553
0.7250951421535706,0.928080229226361,0.8141259268568556,0.8314150304671631,0.5483325993795989,4967,3490,1477,0.6537085356556017,0.8166384016446531,14,6,Random Forest,missing_20pct,0.2,42,0.7936635790038932,0.6559736397444677,-0.020462347852962415,0.0022651040888659324
0.7287294064545249,0.925214899713467,0.8153010983461684,0.8138117806364252,0.555701559538521,4967,3490,1477,0.6624099613364812,0.8231671433383108,14,6,Random Forest,missing_20pct,0.2,43,0.7936635790038932,0.6559736397444677,-0.021637519342275202,-0.006436321592013572
0.7257412398921833,0.9257879656160458,0.8136489549231931,0.8266756939742722,0.5495561358208868,4967,3490,1477,0.6660290645678824,0.8253065239782842,14,6,Random Forest,missing_20pct,0.2,44,0.7936635790038932,0.6559736397444677,-0.01998537591929994,-0.010055424823414705
0.7282584142760334,0.92378223495702,0.8144499178981938,0.8144888287068381,0.5546467031250909,4967,3490,1477,0.6618636669621881,0.8246558646665516,14,6,Random Forest,missing_20pct,0.2,45,0.7936635790038932,0.6559736397444677,-0.020786338894300593,-0.005890027217720473
0.7260458839406208,0.9249283667621776,0.813508064516129,0.8246445497630331,0.5501419084995722,4967,3490,1477,0.658459996934854,0.8216757770996314,14,6,Random Forest,missing_20pct,0.2,46,0.7936635790038932,0.6559736397444677,-0.019844485512235832,-0.002486357190386368
0.7155153862707123,0.9527220630372493,0.817254516406538,0.8950575490859851,0.5288322569756321,4967,3490,1477,0.6406082374828554,0.8083140337639924,14,6,Random Forest,missing_30pct,0.3,42,0.7936635790038932,0.6559736397444677,-0.02359093740264484,0.015365402261612204
0.7225358228397742,0.9535816618911175,0.8221343873517787,0.8652674339878131,0.5441571139516521,4967,3490,1477,0.6479357793715673,0.8141667268591041,14,6,Random Forest,missing_30pct,0.3,43,0.7936635790038932,0.6559736397444677,-0.028470808347885512,0.00803786037290033
0.7190279887177262,0.9495702005730658,0.8183726385973576,0.8767772511848341,0.5363964746941159,4967,3490,1477,0.6519956428367732,0.8161811668845778,14,6,Random Forest,missing_30pct,0.3,44,0.7936635790038932,0.6559736397444677,-0.024709059593464477,0.003977996907694403
0.7202264315262356,0.9478510028653295,0.8185079797105035,0.8700067704807042,0.5389221161923127,4967,3490,1477,0.6565724101941324,0.8202464148442532,14,6,Random Forest,missing_30pct,0.3,45,0.7936635790038932,0.6559736397444677,-0.024844400706610315,-0.0005987704496647206
0.7155172413793104,0.9512893982808023,0.8167281672816729,0.8937034529451591,0.5287929726678215,4967,3490,1477,0.6439816440434318,0.8112034701929963,14,6,Random Forest,missing_30pct,0.3,46,0.7936635790038932,0.6559736397444677,-0.023064588277779685,0.011991995701035818
0.73475,0.8421203438395416,0.7847797062750334,0.7183480027081923,0.5618861705656747,4967,3490,1477,0.6522721849641009,0.8277793253809074,14,6,XGBoost,missing_5pct,0.05,42,0.781556660841511,0.6617946041790743,-0.0032230454335223646,0.009522419214973432
0.7345354370147759,0.8404011461318052,0.7839101964452759,0.7176709546377793,0.5613650957470129,4967,3490,1477,0.648961051306276,0.8264930314676104,14,6,XGBoost,missing_5pct,0.05,43,0.781556660841511,0.6617946041790743,-0.0023535356037649446,0.012833552872798304
0.7309236947791165,0.8343839541547278,0.7792346802247793,0.7257955314827352,0.5542942113359962,4967,3490,1477,0.6502720802059468,0.8277907933819266,14,6,XGBoost,missing_5pct,0.05,44,0.781556660841511,0.6617946041790743,0.0023219806167317225,0.011522523973127474
0.7318238993710692,0.8335243553008596,0.779370395177495,0.7217332430602573,0.5558955561203012,4967,3490,1477,0.6543223408403545,0.8270489495676343,14,6,XGBoost,missing_5pct,0.05,45,0.781556660841511,0.6617946041790743,0.0021862656640160294,0.0074722633387198645
0.735543369890329,0.8455587392550143,0.7867235403892295,0.7183480027081923,0.563605368273411,4967,3490,1477,0.65493973496187,0.8329219763172455,14,6,XGBoost,missing_5pct,0.05,46,0.781556660841511,0.6617946041790743,-0.00516687954771855,0.006854869217204351
0.7311402423942617,0.8469914040114613,0.7848134873224479,0.7359512525389302,0.5555200757362655,4967,3490,1477,0.6450059459952315,0.8190885784705091,14,6,XGBoost,missing_10pct,0.1,42,0.781556660841511,0.6617946041790743,-0.0032568264809369474,0.016788658183842786
0.7287207565953211,0.8389684813753582,0.7799680340969632,0.7379823967501693,0.5504930423125944,4967,3490,1477,0.6304163360641586,0.8106286321571738,14,6,XGBoost,missing_10pct,0.1,43,0.781556660841511,0.6617946041790743,0.0015886267445477387,0.03137826811491573
0.728927680798005,0.8375358166189112,0.7794666666666666,0.7359512525389302,0.5507922820399904,4967,3490,1477,0.6370427743063167,0.8140152357183525,14,6,XGBoost,missing_10pct,0.1,44,0.781556660841511,0.6617946041790743,0.002089994174844345,0.02475182987275759
0.7317012240819385,0.8392550143266476,0.7817963432537035,0.7271496276235613,0.5560526933515432,4967,3490,1477,0.6396212798730486,0.8102395369084971,14,6,XGBoost,missing_10pct,0.1,45,0.781556660841511,0.6617946041790743,-0.00023968241219252118,0.0221733243060257
0.7276351856466484,0.836676217765043,0.778355324536852,0.7400135409614083,0.5483313384018174,4967,3490,1477,0.638151173776318,0.8153120919480213,14,6,XGBoost,missing_10pct,0.1,46,0.781556660841511,0.6617946041790743,0.0032013363046590193,0.023643430402756294
0.7302211302211302,0.8515759312320917,0.7862433862433862,0.7433987813134733,0.5540885749593092,4967,3490,1477,0.6219606070541037,0.7919739478855506,14,6,XGBoost,missing_20pct,0.2,42,0.781556660841511,0.6617946041790743,-0.0046867254018752025,0.0398339971249706
0.7261904761904762,0.8389684813753582,0.7785163520340335,0.7474610697359513,0.5457537058197035,4967,3490,1477,0.618390584957893,0.7957317385452662,14,6,XGBoost,missing_20pct,0.2,43,0.781556660841511,0.6617946041790743,0.003040308807477521,0.04340401922118131
0.7280293757649938,0.8521489971346705,0.7852145214521452,0.7522004062288422,0.5499742954529141,4967,3490,1477,0.618679348869873,0.792315221780268,14,6,XGBoost,missing_20pct,0.2,44,0.781556660841511,0.6617946041790743,-0.0036578606106342226,0.04311525530920135
0.7279177881086372,0.8524355300859598,0.7852712155206546,0.7528774542992552,0.5497790378933523,4967,3490,1477,0.6232891926444256,0.7922890921424098,14,6,XGBoost,missing_20pct,0.2,45,0.781556660841511,0.6617946041790743,-0.0037145546791436113,0.038505411534648704
0.7241040746195385,0.8452722063037249,0.7800105764145955,0.7610020311442113,0.5421350875797568,4967,3490,1477,0.6123805708543415,0.7908629420361668,14,6,XGBoost,missing_20pct,0.2,46,0.781556660841511,0.6617946041790743,0.001546084426915506,0.04941403332473282
0.7247395202326145,0.8570200573065903,0.785348562426152,0.7691266079891672,0.5439467246587115,4967,3490,1477,0.5952077024402831,0.7728101864665984,14,6,XGBoost,missing_30pct,0.3,42,0.781556660841511,0.6617946041790743,-0.003791901584641044,0.06658690173879123
0.7192224622030238,0.8587392550143267,0.7828131121849288,0.7921462423832092,0.5332965063155587,4967,3490,1477,0.5873921621501029,0.7696801830808178,14,6,XGBoost,missing_30pct,0.3,43,0.781556660841511,0.6617946041790743,-0.001256451343417786,0.0744024420289714
0.7221684414327202,0.8550143266475645,0.7829965888218315,0.7772511848341233,0.5388815709067206,4967,3490,1477,0.6021999212373879,0.7792980805138993,14,6,XGBoost,missing_30pct,0.3,44,0.781556660841511,0.6617946041790743,-0.0014399279803205545,0.05959468294168646
0.7276502198339033,0.8535816618911175,0.7856012658227848,0.7549085985104943,0.5493365316903116,4967,3490,1477,0.6105978392660721,0.7808230514888101,14,6,XGBoost,missing_30pct,0.3,45,0.781556660841511,0.6617946041790743,-0.004044604981273792,0.05119676491300218
0.7209978202954711,0.8530085959885387,0.781467384171151,0.7799593771157752,0.5365246094363818,4967,3490,1477,0.5930332917533994,0.770127409650409,14,6,XGBoost,missing_30pct,0.3,46,0.781556660841511,0.6617946041790743,8.927667035996123e-05,0.06876131242567496
0.7284136546184738,0.8315186246418338,0.7765587369547765,0.7325660121868652,0.5494763062274842,4967,3490,1477,0.6294338403757327,0.8171847756020321,14,6,Compact MLP,missing_5pct,0.05,42,0.7982512536967983,0.6497645851480097,0.021692516742021772,0.020330744772277032
0.7249376558603491,0.8329512893982808,0.7752,0.7467840216655383,0.5430836338663713,4967,3490,1477,0.6320185538330815,0.8196772525395881,14,6,Compact MLP,missing_5pct,0.05,43,0.7982512536967983,0.6497645851480097,0.02305125369679828,0.017746031314928246
0.7281626506024096,0.8312320916905445,0.7762911426277763,0.7332430602572783,0.5489945157166332,4967,3490,1477,0.6224178569973597,0.8093691059132642,14,6,Compact MLP,missing_5pct,0.05,44,0.7982512536967983,0.6497645851480097,0.02196011106902196,0.02734672815064998
0.7235528942115769,0.830945558739255,0.7735396105628167,0.7501692620176033,0.5403881483608259,4967,3490,1477,0.6202107578864461,0.8112257091832316,14,6,Compact MLP,missing_5pct,0.05,45,0.7982512536967983,0.6497645851480097,0.024711643133981553,0.029553827261563637
0.7236017055430148,0.826647564469914,0.771699879630868,0.7461069735951252,0.5402702954373944,4967,3490,1477,0.6236605991002439,0.8174967360992227,14,6,Compact MLP,missing_5pct,0.05,46,0.7982512536967983,0.6497645851480097,0.026551374065930333,0.02610398604776587
0.7225601692673895,0.7828080229226361,0.7514784761380828,0.7102234258632363,0.5362922985296998,4967,3490,1477,0.6073346227639469,0.8024250031370876,14,6,Compact MLP,missing_10pct,0.1,42,0.7982512536967983,0.6497645851480097,0.04677277755871545,0.042429962384062825
0.721958925750395,0.78567335243553,0.752469813391877,0.7149627623561273,0.5353552950397014,4967,3490,1477,0.6101456332339424,0.801727589940306,14,6,Compact MLP,missing_10pct,0.1,43,0.7982512536967983,0.6497645851480097,0.04578144030492126,0.03961895191406728
0.7249001331557923,0.7799426934097421,0.7514147688060732,0.6993906567366283,0.5402760183365569,4967,3490,1477,0.6001472434055712,0.7920399569292405,14,6,Compact MLP,missing_10pct,0.1,44,0.7982512536967983,0.6497645851480097,0.046836484890725116,0.04961734174243848
0.725706594885599,0.7724928366762178,0.7483691880638446,0.6899119837508463,0.5412904264626858,4967,3490,1477,0.6068513772787324,0.7983542395206269,14,6,Compact MLP,missing_10pct,0.1,45,0.7982512536967983,0.6497645851480097,0.04988206563295372,0.042913207869277326
0.7205414012738853,0.7779369627507163,0.7481399834665197,0.7129316181448883,0.532502672302914,4967,3490,1477,0.6022086510835678,0.7988480673841464,14,6,Compact MLP,missing_10pct,0.1,46,0.7982512536967983,0.6497645851480097,0.050111270230278615,0.04755593406444192
0.7267679719462303,0.7126074498567335,0.7196180555555556,0.6330399458361544,0.5397837520102896,4967,3490,1477,0.5871071811714678,0.7819881716932948,14,6,Compact MLP,missing_20pct,0.2,42,0.7982512536967983,0.6497645851480097,0.0786331981412427,0.06265740397654196
0.7240884295147861,0.7226361031518624,0.7233615373583824,0.6506431956668923,0.5359964537424851,4967,3490,1477,0.5904850496534251,0.7865206817362833,14,6,Compact MLP,missing_20pct,0.2,43,0.7982512536967983,0.6497645851480097,0.0748897163384159,0.059279535494584645
0.7215447154471545,0.7120343839541547,0.7167580040380732,0.6492890995260664,0.5313726422140442,4967,3490,1477,0.5774735049168433,0.7723867878971842,14,6,Compact MLP,missing_20pct,0.2,44,0.7982512536967983,0.6497645851480097,0.08149324965872506,0.07229108023116637
0.7278517660683266,0.7203438395415472,0.7240783410138248,0.6364251861882194,0.5419593266766639,4967,3490,1477,0.5923540127222958,0.7826815460716761,14,6,Compact MLP,missing_20pct,0.2,45,0.7982512536967983,0.6497645851480097,0.07417291268297344,0.0574105724257139
0.7201514269073966,0.708595988538682,0.7143269786250722,0.6506431956668923,0.5289763964358949,4967,3490,1477,0.5699745670481287,0.7698619345316228,14,6,Compact MLP,missing_20pct,0.2,46,0.7982512536967983,0.6497645851480097,0.08392427507172606,0.07979001809988107
0.7219604147031102,0.6584527220630373,0.6887456915929867,0.5991875423155044,0.5296325898737664,4967,3490,1477,0.5602099431008025,0.757042424923798,14,6,Compact MLP,missing_30pct,0.3,42,0.7982512536967983,0.6497645851480097,0.10950556210381157,0.0895546420472072
0.7267061389841072,0.6681948424068768,0.6962233169129721,0.5937711577522004,0.5372118423273382,4967,3490,1477,0.572176622247916,0.767165109985673,14,6,Compact MLP,missing_30pct,0.3,43,0.7982512536967983,0.6497645851480097,0.10202793678382616,0.07758796290009373
0.7213062777425492,0.6518624641833811,0.6848284166164961,0.5951252538930264,0.5283686051451774,4967,3490,1477,0.5601455362356516,0.7586064488522983,14,6,Compact MLP,missing_30pct,0.3,44,0.7982512536967983,0.6497645851480097,0.11342283708030221,0.08961904891235817
0.731829573934837,0.6693409742120344,0.6991918587249326,0.5795531482735274,0.5448939129692535,4967,3490,1477,0.5812263687913819,0.770065048730501,14,6,Compact MLP,missing_30pct,0.3,45,0.7982512536967983,0.6497645851480097,0.09905939497186567,0.06853821635662782
0.7209892200380469,0.6515759312320917,0.6845273931366647,0.5958023019634394,0.5278868146343261,4967,3490,1477,0.5594058272693236,0.7568709930179054,14,6,Compact MLP,missing_30pct,0.3,46,0.7982512536967983,0.6497645851480097,0.11372386056013362,0.09035875787868608
0.7925570228091237,0.8538541127780652,0.8220645000622587,0.7854545454545454,0.5341997836617599,4966,3866,1100,0.6323971217608051,0.8492503899871684,15,1,Logistic Regression,missing_5pct,0.05,42,0.8682152713891444,0.7185122042985468,0.04615077132688572,0.0861150825377417
0.793528133301135,0.8499741334712881,0.8207818159110778,0.7772727272727272,0.5363507030992805,4966,3866,1100,0.6362554672435686,0.854698930645108,15,1,Logistic Regression,missing_5pct,0.05,43,0.8682152713891444,0.7185122042985468,0.047433455478066655,0.08225673705497816
0.7930622009569378,0.8574754267977237,0.8240119313944817,0.7863636363636364,0.5355558952170436,4966,3866,1100,0.6417466961388327,0.8573101869460172,15,1,Logistic Regression,missing_5pct,0.05,44,0.8682152713891444,0.7185122042985468,0.04420333999466275,0.07676550815971406
0.7900726392251816,0.8440248318675634,0.8161580790395198,0.7881818181818182,0.5279215068428726,4966,3866,1100,0.6210696985373654,0.8424838259315024,15,1,Logistic Regression,missing_5pct,0.05,45,0.8682152713891444,0.7185122042985468,0.05205719234962469,0.09744250576118141
0.7893346144607254,0.8499741334712881,0.8185328185328186,0.7972727272727272,0.5263507030992804,4966,3866,1100,0.6329882895170014,0.8509291994922119,15,1,Logistic Regression,missing_5pct,0.05,46,0.8682152713891444,0.7185122042985468,0.04968245285632589,0.08552391478154542
0.7889602053915276,0.7948784273150543,0.7919082592449427,0.7472727272727273,0.5238028500211636,4966,3866,1100,0.5880580115693929,0.8233596622477091,15,1,Logistic Regression,missing_10pct,0.1,42,0.8682152713891444,0.7185122042985468,0.07630701214420177,0.13045419272915393
0.7939110070257611,0.789187790998448,0.7915423530937865,0.72,0.534593895499224,4966,3866,1100,0.5912442976061704,0.8287707485928435,15,1,Logistic Regression,missing_10pct,0.1,43,0.8682152713891444,0.7185122042985468,0.07667291829535794,0.12726790669237642
0.7956989247311828,0.8039317123642007,0.7997941327843541,0.7254545454545455,0.5392385834548277,4966,3866,1100,0.6053440248318676,0.8344427339876754,15,1,Logistic Regression,missing_10pct,0.1,44,0.8682152713891444,0.7185122042985468,0.06842113860479038,0.11316817946667923
0.7943852352482453,0.7904811174340404,0.7924283676909114,0.7190909090909091,0.5356951041715656,4966,3866,1100,0.5927942905516626,0.8279101882047938,15,1,Logistic Regression,missing_10pct,0.1,45,0.8682152713891444,0.7185122042985468,0.07578690369823304,0.12571791374688424
0.7914204983303365,0.7969477496120021,0.7941745070241011,0.7381818181818182,0.5293829657150919,4966,3866,1100,0.5917489300663124,0.8242987270998038,15,1,Logistic Regression,missing_10pct,0.1,46,0.8682152713891444,0.7185122042985468,0.07404076436504337,0.12676327423223444
0.789516567083107,0.7519399896533885,0.7702702702702703,0.7045454545454546,0.523697267553967,4966,3866,1100,0.560209518882566,0.8094009631922531,15,1,Logistic Regression,missing_20pct,0.2,42,0.8682152713891444,0.7185122042985468,0.09794500111887416,0.1583026854159808
0.7937551355792933,0.7496120020693223,0.7710522814952774,0.6845454545454546,0.5325332737619339,4966,3866,1100,0.5534625875934722,0.8062939038727113,15,1,Logistic Regression,missing_20pct,0.2,43,0.8682152713891444,0.7185122042985468,0.09716298989386707,0.16504961670507456
0.7959738846572362,0.7568546301086394,0.7759215062317688,0.6818181818181818,0.5375182241452288,4966,3866,1100,0.5688218971923058,0.8108675949135822,15,1,Logistic Regression,missing_20pct,0.2,44,0.8682152713891444,0.7185122042985468,0.09229376515737564,0.14969030710624098
0.7901000811468758,0.7555613036730471,0.7724447970382123,0.7054545454545454,0.5250533791092509,4966,3866,1100,0.5557054507830503,0.8056167570875234,15,1,Logistic Regression,missing_20pct,0.2,45,0.8682152713891444,0.7185122042985468,0.09577047435093211,0.16280675351549645
0.7937721933897842,0.75168132436627,0.7721535804437358,0.6863636363636364,0.5326588440013168,4966,3866,1100,0.5675278653059305,0.8133414635156657,15,1,Logistic Regression,missing_20pct,0.2,46,0.8682152713891444,0.7185122042985468,0.09606169094540862,0.15098433899261632
0.7862937062937063,0.7271081220900155,0.755543609729875,0.6945454545454546,0.5162813337722805,4966,3866,1100,0.5378246249353337,0.7981322094892075,15,1,Logistic Regression,missing_30pct,0.3,42,0.8682152713891444,0.7185122042985468,0.11267166165926945,0.1806875793632131
0.7913385826771654,0.727884117951371,0.7582861762328214,0.6745454545454546,0.5266693317029583,4966,3866,1100,0.5521531533650003,0.8061261156101789,15,1,Logistic Regression,missing_30pct,0.3,43,0.8682152713891444,0.7185122042985468,0.1099290951563231,0.16635905093354653
0.789225215217995,0.7351267459906881,0.7612160171420919,0.69,0.522563372995344,4966,3866,1100,0.5492470488642243,0.8020760606584652,15,1,Logistic Regression,missing_30pct,0.3,44,0.8682152713891444,0.7185122042985468,0.10699925424705259,0.16926515543432252
0.7914349276974416,0.7361614071391619,0.7627981774323238,0.6818181818181818,0.5271716126604901,4966,3866,1100,0.5471833701735409,0.801064915920974,15,1,Logistic Regression,missing_30pct,0.3,45,0.8682152713891444,0.7185122042985468,0.10541709395682064,0.17132883412500588
0.7982037608756666,0.735644076564925,0.7656481356844798,0.6536363636363637,0.5410038564642807,4966,3866,1100,0.5626442646851337,0.8108841644015182,15,1,Logistic Regression,missing_30pct,0.3,46,0.8682152713891444,0.7185122042985468,0.10256713570466469,0.15586793961341305
0.8192682926829268,0.8688566994309364,0.8433341702234497,0.6736363636363636,0.5976101678972864,4966,3866,1100,0.69953745943658,0.8897821713633688,15,1,Random Forest,missing_5pct,0.05,42,0.8339060710194731,0.6937648732540094,-0.009428099203976581,-0.005772586182570594
0.8198924731182796,0.8678220382824625,0.8431766775571752,0.67,0.5989110191412312,4966,3866,1100,0.7000130508394864,0.8912667724858455,15,1,Random Forest,missing_5pct,0.05,43,0.8339060710194731,0.6937648732540094,-0.009270606537702064,-0.006248177585477022
0.8181818181818182,0.8683393688566994,0.8425147446354624,0.6781818181818182,0.5950787753374406,4966,3866,1100,0.6949419178855288,0.8873161193806858,15,1,Random Forest,missing_5pct,0.05,44,0.8339060710194731,0.6937648732540094,-0.00860867361598927,-0.0011770446315194638
0.8192062714355708,0.8649767201241594,0.8414695520885758,0.6709090909090909,0.5970338146075342,4966,3866,1100,0.6987160795748484,0.8907179111882595,15,1,Random Forest,missing_5pct,0.05,45,0.8339060710194731,0.6937648732540094,-0.007563481069102651,-0.004951206320839008
0.8191541079241614,0.8717020175892395,0.8446115288220551,0.6763636363636364,0.5976691906128015,4966,3866,1100,0.6947281662982645,0.8888543540275379,15,1,Random Forest,missing_5pct,0.05,46,0.8339060710194731,0.6937648732540094,-0.01070545780258203,-0.0009632930442551313
0.8158646974749881,0.8859286083807553,0.8494543650793651,0.7027272727272728,0.5916006678267413,4966,3866,1100,0.7001684851620185,0.8933609103623941,15,1,Random Forest,missing_10pct,0.1,42,0.8339060710194731,0.6937648732540094,-0.015548294059891998,-0.006403611908009088
0.8146294972599476,0.8843766166580445,0.8480714374302368,0.7072727272727273,0.5885519446926586,4966,3866,1100,0.7013016742698585,0.8928257670794344,15,1,Random Forest,missing_10pct,0.1,43,0.8339060710194731,0.6937648732540094,-0.014165366410763713,-0.007536801015849082
0.8146294972599476,0.8843766166580445,0.8480714374302368,0.7072727272727273,0.5885519446926586,4966,3866,1100,0.6970844894887833,0.8909701839394473,15,1,Random Forest,missing_10pct,0.1,44,0.8339060710194731,0.6937648732540094,-0.014165366410763713,-0.0033196162347739477
0.8147619047619048,0.8851526125193999,0.8484998760228118,0.7072727272727273,0.5889399426233364,4966,3866,1100,0.6981367869068335,0.8903201466480662,15,1,Random Forest,missing_10pct,0.1,45,0.8339060710194731,0.6937648732540094,-0.014593805003338733,-0.004371913652824078
0.8141025641025641,0.8869632695292292,0.8489725179499876,0.7118181818181818,0.5875725438555237,4966,3866,1100,0.6967421107087428,0.8905362267996428,15,1,Random Forest,missing_10pct,0.1,46,0.8339060710194731,0.6937648732540094,-0.01506644693051451,-0.002977237454733439
0.8057635579759473,0.9185204345576824,0.8584552157621177,0.7781818181818182,0.5701693081879321,4966,3866,1100,0.6884090909090909,0.8865054311303524,15,1,Random Forest,missing_20pct,0.2,42,0.8339060710194731,0.6937648732540094,-0.02454914474264458,0.005355782344918514
0.8063858695652174,0.921107087428867,0.8599372132335185,0.7772727272727272,0.5719171800780699,4966,3866,1100,0.6975265719794949,0.8915031911718423,15,1,Random Forest,missing_20pct,0.2,43,0.8339060710194731,0.6937648732540094,-0.026031142214045344,-0.003761698725485485
0.8043380027112517,0.9208484221417486,0.8586589483839846,0.7872727272727272,0.5667878474345106,4966,3866,1100,0.6818234726990546,0.8842945233870394,15,1,Random Forest,missing_20pct,0.2,44,0.8339060710194731,0.6937648732540094,-0.024752877364511483,0.01194140055495474
0.8057944771389769,0.9208484221417486,0.8594881699661999,0.78,0.5704242110708743,4966,3866,1100,0.6900197526219254,0.8872130325328329,15,1,Random Forest,missing_20pct,0.2,45,0.8339060710194731,0.6937648732540094,-0.025582098946726806,0.003745120632083987
0.8073187259995482,0.9244697361614072,0.861931749668395,0.7754545454545455,0.5745075953534309,4966,3866,1100,0.6888371819592719,0.8873931131756511,15,1,Random Forest,missing_20pct,0.2,46,0.8339060710194731,0.6937648732540094,-0.028025678648921915,0.0049276912947374685
0.7981570864414217,0.9410243145369891,0.8637226970560304,0.8363636363636363,0.5523303390866764,4966,3866,1100,0.674055048676104,0.8789322489358503,15,1,Random Forest,missing_30pct,0.3,42,0.8339060710194731,0.6937648732540094,-0.029816626036557325,0.019709824577905377
0.7966470716307424,0.946456285566477,0.865114079678449,0.8490909090909091,0.548682688237784,4966,3866,1100,0.6779932276724827,0.8820442300715063,15,1,Random Forest,missing_30pct,0.3,43,0.8339060710194731,0.6937648732540094,-0.031208008658975883,0.01577164558152666
0.7952567449956484,0.9454216244180031,0.8638619711652091,0.8554545454545455,0.5449835394817288,4966,3866,1100,0.654867022527395,0.871730724799852,15,1,Random Forest,missing_30pct,0.3,44,0.8339060710194731,0.6937648732540094,-0.029955900145736014,0.038897850726614336
0.7957437472575691,0.938178996378686,0.8611111111111112,0.8463636363636363,0.5459076800075248,4966,3866,1100,0.662913746884259,0.8737271479784425,15,1,Random Forest,missing_30pct,0.3,45,0.8339060710194731,0.6937648732540094,-0.027205040091638044,0.030851126369750403
0.7962600565340291,0.9472322814278323,0.8652096869462492,0.8518181818181818,0.5477070498048253,4966,3866,1100,0.669469265860885,0.8786393253304725,15,1,Random Forest,missing_30pct,0.3,46,0.8339060710194731,0.6937648732540094,-0.03130361592677611,0.02429560739312442
0.816985348894959,0.851008794619762,0.8336500696819967,0.67,0.590504397309881,4966,3866,1100,0.7089527583125617,0.8994392406474422,15,1,XGBoost,missing_5pct,0.05,42,0.8289574305378536,0.7263972628509616,-0.004692639144143085,0.017444504538399963
0.8153692614770459,0.8453181583031557,0.8300736601473203,0.6727272727272727,0.5862954427879414,4966,3866,1100,0.7034818699148756,0.8979450698222124,15,1,XGBoost,missing_5pct,0.05,43,0.8289574305378536,0.7263972628509616,-0.001116229609466668,0.02291539293608602
0.8138840507588952,0.8460941541645112,0.8296766011414077,0.68,0.5830470770822556,4966,3866,1100,0.7055016930818793,0.9020068008635057,15,1,XGBoost,missing_5pct,0.05,44,0.8289574305378536,0.7263972628509616,-0.0007191706035540868,0.020895569769082356
0.8147965474722565,0.8546301086394206,0.8342381012498422,0.6827272727272727,0.5859514179560739,4966,3866,1100,0.7106719418708555,0.898358826708977,15,1,XGBoost,missing_5pct,0.05,45,0.8289574305378536,0.7263972628509616,-0.0052806707119885665,0.01572532098010615
0.8136182902584493,0.8468701500258665,0.8299112801013941,0.6818181818181818,0.5825259841038424,4966,3866,1100,0.7056164464092555,0.9002340775465876,15,1,XGBoost,missing_5pct,0.05,46,0.8289574305378536,0.7263972628509616,-0.0009538495635404987,0.02078081644170615
0.8104671068720959,0.8572167615106053,0.8331866750471402,0.7045454545454546,0.5763356534825754,4966,3866,1100,0.6833326670742604,0.8833119239865752,15,1,XGBoost,missing_10pct,0.1,42,0.8289574305378536,0.7263972628509616,-0.004229244509286523,0.04306459577670119
0.8087836170737726,0.8479048111743404,0.8278823083722692,0.7045454545454546,0.5716796783144429,4966,3866,1100,0.6882109768141842,0.8837913219569841,15,1,XGBoost,missing_10pct,0.1,43,0.8289574305378536,0.7263972628509616,0.0010751221655844745,0.03818628603677743
0.8073236667485869,0.8497154681841697,0.8279773156899811,0.7127272727272728,0.5684940977284485,4966,3866,1100,0.6759598833654705,0.8820465758254002,15,1,XGBoost,missing_10pct,0.1,44,0.8289574305378536,0.7263972628509616,0.0009801148478725263,0.050437379485491096
0.8116898997309856,0.8585100879461977,0.8344437460716531,0.7,0.5792550439730988,4966,3866,1100,0.6957418990735079,0.8870229081518162,15,1,XGBoost,missing_10pct,0.1,45,0.8289574305378536,0.7263972628509616,-0.005486315533799413,0.030655363777453704
0.809640924741761,0.851526125193999,0.8300554715078164,0.7036363636363636,0.5739448807788177,4966,3866,1100,0.6927149273385693,0.8888484501567345,15,1,XGBoost,missing_10pct,0.1,46,0.8289574305378536,0.7263972628509616,-0.001098040969962799,0.0336823355123923
0.7974439353749698,0.855406104500776,0.8254087108448771,0.7636363636363637,0.5458848704322062,4966,3866,1100,0.6395387527630155,0.86093764708395,15,1,XGBoost,missing_20pct,0.2,42,0.8289574305378536,0.7263972628509616,0.003548719692976543,0.0868585100879461
0.8030009680542111,0.8582514226590792,0.8297074268567142,0.74,0.5591257113295396,4966,3866,1100,0.6601869444575084,0.867603850647914,15,1,XGBoost,missing_20pct,0.2,43,0.8289574305378536,0.7263972628509616,-0.0007499963188605241,0.06621031839345326
0.7958494208494209,0.8530781169167098,0.8234706616729088,0.769090909090909,0.5419936039129003,4966,3866,1100,0.638531251469689,0.8569936482011679,15,1,XGBoost,missing_20pct,0.2,44,0.8289574305378536,0.7263972628509616,0.005486768864944813,0.08786601138127259
0.805930568948891,0.8647180548370409,0.8342899925131021,0.7318181818181818,0.5664499365094295,4966,3866,1100,0.6598981799369797,0.8665739061264297,15,1,XGBoost,missing_20pct,0.2,45,0.8289574305378536,0.7263972628509616,-0.005332561975248451,0.06649908291398188
0.8048543689320389,0.8577340920848422,0.8304532932632106,0.730909090909091,0.5634125005878756,4966,3866,1100,0.6517609227296242,0.8646661060156855,15,1,XGBoost,missing_20pct,0.2,46,0.8289574305378536,0.7263972628509616,-0.0014958627253569556,0.07463634012133746
0.7934160305343512,0.860320744956027,0.8255150161330355,0.7872727272727272,0.5365240088416499,4966,3866,1100,0.6180973992381131,0.8470958173036133,15,1,XGBoost,missing_30pct,0.3,42,0.8289574305378536,0.7263972628509616,0.0034424144048181837,0.10829986361284849
0.7978698224852071,0.871960682876358,0.8332715362748733,0.7763636363636364,0.5477985232563608,4966,3866,1100,0.6320267600997038,0.8502623675934595,15,1,XGBoost,missing_30pct,0.3,43,0.8289574305378536,0.7263972628509616,-0.0043141057370196245,0.0943705027512578
0.7938659058487875,0.863683393688567,0.8273042616451932,0.7881818181818182,0.5377507877533744,4966,3866,1100,0.6054594836100269,0.8379662521737321,15,1,XGBoost,missing_30pct,0.3,44,0.8289574305378536,0.7263972628509616,0.0016531688926604282,0.12093777924093474
0.7979052606522257,0.867046042421107,0.8310400396677823,0.7718181818181818,0.5476139303014627,4966,3866,1100,0.6219733809904529,0.8458364125959722,15,1,XGBoost,missing_30pct,0.3,45,0.8289574305378536,0.7263972628509616,-0.0020826091299286364,0.10442388186050877
0.8003312041637095,0.8750646663217796,0.8360311380205115,0.7672727272727272,0.5538959695245261,4966,3866,1100,0.6351864741569863,0.8524020073624772,15,1,XGBoost,missing_30pct,0.3,46,0.8289574305378536,0.7263972628509616,-0.007073707482657898,0.09121078869397536
0.8052657724788872,0.8385928608380755,0.82159148504815,0.7127272727272728,0.5629327940554014,4966,3866,1100,0.6655812914452335,0.881982268576459,15,1,Compact MLP,missing_5pct,0.05,42,0.8480981595092024,0.7016568687391244,0.02650667446105237,0.03607557729389088
0.8093819806403574,0.8435075012933264,0.8260924635845471,0.6981818181818182,0.5726628415557541,4966,3866,1100,0.6803643653294456,0.8885829168604971,15,1,Compact MLP,missing_5pct,0.05,43,0.8480981595092024,0.7016568687391244,0.02200569592465529,0.02129250340967881
0.8060440921476344,0.8416968442834971,0.8234847526255852,0.7118181818181818,0.5649393312326576,4966,3866,1100,0.6741955509570615,0.8855447929003876,15,1,Compact MLP,missing_5pct,0.05,44,0.8480981595092024,0.7016568687391244,0.02461340688361724,0.027461317782062844
0.8049140049140049,0.8473874806001035,0.8256048387096774,0.7218181818181818,0.5627846493909608,4966,3866,1100,0.6651676621361049,0.8816131724878086,15,1,Compact MLP,missing_5pct,0.05,45,0.8480981595092024,0.7016568687391244,0.02249332079952504,0.036489206603019464
0.8062344139650873,0.8362648732540093,0.8209751142712036,0.7063636363636364,0.5649506184451865,4966,3866,1100,0.665869115364718,0.879716161057627,15,1,Compact MLP,missing_5pct,0.05,46,0.8480981595092024,0.7016568687391244,0.0271230452379988,0.03578775337440632
0.8046692607003891,0.8023797206414899,0.8035228597331951,0.6845454545454546,0.5589171330480176,4966,3866,1100,0.6365195409866905,0.86147102861387,15,1,Compact MLP,missing_10pct,0.1,42,0.8480981595092024,0.7016568687391244,0.04457529977600727,0.06513732775243386
0.8042575285565939,0.801345059493016,0.8027986525006479,0.6854545454545454,0.5579452570192354,4966,3866,1100,0.6486706955744721,0.8689261589278545,15,1,Compact MLP,missing_10pct,0.1,43,0.8480981595092024,0.7016568687391244,0.04529950700855456,0.05298617316465226
0.8068568437581785,0.797465080186239,0.802133472095746,0.6709090909090909,0.563277994638574,4966,3866,1100,0.6468953111037954,0.8690036260019142,15,1,Compact MLP,missing_10pct,0.1,44,0.8480981595092024,0.7016568687391244,0.045964687413456384,0.05476155763532897
0.800934336880353,0.7982410760475944,0.7995854385283068,0.6972727272727273,0.5504841743874336,4966,3866,1100,0.6334759911583503,0.8646580635106428,15,1,Compact MLP,missing_10pct,0.1,45,0.8480981595092024,0.7016568687391244,0.04851272098089565,0.06818087758077407
0.8054040010392309,0.801862390067253,0.8036292935839274,0.6809090909090909,0.560476649579081,4966,3866,1100,0.6454612472369844,0.8682948882549638,15,1,Compact MLP,missing_10pct,0.1,46,0.8480981595092024,0.7016568687391244,0.04446886592527499,0.05619562150213997
0.8036996134732192,0.7529746508018624,0.7775106837606838,0.6463636363636364,0.5533055072191131,4966,3866,1100,0.6058521845459248,0.8407186821049043,15,1,Compact MLP,missing_20pct,0.2,42,0.8480981595092024,0.7016568687391244,0.07058747574851865,0.09580468419319954
0.8092178770949721,0.7493533367822038,0.7781359118990062,0.6209090909090909,0.5642221229365565,4966,3866,1100,0.6267532803461411,0.8544770602938453,15,1,Compact MLP,missing_20pct,0.2,43,0.8480981595092024,0.7016568687391244,0.0699622476101962,0.07490358839298328
0.8044077134986226,0.7553026383859286,0.7790821771611526,0.6454545454545455,0.5549240464656916,4966,3866,1100,0.6076646051827117,0.8422903189488986,15,1,Compact MLP,missing_20pct,0.2,44,0.8480981595092024,0.7016568687391244,0.06901598234804984,0.09399226355641266
0.794766966475879,0.7542679772374548,0.7739880557398806,0.6845454545454546,0.5348612613460001,4966,3866,1100,0.5954166862625216,0.841852684284327,15,1,Compact MLP,missing_20pct,0.2,45,0.8480981595092024,0.7016568687391244,0.07411010376932181,0.10624018247660272
0.8042151968940654,0.7501293326435592,0.7762312633832976,0.6418181818181818,0.5541555754126887,4966,3866,1100,0.6135453604853502,0.849031971166563,15,1,Compact MLP,missing_20pct,0.2,46,0.8480981595092024,0.7016568687391244,0.0718668961259048,0.08811150825377412
0.8020924149956408,0.7139161924469736,0.7554399890515944,0.6190909090909091,0.5474126416780323,4966,3866,1100,0.5906738230729436,0.8321522775629464,15,1,Compact MLP,missing_30pct,0.3,42,0.8480981595092024,0.7016568687391244,0.09265817045760805,0.11098304566618078
0.810504933255949,0.7224521469218831,0.7639496717724289,0.5936363636363636,0.5644078916427597,4966,3866,1100,0.6026049945915439,0.8382269414176718,15,1,Compact MLP,missing_30pct,0.3,43,0.8480981595092024,0.7016568687391244,0.08414848773677353,0.09905187414758043
0.79700977573318,0.7170201758923952,0.7549019607843137,0.6418181818181818,0.5376009970371067,4966,3866,1100,0.57604300898274,0.8243847741579657,15,1,Compact MLP,missing_30pct,0.3,44,0.8480981595092024,0.7016568687391244,0.09319619872488871,0.1256138597563844
0.7997150997150997,0.7260734609415417,0.761117136659436,0.639090909090909,0.5434912759253163,4966,3866,1100,0.5825485585289,0.8310401348638261,15,1,Compact MLP,missing_30pct,0.3,45,0.8480981595092024,0.7016568687391244,0.08698102284976639,0.11910831021022439
0.804297994269341,0.7260734609415417,0.7631865144100054,0.6209090909090909,0.5525821850162254,4966,3866,1100,0.5902718337017354,0.8302746494553604,15,1,Compact MLP,missing_30pct,0.3,46,0.8480981595092024,0.7016568687391244,0.08491164509919702,0.11138503503738895
